ID	NUMBER	ENGLISH	CONCEPTICON_ID	CONCEPTICON_GLOSS
Zalizniak-2020-2590-1	1	to beat, hit	2133	STRIKE OR BEAT
Zalizniak-2020-2590-2	2	to see/to look at	1409	SEE
Zalizniak-2020-2590-3	3	eye	1248	EYE
Zalizniak-2020-2590-4	4	father	1217	FATHER
Zalizniak-2020-2590-5	5	head	1256	HEAD
Zalizniak-2020-2590-6	6	to raise, lift (tr.)	501	LIFT
Zalizniak-2020-2590-7	7	mouth	674	MOUTH
Zalizniak-2020-2590-8	8	to pull, to draw	1455	PULL
Zalizniak-2020-2590-9	9	sharp	1396	SHARP
Zalizniak-2020-2590-10	10	quick		
Zalizniak-2020-2590-11	11	to fall down	1280	FALL
Zalizniak-2020-2590-12	12	white	1335	WHITE
Zalizniak-2020-2590-13	13	hand/arm	2121	ARM OR HAND
Zalizniak-2020-2590-14	14	nose	1221	NOSE
Zalizniak-2020-2590-15	15	black	163	BLACK
Zalizniak-2020-2590-16	16	Boletus edulis		
Zalizniak-2020-2590-17	17	to throw	1456	THROW
Zalizniak-2020-2590-18	18	red	156	RED
Zalizniak-2020-2590-19	19	big	1202	BIG
Zalizniak-2020-2590-20	20	to break (tr.)	2558	BREAK (CLEAVE)
Zalizniak-2020-2590-21	21	tail	1220	TAIL
Zalizniak-2020-2590-22	22	straight	1404	STRAIGHT
Zalizniak-2020-2590-23	23	to go after smb.	1085	FOLLOW
Zalizniak-2020-2590-24	24	thin (of an object)	2249	THIN (OF SHAPE OF OBJECT)
Zalizniak-2020-2590-25	25	strong	785	STRONG
Zalizniak-2020-2590-26	26	hot	1286	HOT
Zalizniak-2020-2590-27	27	heavy (of weight)	1210	HEAVY
Zalizniak-2020-2590-28	28	to touch	1892	TOUCH
Zalizniak-2020-2590-29	29	to grasp, seize	855	SEIZE
Zalizniak-2020-2590-30	30	to go out	1107	GO OUT
Zalizniak-2020-2590-31	31	to cut (tr.)	1432	CUT
Zalizniak-2020-2590-32	32	dry	1398	DRY
Zalizniak-2020-2590-33	33	cold (adj.)	1287	COLD
Zalizniak-2020-2590-34	34	belly	1251	BELLY
Zalizniak-2020-2590-35	35	to die, pass away	1494	DIE
Zalizniak-2020-2590-36	36	snake	730	SNAKE
Zalizniak-2020-2590-37	37	heart	1223	HEART
Zalizniak-2020-2590-38	38	healthy	1364	HEALTHY
Zalizniak-2020-2590-39	39	foot/leg	2098	FOOT OR LEG
Zalizniak-2020-2590-40	40	wind	960	WIND
Zalizniak-2020-2590-41	41	weak	1601	WEAK
Zalizniak-2020-2590-42	42	to press down	1913	PRESS
Zalizniak-2020-2590-43	43	stone, rock	2125	STONE OR ROCK
Zalizniak-2020-2590-44	44	sky	1732	SKY
Zalizniak-2020-2590-45	45	little, small	1246	SMALL
Zalizniak-2020-2590-46	46	green	1425	GREEN
Zalizniak-2020-2590-47	47	empty	1624	EMPTY
Zalizniak-2020-2590-48	48	back (body part)	1291	BACK
Zalizniak-2020-2590-49	49	to go up	705	GO UP (ASCEND)
Zalizniak-2020-2590-50	50	face	1560	FACE
Zalizniak-2020-2590-51	51	dog	2009	DOG
Zalizniak-2020-2590-52	52	weather	952	WEATHER
Zalizniak-2020-2590-53	53	tree	906	TREE
Zalizniak-2020-2590-54	54	to turn, rotate (intr.)		
Zalizniak-2020-2590-55	55	to speak	1623	SPEAK
Zalizniak-2020-2590-56	56	to get, obtain	694	GET
Zalizniak-2020-2590-57	57	to flow	2003	FLOW
Zalizniak-2020-2590-58	58	thick	1244	THICK
Zalizniak-2020-2590-59	59	mother	1216	MOTHER
Zalizniak-2020-2590-60	60	leaf	628	LEAF
Zalizniak-2020-2590-61	61	hard, solid	1884	HARD
Zalizniak-2020-2590-62	62	good	1035	GOOD
Zalizniak-2020-2590-63	63	ear	1247	EAR
Zalizniak-2020-2590-64	64	brave	3	BRAVE
Zalizniak-2020-2590-65	65	bitter	887	BITTER
Zalizniak-2020-2590-66	66	<animal>		
Zalizniak-2020-2590-67	67	wing	1257	WING
Zalizniak-2020-2590-68	68	wet	1726	WET
Zalizniak-2020-2590-69	69	to want	1784	WANT
Zalizniak-2020-2590-70	70	to stand	1442	STAND
Zalizniak-2020-2590-71	71	to put	998	PUT
Zalizniak-2020-2590-72	72	to find	719	FIND
Zalizniak-2020-2590-73	73	to eat	1336	EAT
Zalizniak-2020-2590-74	74	to dig	1418	DIG
Zalizniak-2020-2590-75	75	to burn (intr.)	1428	BURNING
Zalizniak-2020-2590-76	76	root (of a plant)	670	ROOT
Zalizniak-2020-2590-77	77	neck	1333	NECK
Zalizniak-2020-2590-78	78	mouse	1491	MOUSE
Zalizniak-2020-2590-79	79	low (location)	721	LOW
Zalizniak-2020-2590-80	80	friend	1325	FRIEND
Zalizniak-2020-2590-81	81	fly agaric (Amanita muscaria)		
Zalizniak-2020-2590-82	82	dark (adj.)	706	DARK
Zalizniak-2020-2590-83	83	branch, twig	3223	BRANCH OR TWIG
Zalizniak-2020-2590-84	84	blue	837	BLUE
Zalizniak-2020-2590-85	85	bad	1292	BAD
Zalizniak-2020-2590-86	86	<foreigner>		
Zalizniak-2020-2590-87	87	worm	1219	WORM
Zalizniak-2020-2590-88	88	womb	804	WOMB
Zalizniak-2020-2590-89	89	to spring, jump	1829	JUMP
Zalizniak-2020-2590-90	90	to open (tr.)	1156	OPEN
Zalizniak-2020-2590-91	91	to mix, stir	2017	MIX
Zalizniak-2020-2590-92	92	to know	3626	KNOW
Zalizniak-2020-2590-93	93	to go down	2014	GO DOWN (DESCEND)
Zalizniak-2020-2590-94	94	to carry	700	CARRY
Zalizniak-2020-2590-95	95	throat	1346	THROAT
Zalizniak-2020-2590-96	96	sun	1343	SUN
Zalizniak-2020-2590-97	97	slow (adj.)	701	SLOW
Zalizniak-2020-2590-98	98	left	244	LEFT
Zalizniak-2020-2590-99	99	forehead	123	FOREHEAD
Zalizniak-2020-2590-100	100	firm, solid	3003	SOLID
Zalizniak-2020-2590-101	101	fire	221	FIRE
Zalizniak-2020-2590-102	102	clever	1310	CLEVER
Zalizniak-2020-2590-103	103	clean (adj.)	704	CLEAN
Zalizniak-2020-2590-104	104	beautiful	1427	BEAUTIFUL
Zalizniak-2020-2590-105	105	to smear, anoint	364	SMEAR
Zalizniak-2020-2590-106	106	to sit	1416	SIT
Zalizniak-2020-2590-107	107	to search, to look for	1468	LOOK FOR
Zalizniak-2020-2590-108	108	to run	1519	RUN
Zalizniak-2020-2590-109	109	to reach		
Zalizniak-2020-2590-110	110	to clean	2235	CLEAN (SOMETHING)
Zalizniak-2020-2590-111	111	to blow		
Zalizniak-2020-2590-112	112	stupid	1518	STUPID
Zalizniak-2020-2590-113	113	soft (adj.)	1856	SOFT
Zalizniak-2020-2590-114	114	smell	3704	ODOR (SMELL)
Zalizniak-2020-2590-115	115	mountain	639	MOUNTAIN
Zalizniak-2020-2590-116	116	door	1567	DOOR
Zalizniak-2020-2590-117	117	difficult	584	DIFFICULT
Zalizniak-2020-2590-118	118	cheek	1730	CHEEK
Zalizniak-2020-2590-119	119	cat	1208	CAT
Zalizniak-2020-2590-120	120	breathing		
Zalizniak-2020-2590-121	121	bone	1394	BONE
Zalizniak-2020-2590-122	122	yellow	1424	YELLOW
Zalizniak-2020-2590-123	123	top	1753	TOP
Zalizniak-2020-2590-124	124	to wait	1590	WAIT (FOR)
Zalizniak-2020-2590-125	125	to untie, unbind	352	UNTIE
Zalizniak-2020-2590-126	126	to think	2271	THINK
Zalizniak-2020-2590-127	127	to taste	21	TASTE (SOMETHING)
Zalizniak-2020-2590-128	128	to take	1749	TAKE
Zalizniak-2020-2590-129	129	to sing	1261	SING
Zalizniak-2020-2590-130	130	to shoot	1172	SHOOT
Zalizniak-2020-2590-131	131	to shine, glitter		
Zalizniak-2020-2590-132	132	to kill	1417	KILL
Zalizniak-2020-2590-133	133	to come	1446	COME
Zalizniak-2020-2590-134	134	smooth	1234	SMOOTH
Zalizniak-2020-2590-135	135	pure	1147	PURE
Zalizniak-2020-2590-136	136	pig (Sus scrofa)	1337	PIG
Zalizniak-2020-2590-137	137	nest (n.)	539	NEST
Zalizniak-2020-2590-138	138	naked, bare	590	NAKED
Zalizniak-2020-2590-139	139	monarch		
Zalizniak-2020-2590-140	140	milk	635	MILK
Zalizniak-2020-2590-141	141	middle	1093	MIDDLE
Zalizniak-2020-2590-142	142	light (of weight)	1052	LIGHT (WEIGHT)
Zalizniak-2020-2590-143	143	light (of colour)	250	LIGHT (COLOR)
Zalizniak-2020-2590-144	144	heel (of a foot)	980	HEEL
Zalizniak-2020-2590-145	145	greedy	2018	GREEDY
Zalizniak-2020-2590-146	146	flower	239	FLOWER
Zalizniak-2020-2590-147	147	egg	744	EGG
Zalizniak-2020-2590-148	148	earth		
Zalizniak-2020-2590-149	149	drunk	1463	DRUNK
Zalizniak-2020-2590-150	150	deep	1593	DEEP
Zalizniak-2020-2590-151	151	comb	1475	COMB
Zalizniak-2020-2590-152	152	chest (body part)	1592	CHEST
Zalizniak-2020-2590-153	153	chanterelle		
Zalizniak-2020-2590-154	154	buttock	834	BUTTOCKS
Zalizniak-2020-2590-155	155	word	1599	WORD
Zalizniak-2020-2590-156	156	wolf (Canis lupus)	522	WOLF
Zalizniak-2020-2590-157	157	winter	1471	WINTER
Zalizniak-2020-2590-158	158	tooth	1380	TOOTH
Zalizniak-2020-2590-159	159	tongue (body part)	1205	TONGUE
Zalizniak-2020-2590-160	160	to sow	748	SOW SEEDS
Zalizniak-2020-2590-161	161	to play (intr.)	1413	PLAY
Zalizniak-2020-2590-162	162	to mill	1033	GRIND
Zalizniak-2020-2590-163	163	to hold (in hands)	1448	HOLD
Zalizniak-2020-2590-164	164	to hear / to listen		
Zalizniak-2020-2590-165	165	to fly	1441	FLY (MOVE THROUGH AIR)
Zalizniak-2020-2590-166	166	to float	1574	FLOAT
Zalizniak-2020-2590-167	167	to enter	749	ENTER
Zalizniak-2020-2590-168	168	to care for, look after	253	CARE FOR
Zalizniak-2020-2590-169	169	to calculate, count		
Zalizniak-2020-2590-170	170	to bite	1403	BITE
Zalizniak-2020-2590-171	171	to be born	1090	BE BORN
Zalizniak-2020-2590-172	172	time	892	TIME
Zalizniak-2020-2590-173	173	strength	202	STRENGTH
Zalizniak-2020-2590-174	174	spot, stain		
Zalizniak-2020-2590-175	175	sour	1906	SOUR
Zalizniak-2020-2590-176	176	sad	699	SAD
Zalizniak-2020-2590-177	177	right (vs. left)	1019	RIGHT
Zalizniak-2020-2590-178	178	pine-tree	1740	PINE
Zalizniak-2020-2590-179	179	oak	644	OAK
Zalizniak-2020-2590-180	180	navel	1838	NAVEL
Zalizniak-2020-2590-181	181	loud	377	LOUD
Zalizniak-2020-2590-182	182	lazy	1564	LAZY
Zalizniak-2020-2590-183	183	knee	1371	KNEE
Zalizniak-2020-2590-184	184	iron	621	IRON
Zalizniak-2020-2590-185	185	insect	620	INSECT
Zalizniak-2020-2590-186	186	horn	1393	HORN (ANATOMY)
Zalizniak-2020-2590-187	187	honey mushroom (Armillaria mellea)		
Zalizniak-2020-2590-188	188	hill	614	HILL
Zalizniak-2020-2590-189	189	glass (material)	604	GLASS
Zalizniak-2020-2590-190	190	feather	1201	FEATHER
Zalizniak-2020-2590-191	191	fat (adj.)(of a person)	1279	FAT (OBESE)
Zalizniak-2020-2590-192	192	expensive	1426	EXPENSIVE
Zalizniak-2020-2590-193	193	enemy	1358	ENEMY
Zalizniak-2020-2590-194	194	edge	863	EDGE
Zalizniak-2020-2590-195	195	curved	1698	CURVED
Zalizniak-2020-2590-196	196	circle	1467	CIRCLE
Zalizniak-2020-2590-197	197	bull	1008	BULL
Zalizniak-2020-2590-198	198	brilliant, glaring	2228	GLARING
Zalizniak-2020-2590-199	199	beak	73	BEAK
Zalizniak-2020-2590-200	200	animal	619	ANIMAL
Zalizniak-2020-2590-201	201	young	1207	YOUNG
Zalizniak-2020-2590-202	202	to stand up	570	STAND UP
Zalizniak-2020-2590-203	203	to pour	1487	POUR
Zalizniak-2020-2590-204	204	to move away	229	MOVE AWAY
Zalizniak-2020-2590-205	205	to love	923	LOVE
Zalizniak-2020-2590-206	206	to intend	22	INTEND
Zalizniak-2020-2590-207	207	to give birth	1195	GIVE BIRTH
Zalizniak-2020-2590-208	208	to drive, to force to move on	3290	IMPEL
Zalizniak-2020-2590-209	209	to disappear	485	DISAPPEAR
Zalizniak-2020-2590-210	210	to defend	1330	DEFEND
Zalizniak-2020-2590-211	211	to chew	321	CHEW
Zalizniak-2020-2590-212	212	to bark (of a dog)	1206	BARKING
Zalizniak-2020-2590-213	213	stump (of tree)	241	TREE STUMP
Zalizniak-2020-2590-214	214	shoulder	1482	SHOULDER
Zalizniak-2020-2590-215	215	rooster	1511	ROOSTER
Zalizniak-2020-2590-216	216	road	667	ROAD
Zalizniak-2020-2590-217	217	quiet (vs. loud)	1314	QUIET
Zalizniak-2020-2590-218	218	pumpkin	864	PUMPKIN
Zalizniak-2020-2590-219	219	person	683	PERSON
Zalizniak-2020-2590-220	220	part	779	PART
Zalizniak-2020-2590-221	221	owner	1036	OWNER
Zalizniak-2020-2590-222	222	moon	1313	MOON
Zalizniak-2020-2590-223	223	man	1554	MAN
Zalizniak-2020-2590-224	224	mad	1899	MAD
Zalizniak-2020-2590-225	225	lower part	2199	LOWER PART
Zalizniak-2020-2590-226	226	long ago	373	LONG AGO
Zalizniak-2020-2590-227	227	lip	478	LIP
Zalizniak-2020-2590-228	228	lion (Panthera leo)	1386	LION
Zalizniak-2020-2590-229	229	lean	2219	LEAN (MEAT)
Zalizniak-2020-2590-230	230	house	1252	HOUSE
Zalizniak-2020-2590-231	231	hare (Lepus)	1190	HARE
Zalizniak-2020-2590-232	232	hair	1040	HAIR
Zalizniak-2020-2590-233	233	god	1944	GOD
Zalizniak-2020-2590-234	234	finger/toe	2120	FINGER OR TOE
Zalizniak-2020-2590-235	235	eyelash	1540	EYELASH
Zalizniak-2020-2590-236	236	end	742	END (OF SPACE)
Zalizniak-2020-2590-237	237	dumb	1492	DUMB
Zalizniak-2020-2590-238	238	day	1225	DAY (NOT NIGHT)
Zalizniak-2020-2590-239	239	country, land	1300	COUNTRY
Zalizniak-2020-2590-240	240	corner	192	CORNER
Zalizniak-2020-2590-241	241	comb (of a bird)	188	COMB OF BIRD
Zalizniak-2020-2590-242	242	can, to be able	972	BE ABLE
Zalizniak-2020-2590-243	243	calm		
Zalizniak-2020-2590-244	244	brain (cerebrum)	1583	BRAIN
Zalizniak-2020-2590-245	245	bowels, intestine	1991	INTESTINES
Zalizniak-2020-2590-246	246	black cloud		
Zalizniak-2020-2590-247	247	bird	937	BIRD
Zalizniak-2020-2590-248	248	arrow	977	ARROW
Zalizniak-2020-2590-249	249	<vessel>		
Zalizniak-2020-2590-250	250	year	1226	YEAR
Zalizniak-2020-2590-251	251	woman	962	WOMAN
Zalizniak-2020-2590-252	252	wide, broad	2652	BROAD OR WIDE
Zalizniak-2020-2590-253	253	warm	1232	WARM
Zalizniak-2020-2590-254	254	untruth	2826	LIE (FALSEHOOD)
Zalizniak-2020-2590-255	255	trunk (body part)	2667	TORSO
Zalizniak-2020-2590-256	256	to work	1086	WORK (ACTIVITY)
Zalizniak-2020-2590-257	257	to walk, wander	3666	WANDER
Zalizniak-2020-2590-258	258	to tread	575	TREAD
Zalizniak-2020-2590-259	259	to transit	574	TRANSIT
Zalizniak-2020-2590-260	260	to tie	1917	TIE
Zalizniak-2020-2590-261	261	to thrust (into)	246	THRUST
Zalizniak-2020-2590-262	262	to stick (to a surface), to adhere	254	STICKING
Zalizniak-2020-2590-263	263	to spoil (intr.)	569	SPOIL (BECOME SPOILED)
Zalizniak-2020-2590-264	264	to spoil	92	SPOIL (SOMEBODY OR SOMETHING)
Zalizniak-2020-2590-265	265	to smell, scent	1586	SMELL (PERCEIVE)
Zalizniak-2020-2590-266	266	to seem	1521	SEEM
Zalizniak-2020-2590-267	267	to ripen	179	RIPEN
Zalizniak-2020-2590-268	268	to rest	168	REST
Zalizniak-2020-2590-269	269	to read	724	READ
Zalizniak-2020-2590-270	270	to lose	1660	LOSE
Zalizniak-2020-2590-271	271	to lead	43	LEAD (GUIDE)
Zalizniak-2020-2590-272	272	to hear	1408	HEAR
Zalizniak-2020-2590-273	273	to harness	2217	YOKE (VERB)
Zalizniak-2020-2590-274	274	to go, walk	695	GO
Zalizniak-2020-2590-275	275	to go away		
Zalizniak-2020-2590-276	276	to give	1447	GIVE
Zalizniak-2020-2590-277	277	to get tired	1996	GET TIRED
Zalizniak-2020-2590-278	278	to finish	1766	FINISH
Zalizniak-2020-2590-279	279	to fight, scuffle	2902	BRAWL (FIGHT)
Zalizniak-2020-2590-280	280	to feel	1079	FEEL
Zalizniak-2020-2590-281	281	to endure	833	ENDURE
Zalizniak-2020-2590-282	282	to do	813	DO
Zalizniak-2020-2590-283	283	to deceive	3230	DECEIVE
Zalizniak-2020-2590-284	284	to cry, weep	1839	CRY
Zalizniak-2020-2590-285	285	to choose	1750	CHOOSE
Zalizniak-2020-2590-286	286	to change (tr.)	1264	CHANGE
Zalizniak-2020-2590-287	287	to call (somebody), to make respond	1084	CALL
Zalizniak-2020-2590-288	288	to breathe	1407	BREATHE
Zalizniak-2020-2590-289	289	to boil (intr.)	792	BOIL (OF LIQUID)
Zalizniak-2020-2590-290	290	to begin (tr.)	1806	BEGIN
Zalizniak-2020-2590-291	291	to be awake	825	AWAKE
Zalizniak-2020-2590-292	292	to adorn, decorate	1739	DECORATE
Zalizniak-2020-2590-293	293	taste	2190	TASTE
Zalizniak-2020-2590-294	294	talkative person	2207	CHATTERER
Zalizniak-2020-2590-295	295	sweet (taste)	717	SWEET
Zalizniak-2020-2590-296	296	sweat	125	SWEAT (SUBSTANCE)
Zalizniak-2020-2590-297	297	stranger, foreign	791	STRANGER
Zalizniak-2020-2590-298	298	stone (of a fruit)	1762	STONE (OF FRUIT)
Zalizniak-2020-2590-299	299	star	1430	STAR
Zalizniak-2020-2590-300	300	spicy	544	SPICY
Zalizniak-2020-2590-301	301	soul	811	SOUL
Zalizniak-2020-2590-302	302	side (n.)	682	SIDE
Zalizniak-2020-2590-303	303	sharp point	2992	TIP (OF OBJECT)
Zalizniak-2020-2590-304	304	raw	1959	RAW
Zalizniak-2020-2590-305	305	poor	1674	POOR
Zalizniak-2020-2590-306	306	poison	655	POISON
Zalizniak-2020-2590-307	307	old man	406	OLD MAN
Zalizniak-2020-2590-308	308	old (vs. young)	2112	OLD (AGED)
Zalizniak-2020-2590-309	309	near	1942	NEAR
Zalizniak-2020-2590-310	310	mud	640	MUD
Zalizniak-2020-2590-311	311	morning	1339	MORNING
Zalizniak-2020-2590-312	312	meat	634	MEAT
Zalizniak-2020-2590-313	313	loins	187	LOIN
Zalizniak-2020-2590-314	314	liquid (adj.)	58	LIQUID
Zalizniak-2020-2590-315	315	lightning	1654	LIGHTNING
Zalizniak-2020-2590-316	316	knot	760	KNOT
Zalizniak-2020-2590-317	317	husband	1200	HUSBAND
Zalizniak-2020-2590-318	318	hump (of a person or camel)	534	HUMP
Zalizniak-2020-2590-319	319	horse (Equus caballus)	615	HORSE
Zalizniak-2020-2590-320	320	high (size)	711	TALL
Zalizniak-2020-2590-321	321	hedgehog (Еrinaceus)	1797	HEDGEHOG
Zalizniak-2020-2590-322	322	harvest	611	HARVEST
Zalizniak-2020-2590-323	323	guest	1782	GUEST
Zalizniak-2020-2590-324	324	goat	1502	GOAT
Zalizniak-2020-2590-325	325	girl	1646	GIRL
Zalizniak-2020-2590-326	326	frog	503	FROG
Zalizniak-2020-2590-327	327	forest	420	FOREST
Zalizniak-2020-2590-328	328	footprint, track	318	FOOTPRINT
Zalizniak-2020-2590-329	329	flat (adj)	1633	FLAT
Zalizniak-2020-2590-330	330	elbow	981	ELBOW
Zalizniak-2020-2590-331	331	doll	1659	DOLL
Zalizniak-2020-2590-332	332	correct (adj.)	1725	CORRECT (RIGHT)
Zalizniak-2020-2590-333	333	colour	1613	COLOR
Zalizniak-2020-2590-334	334	bold, insolent	91	INSOLENT
Zalizniak-2020-2590-335	335	body	1480	BODY
Zalizniak-2020-2590-336	336	blood	946	BLOOD
Zalizniak-2020-2590-337	337	blind	1653	BLIND
Zalizniak-2020-2590-338	338	behind	1686	BEHIND
Zalizniak-2020-2590-339	339	beard	678	BEARD
Zalizniak-2020-2590-340	340	bald	1125	BALD
Zalizniak-2020-2590-341	341	autumn	1276	AUTUMN
Zalizniak-2020-2590-342	342	armpit	1886	ARMPIT
Zalizniak-2020-2590-343	343	air	27	AIR
Zalizniak-2020-2590-344	344	<fruit>		
Zalizniak-2020-2590-345	345	wrong	1390	WRONG
Zalizniak-2020-2590-346	346	world	965	WORLD
Zalizniak-2020-2590-347	347	work (n.)	984	WORK (LABOUR)
Zalizniak-2020-2590-348	348	wood, timber	1803	WOOD
Zalizniak-2020-2590-349	349	willow	818	WILLOW
Zalizniak-2020-2590-350	350	west	1817	WEST
Zalizniak-2020-2590-351	351	water	948	WATER
Zalizniak-2020-2590-352	352	vagina	1836	VAGINA
Zalizniak-2020-2590-353	353	ugly, unpleasant		
Zalizniak-2020-2590-354	354	trunk (of a tree)	344	TREE TRUNK
Zalizniak-2020-2590-355	355	to turn, rotate (tr.)	1445	TURN (SOMETHING)
Zalizniak-2020-2590-356	356	to turn sour	2229	BECOME SOUR
Zalizniak-2020-2590-357	357	to tear, rend	1735	TEAR (SHRED)
Zalizniak-2020-2590-358	358	to take off	3538	TAKE OFF
Zalizniak-2020-2590-359	359	to sweep	230	SWEEP
Zalizniak-2020-2590-360	360	to swear, curse, abuse one another		
Zalizniak-2020-2590-361	361	to sway	573	SWAY
Zalizniak-2020-2590-362	362	to strew	572	STREW
Zalizniak-2020-2590-363	363	to strain	940	STRAIN
Zalizniak-2020-2590-364	364	to sting	571	STING
Zalizniak-2020-2590-365	365	to sleep	1585	SLEEP
Zalizniak-2020-2590-366	366	to shear	1532	SHEAR
Zalizniak-2020-2590-367	367	to set (of heavenly bodies)	160	SET (HEAVENLY BODIES)
Zalizniak-2020-2590-368	368	to row (with oars)	1849	ROW
Zalizniak-2020-2590-369	369	to rise (of heavenly bodies)	568	RISE (MOVE UPWARDS)
Zalizniak-2020-2590-370	370	to remain, stay	987	REMAIN
Zalizniak-2020-2590-371	371	to pass by	558	PASS BY
Zalizniak-2020-2590-372	372	to move quickly	2220	MOVE QUICKLY
Zalizniak-2020-2590-373	373	to move	765	MOVE
Zalizniak-2020-2590-374	374	to milk	93	DRAW MILK
Zalizniak-2020-2590-375	375	to meet	1831	MEET
Zalizniak-2020-2590-376	376	to marry	203	MARRY
Zalizniak-2020-2590-377	377	to live		
Zalizniak-2020-2590-378	378	to lie (posture)	1411	LIE (REST)
Zalizniak-2020-2590-379	379	to leave	1752	LEAVE
Zalizniak-2020-2590-380	380	to kiss	578	KISS
Zalizniak-2020-2590-381	381	to hide (tr.)	602	HIDE (CONCEAL)
Zalizniak-2020-2590-382	382	to heat up	1341	HEAT UP
Zalizniak-2020-2590-383	383	to hang	2884	HANG
Zalizniak-2020-2590-384	384	to grow (plants)	3461	GROW PLANTS
Zalizniak-2020-2590-385	385	to go upstream		
Zalizniak-2020-2590-386	386	to fly away		
Zalizniak-2020-2590-387	387	to fill (tr.)	2006	FILL
Zalizniak-2020-2590-388	388	to feed	739	FEED
Zalizniak-2020-2590-389	389	to fall asleep	1106	FALL ASLEEP
Zalizniak-2020-2590-390	390	to extinguish	127	EXTINGUISH
Zalizniak-2020-2590-391	391	to err, be wrong	839	ERR
Zalizniak-2020-2590-392	392	to drop (of liquid)	808	DRIP (FALL IN GLOBULES)
Zalizniak-2020-2590-393	393	to drink	1401	DRINK
Zalizniak-2020-2590-394	394	to choke	129	CHOKE
Zalizniak-2020-2590-395	395	to cause to sit (to set)		
Zalizniak-2020-2590-396	396	to cause	860	CAUSE
Zalizniak-2020-2590-397	397	to bury	1719	BURY
Zalizniak-2020-2590-398	398	to bind		
Zalizniak-2020-2590-399	399	to bend, bow (intr.)	2761	BEND (ONESELF)
Zalizniak-2020-2590-400	400	to be glad		
Zalizniak-2020-2590-401	401	to ask, inquire	1309	ASK (INQUIRE)
Zalizniak-2020-2590-402	402	to ask, beg	1828	ASK (REQUEST)
Zalizniak-2020-2590-403	403	thick (of a growth, hair)		
Zalizniak-2020-2590-404	404	tasty	1813	TASTY
Zalizniak-2020-2590-405	405	table; desk	1775	TABLE
Zalizniak-2020-2590-406	406	summer	1342	SUMMER
Zalizniak-2020-2590-407	407	stick (n.)	1295	STICK
Zalizniak-2020-2590-408	408	spruce (Picea)	545	SPRUCE
Zalizniak-2020-2590-409	409	spear	945	SPEAR
Zalizniak-2020-2590-410	410	son	1620	SON
Zalizniak-2020-2590-411	411	soldier	1941	SOLDIER
Zalizniak-2020-2590-412	412	smoke	778	SMOKE (EXHAUST)
Zalizniak-2020-2590-413	413	skull	1605	SKULL
Zalizniak-2020-2590-414	414	skin (of a person)	2613	SKIN (HUMAN)
Zalizniak-2020-2590-415	415	short (size)	1645	SHORT
Zalizniak-2020-2590-416	416	shadow	1388	SHADE
Zalizniak-2020-2590-417	417	sea	1474	SEA
Zalizniak-2020-2590-418	418	satiated, full	106	SATIATED
Zalizniak-2020-2590-419	419	rough, uneven	1923	ROUGH
Zalizniak-2020-2590-420	420	rope, string, cord, lashing		
Zalizniak-2020-2590-421	421	poplar (Populus alba)	821	POPLAR
Zalizniak-2020-2590-422	422	period of time	508	PERIOD
Zalizniak-2020-2590-423	423	penis	1222	PENIS
Zalizniak-2020-2590-424	424	pear	922	PEAR
Zalizniak-2020-2590-425	425	paper	648	PAPER
Zalizniak-2020-2590-426	426	pain	1783	PAIN
Zalizniak-2020-2590-427	427	nut, hazel		
Zalizniak-2020-2590-428	428	numerous		
Zalizniak-2020-2590-429	429	noise	1182	NOISE
Zalizniak-2020-2590-430	430	nettle (Urtica)	33	NETTLE
Zalizniak-2020-2590-431	431	necessary	1030	NECESSARY
Zalizniak-2020-2590-432	432	narrow	1267	NARROW
Zalizniak-2020-2590-433	433	nail (body part)	1896	FINGERNAIL OR TOENAIL
Zalizniak-2020-2590-434	434	muzzle	2200	SNOUT
Zalizniak-2020-2590-435	435	mind (n.)	1562	MIND
Zalizniak-2020-2590-436	436	mane	1918	MANE
Zalizniak-2020-2590-437	437	long (size)	1203	LONG
Zalizniak-2020-2590-438	438	location of emotions	2198	LOCATION OF EMOTIONS
Zalizniak-2020-2590-439	439	light (n.)	630	LIGHT (RADIATION)
Zalizniak-2020-2590-440	440	life	210	LIFE
Zalizniak-2020-2590-441	441	ill, sick, not well	1847	SICK
Zalizniak-2020-2590-442	442	honest	1120	HONEST
Zalizniak-2020-2590-443	443	hell	878	HELL
Zalizniak-2020-2590-444	444	heat	612	HEAT
Zalizniak-2020-2590-445	445	hail	609	HAIL
Zalizniak-2020-2590-446	446	grey	153	GREY
Zalizniak-2020-2590-447	447	greasy	955	GREASY
Zalizniak-2020-2590-448	448	grass	606	GRASS
Zalizniak-2020-2590-449	449	grain, seed		
Zalizniak-2020-2590-450	450	garbage	909	GARBAGE
Zalizniak-2020-2590-451	451	front part	2194	FRONT (PART)
Zalizniak-2020-2590-452	452	fool	1438	FOOL
Zalizniak-2020-2590-453	453	fearful, dreadful	528	DREADFUL
Zalizniak-2020-2590-454	454	eyelid	17	EYELID
Zalizniak-2020-2590-455	455	eyebrow	1173	EYEBROW
Zalizniak-2020-2590-456	456	east	1877	EAST
Zalizniak-2020-2590-457	457	dust	2	DUST
Zalizniak-2020-2590-458	458	dew	1977	DEW
Zalizniak-2020-2590-459	459	deer	1936	DEER
Zalizniak-2020-2590-460	460	deaf	996	DEAF
Zalizniak-2020-2590-461	461	crown (n.)	1943	CROWN (OF HEAD)
Zalizniak-2020-2590-462	462	crane (Grus)	1830	CRANE
Zalizniak-2020-2590-463	463	corpse	767	CORPSE
Zalizniak-2020-2590-464	464	child	2099	CHILD
Zalizniak-2020-2590-465	465	camel	1871	CAMEL
Zalizniak-2020-2590-466	466	bride	1266	BRIDE
Zalizniak-2020-2590-467	467	boy	1366	BOY
Zalizniak-2020-2590-468	468	blunt	379	BLUNT
Zalizniak-2020-2590-469	469	blood vessel	525	BLOOD VESSEL
Zalizniak-2020-2590-470	470	bishop (chess)		
Zalizniak-2020-2590-471	471	bile, gall	1780	BILE
Zalizniak-2020-2590-472	472	berry	904	BERRY
Zalizniak-2020-2590-473	473	beginning	1557	BEGINNING
Zalizniak-2020-2590-474	474	beech	1950	BEECH
Zalizniak-2020-2590-475	475	ahead		
Zalizniak-2020-2590-476	476	North	1598	NORTH
Zalizniak-2020-2590-477	477	Gipsy, Gypsy	532	GIPSY
Zalizniak-2020-2590-478	478	wooden object		
Zalizniak-2020-2590-479	479	witch, sorceress		
Zalizniak-2020-2590-480	480	wild, untamed	2230	UNTAMED OR WILD
Zalizniak-2020-2590-481	481	wife	1199	WIFE
Zalizniak-2020-2590-482	482	wheel	710	WHEEL
Zalizniak-2020-2590-483	483	vessel		
Zalizniak-2020-2590-484	484	unripe (fruit)	1958	UNRIPE
Zalizniak-2020-2590-485	485	uncle (mother's brother)	2692	MATERNAL UNCLE (MOTHER'S BROTHER)
Zalizniak-2020-2590-486	486	turnip (Brassica rapa var. rapa)	3062	TURNIP
Zalizniak-2020-2590-487	487	to worry, be agitated	150	WORRY
Zalizniak-2020-2590-488	488	to wet, moisten	28	MOISTEN
Zalizniak-2020-2590-489	489	to walk, to go	1443	WALK
Zalizniak-2020-2590-490	490	to understand	1536	UNDERSTAND
Zalizniak-2020-2590-491	491	to try, to attempt	1812	TRY
Zalizniak-2020-2590-492	492	to tremble	52	SHIVER
Zalizniak-2020-2590-493	493	to tickle	3647	TICKLE (SOMEBODY)
Zalizniak-2020-2590-494	494	to suffer	1101	SUFFER
Zalizniak-2020-2590-495	495	to steal	713	STEAL
Zalizniak-2020-2590-496	496	to sit down	1649	SIT DOWN
Zalizniak-2020-2590-497	497	to shut, to close	1046	SHUT
Zalizniak-2020-2590-498	498	to shout	715	SHOUT
Zalizniak-2020-2590-499	499	to shine		
Zalizniak-2020-2590-500	500	to shave	231	SHAVE
Zalizniak-2020-2590-501	501	to shake	1909	SHAKE
Zalizniak-2020-2590-502	502	to separate	1359	SEPARATE
Zalizniak-2020-2590-503	503	to scratch (when itches)	1436	SCRATCH
Zalizniak-2020-2590-504	504	to rub	1449	RUB
Zalizniak-2020-2590-505	505	to rotate (tr.)		
Zalizniak-2020-2590-506	506	to return (intr.)	581	COME BACK
Zalizniak-2020-2590-507	507	to respect	385	RESPECT (SOMEBODY)
Zalizniak-2020-2590-508	508	to repeat	880	REPEAT
Zalizniak-2020-2590-509	509	to remember	707	REMEMBER
Zalizniak-2020-2590-510	510	to regret	1875	REGRET
Zalizniak-2020-2590-511	511	to push	1452	PUSH
Zalizniak-2020-2590-512	512	to present, gift		
Zalizniak-2020-2590-513	513	to plough	1921	PLOUGH
Zalizniak-2020-2590-514	514	to make noise	2895	MAKE NOISE
Zalizniak-2020-2590-515	515	to listen	1608	LISTEN
Zalizniak-2020-2590-516	516	to light, to kindle (the fire)	737	LIGHT (IGNITE)
Zalizniak-2020-2590-517	517	to inhabit, live	363	DWELL (LIVE, RESIDE)
Zalizniak-2020-2590-518	518	to imitate	117	IMITATE
Zalizniak-2020-2590-519	519	to hope	3212	HOPE (SOMETHING)
Zalizniak-2020-2590-520	520	to hew	553	HEW
Zalizniak-2020-2590-521	521	to grow up	552	GROW UP
Zalizniak-2020-2590-522	522	to grow numb	2216	BECOME NUMB
Zalizniak-2020-2590-523	523	to go around		
Zalizniak-2020-2590-524	524	to forgive	1528	FORGIVE
Zalizniak-2020-2590-525	525	to forget	1523	FORGET
Zalizniak-2020-2590-526	526	to feel pity		
Zalizniak-2020-2590-527	527	to fear	1419	FEAR (BE AFRAID)
Zalizniak-2020-2590-528	528	to divide into several parts	1119	DIVIDE
Zalizniak-2020-2590-529	529	to dance	1879	DANCE
Zalizniak-2020-2590-530	530	to crawl	96	CRAWL
Zalizniak-2020-2590-531	531	to cough	879	COUGH
Zalizniak-2020-2590-532	532	to correct	2231	CORRECT (SOMETHING OR SOMEBODY)
Zalizniak-2020-2590-533	533	to copulate	549	COPULATE
Zalizniak-2020-2590-534	534	to castrate, geld	29	GELD
Zalizniak-2020-2590-535	535	to burst, break	680	BREAK (DESTROY OR GET DESTROYED)
Zalizniak-2020-2590-536	536	to burn (tr.)	141	BURN (SOMETHING)
Zalizniak-2020-2590-537	537	to braid, plait, weave	3295	BRAID (VERB)
Zalizniak-2020-2590-538	538	to bend	2004	BEND
Zalizniak-2020-2590-539	539	to become infected		
Zalizniak-2020-2590-540	540	to be enough		
Zalizniak-2020-2590-541	541	to answer	1275	ANSWER
Zalizniak-2020-2590-542	542	to ache	1815	ACHE
Zalizniak-2020-2590-543	543	thunder	1150	THUNDER
Zalizniak-2020-2590-544	544	threshold	1727	THRESHOLD
Zalizniak-2020-2590-545	545	thorn	124	THORN
Zalizniak-2020-2590-546	546	thief	1160	THIEF
Zalizniak-2020-2590-547	547	tasteless	1771	TASTELESS
Zalizniak-2020-2590-548	548	sword	1535	SWORD
Zalizniak-2020-2590-549	549	swamp	1145	SWAMP
Zalizniak-2020-2590-550	550	stove	859	STOVE
Zalizniak-2020-2590-551	551	storm	858	STORM
Zalizniak-2020-2590-552	552	stem (of a plant)	2628	PLANT STEM
Zalizniak-2020-2590-553	553	square (of a town)		
Zalizniak-2020-2590-554	554	soon	703	SOON
Zalizniak-2020-2590-555	555	snow	784	SNOW
Zalizniak-2020-2590-556	556	snail	1543	SNAIL
Zalizniak-2020-2590-557	557	skilful, dexterous	1824	DEXTEROUS
Zalizniak-2020-2590-558	558	simple	686	EASY
Zalizniak-2020-2590-559	559	sign, designation	1720	SIGN
Zalizniak-2020-2590-560	560	shoulder-blade, scapula	172	SHOULDERBLADE
Zalizniak-2020-2590-561	561	ship, vessel	740	SHIP
Zalizniak-2020-2590-562	562	shine (n.)	2236	SHINE (EMITTED LIGHT)
Zalizniak-2020-2590-563	563	shallow	193	SHALLOW
Zalizniak-2020-2590-564	564	servant	255	SERVANT
Zalizniak-2020-2590-565	565	seed (n.)	714	SEED
Zalizniak-2020-2590-566	566	second (adj.)	1384	SECOND
Zalizniak-2020-2590-567	567	scanty, not numerous	542	SCANTY
Zalizniak-2020-2590-568	568	salty	1091	SALTY
Zalizniak-2020-2590-569	569	salt	1274	SALT
Zalizniak-2020-2590-570	570	sail (n.)	786	SAILCLOTH
Zalizniak-2020-2590-571	571	rib	801	RIB
Zalizniak-2020-2590-572	572	resin; pitch, tar	664	RESIN
Zalizniak-2020-2590-573	573	ravine	1930	RAVINE
Zalizniak-2020-2590-574	574	ram	1344	RAM
Zalizniak-2020-2590-575	575	rainbow	1733	RAINBOW
Zalizniak-2020-2590-576	576	rabid	2203	RABID
Zalizniak-2020-2590-577	577	puppy (of a dog)	74	PUPPY
Zalizniak-2020-2590-578	578	pregnant	1123	PREGNANT
Zalizniak-2020-2590-579	579	power, authority		
Zalizniak-2020-2590-580	580	plant (biol.)	653	PLANT (VEGETATION)
Zalizniak-2020-2590-581	581	pigeon (Columba)	1853	DOVE
Zalizniak-2020-2590-582	582	peak of mountain	1614	SUMMIT
Zalizniak-2020-2590-583	583	palate	540	PALATE
Zalizniak-2020-2590-584	584	owl	735	OWL
Zalizniak-2020-2590-585	585	other	197	OTHER
Zalizniak-2020-2590-586	586	opening, hole	1667	HOLE
Zalizniak-2020-2590-587	587	now	1376	NOW
Zalizniak-2020-2590-588	588	new	1231	NEW
Zalizniak-2020-2590-589	589	narrow, close		
Zalizniak-2020-2590-590	590	mushroom	641	MUSHROOM
Zalizniak-2020-2590-591	591	muddy, turbid (of water) (?)		
Zalizniak-2020-2590-592	592	monkey	1350	MONKEY
Zalizniak-2020-2590-593	593	mirror	1171	MIRROR
Zalizniak-2020-2590-594	594	merry, funny, cheerful	1976	MERRY
Zalizniak-2020-2590-595	595	memory	1018	MEMORY
Zalizniak-2020-2590-596	596	market	633	MARKET
Zalizniak-2020-2590-597	597	lung	688	LUNG
Zalizniak-2020-2590-598	598	low (size)	2191	LOW (HEIGHT)
Zalizniak-2020-2590-599	599	lord	3153	LORD
Zalizniak-2020-2590-600	600	long (period of time)	418	FOR A LONG TIME
Zalizniak-2020-2590-601	601	liver	1224	LIVER
Zalizniak-2020-2590-602	602	lead, plumbum	627	LEAD (CHEMICAL ELEMENT)
Zalizniak-2020-2590-603	603	kidney	489	KIDNEY
Zalizniak-2020-2590-604	604	key (of a door)	1472	KEY
Zalizniak-2020-2590-605	605	joint, articulation	999	JOINT
Zalizniak-2020-2590-606	606	intact	220	INTACT
Zalizniak-2020-2590-607	607	inflated	535	INFLATED
Zalizniak-2020-2590-608	608	in vain	1765	IN VAIN
Zalizniak-2020-2590-609	609	honey	942	HONEY
Zalizniak-2020-2590-610	610	high (location)	1265	HIGH
Zalizniak-2020-2590-611	611	hawthorn	1168	HAWTHORN
Zalizniak-2020-2590-612	612	happy	1495	HAPPY
Zalizniak-2020-2590-613	613	handle, gripe	1254	HANDLE
Zalizniak-2020-2590-614	614	gold	1369	GOLD
Zalizniak-2020-2590-615	615	genuine, true	1657	TRUE
Zalizniak-2020-2590-616	616	frost	2034	FROST
Zalizniak-2020-2590-617	617	fresh	243	FRESH
Zalizniak-2020-2590-618	618	free	2316	FREE
Zalizniak-2020-2590-619	619	fox (Vulpes vulpes)	1312	FOX
Zalizniak-2020-2590-620	620	foot	1301	FOOT
Zalizniak-2020-2590-621	621	food	256	FOOD
Zalizniak-2020-2590-622	622	foam	1768	FOAM
Zalizniak-2020-2590-623	623	fly (n.)	1504	FLY (INSECT)
Zalizniak-2020-2590-624	624	flexible	1691	FLEXIBLE
Zalizniak-2020-2590-625	625	fine, powder-like	2157	FINE OR THIN
Zalizniak-2020-2590-626	626	field	212	FIELD
Zalizniak-2020-2590-627	627	evil (adj.)	45	EVIL
Zalizniak-2020-2590-628	628	equal	1570	EQUAL
Zalizniak-2020-2590-629	629	elder		
Zalizniak-2020-2590-630	630	earth, soil	1228	EARTH (SOIL)
Zalizniak-2020-2590-631	631	early	672	EARLY
Zalizniak-2020-2590-632	632	donkey	1862	DONKEY
Zalizniak-2020-2590-633	633	dirty	1230	DIRTY
Zalizniak-2020-2590-634	634	devil, satan	3917	DEVIL
Zalizniak-2020-2590-635	635	currant-bush	1988	RIBES
Zalizniak-2020-2590-636	636	cunning person	2079	CUNNING PERSON
Zalizniak-2020-2590-637	637	cucumber	496	CUCUMBER
Zalizniak-2020-2590-638	638	crow	913	CROW
Zalizniak-2020-2590-639	639	cover, lid	2319	LID (COVER, CAP)
Zalizniak-2020-2590-640	640	coast	1525	COAST
Zalizniak-2020-2590-641	641	closed	589	CLOSED
Zalizniak-2020-2590-642	642	chin	1510	CHIN
Zalizniak-2020-2590-643	643	centre	491	CENTER
Zalizniak-2020-2590-644	644	bud (on a twig)	1684	BUD
Zalizniak-2020-2590-645	645	box, container	1465	BOX
Zalizniak-2020-2590-646	646	bow (weapon)	994	BOW
Zalizniak-2020-2590-647	647	boring	905	BORING
Zalizniak-2020-2590-648	648	board, plank	1227	BOARD
Zalizniak-2020-2590-649	649	birch		
Zalizniak-2020-2590-650	650	belt	772	BELT
Zalizniak-2020-2590-651	651	bell	2246	BELL
Zalizniak-2020-2590-652	652	beetle	2242	BEETLE
Zalizniak-2020-2590-653	653	beehive	88	BEEHIVE
Zalizniak-2020-2590-654	654	bear (Ursus)	1820	BEAR
Zalizniak-2020-2590-655	655	bastard	1947	BASTARD
Zalizniak-2020-2590-656	656	basket	1539	BASKET
Zalizniak-2020-2590-657	657	barley	932	BARLEY
Zalizniak-2020-2590-658	658	back of the head	523	BACK OF HEAD
Zalizniak-2020-2590-659	659	atheist		
Zalizniak-2020-2590-660	660	apple	1320	APPLE
Zalizniak-2020-2590-661	661	angry	1826	ANGRY
Zalizniak-2020-2590-662	662	amazing	1863	AMAZING
Zalizniak-2020-2590-663	663	affair	2214	AFFAIR
Zalizniak-2020-2590-664	664	acorn	968	ACORN
Zalizniak-2020-2590-665	665	<young animal>		
Zalizniak-2020-2590-666	666	<weapon>		
Zalizniak-2020-2590-667	667	<insect>		
Zalizniak-2020-2590-668	668	<hat>		
Zalizniak-2020-2590-669	669	<bird>		
Zalizniak-2020-2590-670	670	younger sister	1761	YOUNGER SISTER
Zalizniak-2020-2590-671	671	younger brother	1760	YOUNGER BROTHER
Zalizniak-2020-2590-672	672	yolk	1556	YOLK
Zalizniak-2020-2590-673	673	yam (Dioscorea)	410	YAM
Zalizniak-2020-2590-674	674	wound (n.)	1109	WOUND
Zalizniak-2020-2590-675	675	wizard, magician	823	SORCERER
Zalizniak-2020-2590-676	676	wine	1524	WINE
Zalizniak-2020-2590-677	677	whirlpool	1982	WHIRLPOOL
Zalizniak-2020-2590-678	678	when	1238	WHEN
Zalizniak-2020-2590-679	679	week	1469	WEEK
Zalizniak-2020-2590-680	680	wave	978	WAVE
Zalizniak-2020-2590-681	681	water-melon (Cucurbita citrullus)	2766	WATERMELON
Zalizniak-2020-2590-682	682	wasp	1517	WASP
Zalizniak-2020-2590-683	683	warp		
Zalizniak-2020-2590-684	684	war	935	WAR
Zalizniak-2020-2590-685	685	waist	1681	WAIST
Zalizniak-2020-2590-686	686	very	1311	VERY
Zalizniak-2020-2590-687	687	vehicle	2549	VEHICLE
Zalizniak-2020-2590-688	688	vegetable marrow		
Zalizniak-2020-2590-689	689	unhappy	3974	UNHAPPY
Zalizniak-2020-2590-690	690	underground, subterranean		
Zalizniak-2020-2590-691	691	uncle (father's brother)	1985	PATERNAL UNCLE (FATHER'S BROTHER)
Zalizniak-2020-2590-692	692	udder	154	UDDER
Zalizniak-2020-2590-693	693	tribe	1549	TRIBE
Zalizniak-2020-2590-694	694	transparent	3754	TRANSPARENT
Zalizniak-2020-2590-695	695	tortoise, turtle	112	TURTLE
Zalizniak-2020-2590-696	696	to write	1672	WRITE
Zalizniak-2020-2590-697	697	to win	866	WIN
Zalizniak-2020-2590-698	698	to whet	251	SHARPEN (SOMETHING)
Zalizniak-2020-2590-699	699	to weigh (intr.)		
Zalizniak-2020-2590-700	700	to weaken, loosen		
Zalizniak-2020-2590-701	701	to weaken (intr.)		
Zalizniak-2020-2590-702	702	to wash	1453	WASH
Zalizniak-2020-2590-703	703	to wake up (intr.)	1602	WAKE UP
Zalizniak-2020-2590-704	704	to unwind		
Zalizniak-2020-2590-705	705	to turn over	3537	TURN OVER
Zalizniak-2020-2590-706	706	to turn back to look at smth.		
Zalizniak-2020-2590-707	707	to tell a person's fortune	226	TELL FORTUNES
Zalizniak-2020-2590-708	708	to tell	1711	TELL
Zalizniak-2020-2590-709	709	to tear off, peel off	275	PEEL
Zalizniak-2020-2590-710	710	to teach	709	TEACH
Zalizniak-2020-2590-711	711	to tan (hides)	247	TAN
Zalizniak-2020-2590-712	712	to take out	3654	TAKE OUT
Zalizniak-2020-2590-713	713	to swim	1439	SWIM
Zalizniak-2020-2590-714	714	to suck	1421	SUCK
Zalizniak-2020-2590-715	715	to stink	1587	SMELL (STINK)
Zalizniak-2020-2590-716	716	to step on		
Zalizniak-2020-2590-717	717	to sprinkle		
Zalizniak-2020-2590-718	718	to spread (intr.)	38	SPREAD OUT
Zalizniak-2020-2590-719	719	to soil, make dirty	1015	SOIL
Zalizniak-2020-2590-720	720	to smooth		
Zalizniak-2020-2590-721	721	to smell (of smth)		
Zalizniak-2020-2590-722	722	to slaughter (cattle)	1796	SLAUGHTER
Zalizniak-2020-2590-723	723	to sink into		
Zalizniak-2020-2590-724	724	to show (tr.)	1039	SHOW
Zalizniak-2020-2590-725	725	to shed leaves		
Zalizniak-2020-2590-726	726	to saw	3543	SAW (SOMETHING)
Zalizniak-2020-2590-727	727	to revenge	495	REVENGE
Zalizniak-2020-2590-728	728	to recall, recollect		
Zalizniak-2020-2590-729	729	to put into		
Zalizniak-2020-2590-730	730	to prohibit	83	FORBID
Zalizniak-2020-2590-731	731	to precede, come first		
Zalizniak-2020-2590-732	732	to pinch	378	PINCH
Zalizniak-2020-2590-733	733	to nomadize	2221	NOMADIZE
Zalizniak-2020-2590-734	734	to mow grass	190	MOW
Zalizniak-2020-2590-735	735	to meet (each other)		
Zalizniak-2020-2590-736	736	to measure	1506	MEASURE
Zalizniak-2020-2590-737	737	to make scratches		
Zalizniak-2020-2590-738	738	to make alive, to give life		
Zalizniak-2020-2590-739	739	to make a hole		
Zalizniak-2020-2590-740	740	to lower, put down		
Zalizniak-2020-2590-741	741	to load	3669	LOAD (SOMETHING)
Zalizniak-2020-2590-742	742	to let, leave		
Zalizniak-2020-2590-743	743	to let	3238	ALLOW
Zalizniak-2020-2590-744	744	to learn, study	504	LEARN
Zalizniak-2020-2590-745	745	to know how, to be able	2238	KNOW HOW
Zalizniak-2020-2590-746	746	to keep silent		
Zalizniak-2020-2590-747	747	to invite	1611	INVITE
Zalizniak-2020-2590-748	748	to insert	3071	INSERT
Zalizniak-2020-2590-749	749	to hit the target	3307	HIT (A TARGET)
Zalizniak-2020-2590-750	750	to hinder	554	HINDER
Zalizniak-2020-2590-751	751	to help, aid	1897	HELP
Zalizniak-2020-2590-752	752	to go mad		
Zalizniak-2020-2590-753	753	to go astray		
Zalizniak-2020-2590-754	754	to give up, stop doing	3351	STOP DOING
Zalizniak-2020-2590-755	755	to get dry	1786	DRY UP
Zalizniak-2020-2590-756	756	to get accustomed	1118	ACCUSTOM
Zalizniak-2020-2590-757	757	to gain, to earn		
Zalizniak-2020-2590-758	758	to fish	2638	FISHING
Zalizniak-2020-2590-759	759	to ferment, yeast	3652	FERMENT
Zalizniak-2020-2590-760	760	to feel hunger	1533	BE HUNGRY
Zalizniak-2020-2590-761	761	to envy		
Zalizniak-2020-2590-762	762	to endure a load		
Zalizniak-2020-2590-763	763	to drag	2030	DRAG
Zalizniak-2020-2590-764	764	to doubt	3536	DOUBT (SOMETHING)
Zalizniak-2020-2590-765	765	to dive	119	DIVE
Zalizniak-2020-2590-766	766	to destroy	681	DESTROY
Zalizniak-2020-2590-767	767	to defecate	676	SHIT (DEFECATE)
Zalizniak-2020-2590-768	768	to cover	761	COVER
Zalizniak-2020-2590-769	769	to cost	242	COST
Zalizniak-2020-2590-770	770	to cool down (intr.)	3068	COOL DOWN
Zalizniak-2020-2590-771	771	to conjure	2222	CONJURE
Zalizniak-2020-2590-772	772	to compare	3429	COMPARE
Zalizniak-2020-2590-773	773	to come (of an event)	2212	ARRIVE (OF AN EVENT)
Zalizniak-2020-2590-774	774	to close one's eyes	2063	CLOSE (EYES)
Zalizniak-2020-2590-775	775	to check, test	1975	CHECK
Zalizniak-2020-2590-776	776	to charm, to delight	1271	DELIGHT
Zalizniak-2020-2590-777	777	to catch fire		
Zalizniak-2020-2590-778	778	to blossom	3287	BLOOM
Zalizniak-2020-2590-779	779	to blink (by eyes)	1655	BLINK
Zalizniak-2020-2590-780	780	to believe	1890	BELIEVE
Zalizniak-2020-2590-781	781	to become visible		
Zalizniak-2020-2590-782	782	to become curved		
Zalizniak-2020-2590-783	783	to become	1990	BECOME
Zalizniak-2020-2590-784	784	to be, exist	1579	BE
Zalizniak-2020-2590-785	785	to be surprised	1572	SURPRISED
Zalizniak-2020-2590-786	786	to be inclined		
Zalizniak-2020-2590-787	787	to be in a hurry		
Zalizniak-2020-2590-788	788	to be ill		
Zalizniak-2020-2590-789	789	to be guilty	1682	GUILTY
Zalizniak-2020-2590-790	790	to be at war	2208	BE AT WAR
Zalizniak-2020-2590-791	791	to be appropriate (for)		
Zalizniak-2020-2590-792	792	to be angry	2223	BE ANGRY
Zalizniak-2020-2590-793	793	to awaken		
Zalizniak-2020-2590-794	794	to abolish		
Zalizniak-2020-2590-795	795	thigh / hip		
Zalizniak-2020-2590-796	796	tendon	1137	TENDON
Zalizniak-2020-2590-797	797	tamarisk		
Zalizniak-2020-2590-798	798	tailor's thimble		
Zalizniak-2020-2590-799	799	swelling (on skin)	1903	SWELLING
Zalizniak-2020-2590-800	800	sweet-smelling, fragrant	376	FRAGRANT
Zalizniak-2020-2590-801	801	surface	547	SURFACE
Zalizniak-2020-2590-802	802	sucker (botany)	546	SUCKER
Zalizniak-2020-2590-803	803	sty (on the eye)		
Zalizniak-2020-2590-804	804	strong (of liquid or smell)	510	STRONG EFFECT
Zalizniak-2020-2590-805	805	stinger (of an insect)	3798	STINGER
Zalizniak-2020-2590-806	806	step (of a staircase, step-ladder)	1158	STEP
Zalizniak-2020-2590-807	807	standart-bearer		
Zalizniak-2020-2590-808	808	squint-eyed	87	SQUINT-EYED
Zalizniak-2020-2590-809	809	spring, fountain	849	SPRING (OF WATER)
Zalizniak-2020-2590-810	810	spring (season)	1537	SPRINGTIME
Zalizniak-2020-2590-811	811	spindle	277	SPINDLE
Zalizniak-2020-2590-812	812	spider	843	SPIDER
Zalizniak-2020-2590-813	813	sparse	207	SPARSE
Zalizniak-2020-2590-814	814	spade, shovel		
Zalizniak-2020-2590-815	815	south	1595	SOUTH
Zalizniak-2020-2590-816	816	sleeve	2953	SLEEVE
Zalizniak-2020-2590-817	817	skirt	1600	SKIRT
Zalizniak-2020-2590-818	818	skilled	807	SKILLED
Zalizniak-2020-2590-819	819	silver	759	SILVER
Zalizniak-2020-2590-820	820	short, brief	3312	SHORT (TIME)
Zalizniak-2020-2590-821	821	shoal		
Zalizniak-2020-2590-822	822	shield	1064	SHIELD
Zalizniak-2020-2590-823	823	shell	598	SHELL
Zalizniak-2020-2590-824	824	shame	1776	SHAME
Zalizniak-2020-2590-825	825	sediment		
Zalizniak-2020-2590-826	826	secret; covert		
Zalizniak-2020-2590-827	827	scorpion	1538	SCORPION
Zalizniak-2020-2590-828	828	sand	671	SAND
Zalizniak-2020-2590-829	829	sack, bag		
Zalizniak-2020-2590-830	830	rye (Secale)	23	RYE
Zalizniak-2020-2590-831	831	rust (n.)	3064	RUST
Zalizniak-2020-2590-832	832	rural		
Zalizniak-2020-2590-833	833	runner		
Zalizniak-2020-2590-834	834	rumour	63	RUMOUR
Zalizniak-2020-2590-835	835	rude, impolite	1412	RUDE
Zalizniak-2020-2590-836	836	rowan		
Zalizniak-2020-2590-837	837	round (adj.)	1395	ROUND
Zalizniak-2020-2590-838	838	rotten	1728	ROTTEN
Zalizniak-2020-2590-839	839	river	666	RIVER
Zalizniak-2020-2590-840	840	rich	712	RICH
Zalizniak-2020-2590-841	841	rhinoceros	2591	RHINOCEROS
Zalizniak-2020-2590-842	842	respect (n.)	1912	RESPECT (NOUN)
Zalizniak-2020-2590-843	843	relative (n.)	1644	RELATIVES
Zalizniak-2020-2590-844	844	ray		
Zalizniak-2020-2590-845	845	raven	2543	RAVEN
Zalizniak-2020-2590-846	846	rare	209	RARE
Zalizniak-2020-2590-847	847	rag, duster (?)	332	RAG
Zalizniak-2020-2590-848	848	pus	1808	PUS
Zalizniak-2020-2590-849	849	pupil (of an eye)	1658	PUPIL
Zalizniak-2020-2590-850	850	profligate, womanizer		
Zalizniak-2020-2590-851	851	priest (Christianity)	852	PRIEST
Zalizniak-2020-2590-852	852	price	657	PRICE
Zalizniak-2020-2590-853	853	present, gift	2982	GIFT
Zalizniak-2020-2590-854	854	precipice, abyss	618	PRECIPICE
Zalizniak-2020-2590-855	855	potato	593	POTATO
Zalizniak-2020-2590-856	856	pot	1462	POT
Zalizniak-2020-2590-857	857	poppy (Papaver somniferum)		
Zalizniak-2020-2590-858	858	people, nation	789	PEOPLE
Zalizniak-2020-2590-859	859	pelvis		
Zalizniak-2020-2590-860	860	paw	2965	PAW
Zalizniak-2020-2590-861	861	parents	505	PARENTS
Zalizniak-2020-2590-862	862	page		
Zalizniak-2020-2590-863	863	otter (Lutra lutra)	15	OTTER
Zalizniak-2020-2590-864	864	other`s		
Zalizniak-2020-2590-865	865	opposite	885	OPPOSITE
Zalizniak-2020-2590-866	866	open (adj.)	3235	OPEN (STATE)
Zalizniak-2020-2590-867	867	only, just	1580	ONLY
Zalizniak-2020-2590-868	868	one (unit)		
Zalizniak-2020-2590-869	869	old woman	907	OLD WOMAN
Zalizniak-2020-2590-870	870	old (vs. new)	2113	OLD (USED)
Zalizniak-2020-2590-871	871	oil (food)	1484	OIL (ORGANIC SUBSTANCE)
Zalizniak-2020-2590-872	872	oar	3137	OAR
Zalizniak-2020-2590-873	873	night	1233	NIGHT
Zalizniak-2020-2590-874	874	news	2964	NEWS
Zalizniak-2020-2590-875	875	multitude, great number	538	MULTITUDE
Zalizniak-2020-2590-876	876	mouth (of a river)	1701	RIVER MOUTH
Zalizniak-2020-2590-877	877	moustache	1165	MOUSTACHE
Zalizniak-2020-2590-878	878	motionless	1636	MOTIONLESS
Zalizniak-2020-2590-879	879	moss	637	MOSS
Zalizniak-2020-2590-880	880	mosquito, gnat	1509	MOSQUITO
Zalizniak-2020-2590-881	881	monk		
Zalizniak-2020-2590-882	882	mold, fungus (?)	289	MOLD
Zalizniak-2020-2590-883	883	metal	2244	METAL
Zalizniak-2020-2590-884	884	merchant	1082	MERCHANT
Zalizniak-2020-2590-885	885	melon (Cucumis melo)	507	MELON
Zalizniak-2020-2590-886	886	melody, tune		
Zalizniak-2020-2590-887	887	melancholy, depression		
Zalizniak-2020-2590-888	888	marrow	1835	MARROW
Zalizniak-2020-2590-889	889	many	1198	MANY
Zalizniak-2020-2590-890	890	look (n.)	1017	APPEARANCE
Zalizniak-2020-2590-891	891	letter (text)	1612	LETTER
Zalizniak-2020-2590-892	892	leech	2273	LEECH
Zalizniak-2020-2590-893	893	laziness		
Zalizniak-2020-2590-894	894	lavish	222	LAVISH
Zalizniak-2020-2590-895	895	late	477	LATE
Zalizniak-2020-2590-896	896	lap	3263	LAP
Zalizniak-2020-2590-897	897	land (vs. sea)	626	LAND
Zalizniak-2020-2590-898	898	jewelry, precious thing		
Zalizniak-2020-2590-899	899	jerboa		
Zalizniak-2020-2590-900	900	jaw	798	JAW
Zalizniak-2020-2590-901	901	jackal	3313	JACKAL
Zalizniak-2020-2590-902	902	instrument, tool		
Zalizniak-2020-2590-903	903	inside	1606	INSIDE
Zalizniak-2020-2590-904	904	ice	617	ICE
Zalizniak-2020-2590-905	905	hyena	1799	HYENA
Zalizniak-2020-2590-906	906	hunter	1053	HUNTER
Zalizniak-2020-2590-907	907	human temper, character		
Zalizniak-2020-2590-908	908	hour	1353	HOUR
Zalizniak-2020-2590-909	909	horseman, rider		
Zalizniak-2020-2590-910	910	horned		
Zalizniak-2020-2590-911	911	hook	1071	HOOK
Zalizniak-2020-2590-912	912	hoof	152	HOOF
Zalizniak-2020-2590-913	913	history		
Zalizniak-2020-2590-914	914	hen	1514	HEN
Zalizniak-2020-2590-915	915	health		
Zalizniak-2020-2590-916	916	hair (of animals)	580	FUR
Zalizniak-2020-2590-917	917	gum, gingiva	139	GUMS
Zalizniak-2020-2590-918	918	grandmother	1496	GRANDMOTHER
Zalizniak-2020-2590-919	919	grandfather	1383	GRANDFATHER
Zalizniak-2020-2590-920	920	gloomy	1552	GLOOMY
Zalizniak-2020-2590-921	921	glad		
Zalizniak-2020-2590-922	922	funny		
Zalizniak-2020-2590-923	923	funnel	2602	FUNNEL
Zalizniak-2020-2590-924	924	full	1429	FULL
Zalizniak-2020-2590-925	925	fruit	1507	FRUIT
Zalizniak-2020-2590-926	926	frozen		
Zalizniak-2020-2590-927	927	fresh (of water)	2195	FRESH (OF WATER)
Zalizniak-2020-2590-928	928	frequent		
Zalizniak-2020-2590-929	929	free of charge	130	GRATIS (OF CHARGE)
Zalizniak-2020-2590-930	930	fish	227	FISH
Zalizniak-2020-2590-931	931	firewood	10	FIREWOOD
Zalizniak-2020-2590-932	932	finger-ring	1374	RING
Zalizniak-2020-2590-933	933	fin	213	FIN
Zalizniak-2020-2590-934	934	fascicle (cluster of flowers or berries)		
Zalizniak-2020-2590-935	935	far away	1406	FAR
Zalizniak-2020-2590-936	936	fang		
Zalizniak-2020-2590-937	937	fame	865	FAME
Zalizniak-2020-2590-938	938	evil spirit		
Zalizniak-2020-2590-939	939	evening	1629	EVENING
Zalizniak-2020-2590-940	940	elm	3317	ELM
Zalizniak-2020-2590-941	941	elephant	1290	ELEPHANT
Zalizniak-2020-2590-942	942	elder brother	1759	OLDER BROTHER
Zalizniak-2020-2590-943	943	eel (Anguilla anguilla)	1013	FRESHWATER EEL
Zalizniak-2020-2590-944	944	earring	770	EARRING
Zalizniak-2020-2590-945	945	ear, spike (of a grain plant)	1249	SPIKE
Zalizniak-2020-2590-946	946	eagle	1905	EAGLE
Zalizniak-2020-2590-947	947	drop (n.)	3748	DROP (OF A LIQUID)
Zalizniak-2020-2590-948	948	door-post	80	DOORPOST
Zalizniak-2020-2590-949	949	distance	2978	DISTANCE
Zalizniak-2020-2590-950	950	disease	1986	DISEASE
Zalizniak-2020-2590-951	951	destiny		
Zalizniak-2020-2590-952	952	dense, thick (liquid)	2239	DENSE
Zalizniak-2020-2590-953	953	defect	1995	DEFECT
Zalizniak-2020-2590-954	954	dead body		
Zalizniak-2020-2590-955	955	darkness	11	DARKNESS
Zalizniak-2020-2590-956	956	cunning, sly	2335	CUNNING
Zalizniak-2020-2590-957	957	cross (n.)	1367	CROSS
Zalizniak-2020-2590-958	958	coward	1319	COWARD
Zalizniak-2020-2590-959	959	courtyard	4	COURTYARD
Zalizniak-2020-2590-960	960	cotton	1850	COTTON
Zalizniak-2020-2590-961	961	conversation	2933	CONVERSATION
Zalizniak-2020-2590-962	962	common, shared by several people		
Zalizniak-2020-2590-963	963	comfortable		
Zalizniak-2020-2590-964	964	cold (n.)	2932	COLD (CHILL)
Zalizniak-2020-2590-965	965	coal	2658	COAL
Zalizniak-2020-2590-966	966	cloud	1489	CLOUD
Zalizniak-2020-2590-967	967	clay	1399	CLAY
Zalizniak-2020-2590-968	968	claw	72	CLAW
Zalizniak-2020-2590-969	969	cheap	1887	CHEAP
Zalizniak-2020-2590-970	970	chameleon	1555	CHAMELEON
Zalizniak-2020-2590-971	971	chain (n.)	1627	CHAIN
Zalizniak-2020-2590-972	972	chaff	2363	CHAFF (HUSK)
Zalizniak-2020-2590-973	973	cavity, hollow		
Zalizniak-2020-2590-974	974	cause; reason		
Zalizniak-2020-2590-975	975	cattle	1153	CATTLE
Zalizniak-2020-2590-976	976	cape	1662	CAPE
Zalizniak-2020-2590-977	977	button (on a dress)	757	BUTTON
Zalizniak-2020-2590-978	978	bud (of a flower)		
Zalizniak-2020-2590-979	979	brown	2409	BROWN
Zalizniak-2020-2590-980	980	broom	245	BROOM
Zalizniak-2020-2590-981	981	bridge	1011	BRIDGE
Zalizniak-2020-2590-982	982	bribe	1163	BRIBE (AMOUNT)
Zalizniak-2020-2590-983	983	bread	1368	BREAD
Zalizniak-2020-2590-984	984	bow-string	2119	BOW STRING
Zalizniak-2020-2590-985	985	bottom	690	BOTTOM
Zalizniak-2020-2590-986	986	boss	2930	BOSS
Zalizniak-2020-2590-987	987	border	2546	BORDER
Zalizniak-2020-2590-988	988	book (n.)	963	BOOK
Zalizniak-2020-2590-989	989	body part	2213	BODY PART
Zalizniak-2020-2590-990	990	benefit	2929	BENEFIT
Zalizniak-2020-2590-991	991	before	1882	BEFORE
Zalizniak-2020-2590-992	992	bee	665	BEE
Zalizniak-2020-2590-993	993	bast, the layer under the bark	3950	LIBER (INNER BARK)
Zalizniak-2020-2590-994	994	barrel	2548	BARREL
Zalizniak-2020-2590-995	995	ball (n.)	1845	BALL
Zalizniak-2020-2590-996	996	badger (Meles)	3717	BADGER
Zalizniak-2020-2590-997	997	bad (ethically)	3764	BAD OR EVIL
Zalizniak-2020-2590-998	998	awl	278	AWL
Zalizniak-2020-2590-999	999	aunt, father's sister	2691	PATERNAL AUNT (FATHER'S SISTER)
Zalizniak-2020-2590-1000	1000	attentive	1908	ATTENTIVE
Zalizniak-2020-2590-1001	1001	aspen	903	ASPEN
Zalizniak-2020-2590-1002	1002	ashes	646	ASH
Zalizniak-2020-2590-1003	1003	ash (tree)		
Zalizniak-2020-2590-1004	1004	army	1561	ARMY
Zalizniak-2020-2590-1005	1005	arc	876	ARCH
Zalizniak-2020-2590-1006	1006	ant	587	ANT
Zalizniak-2020-2590-1007	1007	another		
Zalizniak-2020-2590-1008	1008	ankle	803	ANKLE
Zalizniak-2020-2590-1009	1009	anger	82	ANGER
Zalizniak-2020-2590-1010	1010	ancestor	1669	ANCESTORS
Zalizniak-2020-2590-1011	1011	alive	1422	BE ALIVE
Zalizniak-2020-2590-1012	1012	albumen, white of an egg		
Zalizniak-2020-2590-1013	1013	aim, goal		
Zalizniak-2020-2590-1014	1014	age	1789	AGE
Zalizniak-2020-2590-1015	1015	active	1861	ACTIVE
Zalizniak-2020-2590-1016	1016	acerb, tart, harsh (taste or smell)		
Zalizniak-2020-2590-1017	1017	abies (Abies)	1915	FIR
Zalizniak-2020-2590-1018	1018	Saturday	1700	SATURDAY
Zalizniak-2020-2590-1019	1019	(gun)powder	1798	GUNPOWDER
Zalizniak-2020-2590-1020	1020	(body) side	3344	SIDE (BODY)
Zalizniak-2020-2590-1021	1021	<tree>		
Zalizniak-2020-2590-1022	1022	<term of address to a woman>		
Zalizniak-2020-2590-1023	1023	<term of address to a man>		
Zalizniak-2020-2590-1024	1024	<plant (biol.)>		
Zalizniak-2020-2590-1025	1025	<orthopteran>		
Zalizniak-2020-2590-1026	1026	<mushroom, fungus>		
Zalizniak-2020-2590-1027	1027	<horned animal>		
Zalizniak-2020-2590-1028	1028	<foot-wear>		
Zalizniak-2020-2590-1029	1029	<clothes>		
Zalizniak-2020-2590-1030	1030	<artisan>		
Zalizniak-2020-2590-1031	1031	zebra	3675	ZEBRA
Zalizniak-2020-2590-1032	1032	young man	76	YOUNG MAN
Zalizniak-2020-2590-1033	1033	yoke	14	YOKE
Zalizniak-2020-2590-1034	1034	yew		
Zalizniak-2020-2590-1035	1035	yesterday	1174	YESTERDAY
Zalizniak-2020-2590-1036	1036	writing-book, note-pad		
Zalizniak-2020-2590-1037	1037	wrist	799	WRIST
Zalizniak-2020-2590-1038	1038	wood-louse		
Zalizniak-2020-2590-1039	1039	witness	1144	WITNESS
Zalizniak-2020-2590-1040	1040	witchcraft, sorcery	392	MAGIC
Zalizniak-2020-2590-1041	1041	wire (n.)	2631	WIRE
Zalizniak-2020-2590-1042	1042	window	1375	WINDOW
Zalizniak-2020-2590-1043	1043	wild rosemary		
Zalizniak-2020-2590-1044	1044	wild beast		
Zalizniak-2020-2590-1045	1045	whore	1610	PROSTITUTE
Zalizniak-2020-2590-1046	1046	white of an eye		
Zalizniak-2020-2590-1047	1047	white caps (on sea waves)		
Zalizniak-2020-2590-1048	1048	whisper		
Zalizniak-2020-2590-1049	1049	whirlwind	3740	WHIRLWIND
Zalizniak-2020-2590-1050	1050	wheat	1077	WHEAT
Zalizniak-2020-2590-1051	1051	whale	957	WHALE
Zalizniak-2020-2590-1052	1052	well sweep		
Zalizniak-2020-2590-1053	1053	weed	3288	WEED
Zalizniak-2020-2590-1054	1054	wedding	1259	WEDDING
Zalizniak-2020-2590-1055	1055	weasel (Mustella nivalis)	3384	WEASEL
Zalizniak-2020-2590-1056	1056	weapon	951	WEAPONS
Zalizniak-2020-2590-1057	1057	watering place (for animals)		
Zalizniak-2020-2590-1058	1058	warrior	3608	WARRIOR
Zalizniak-2020-2590-1059	1059	wall	933	WALL (OF HOUSE)
Zalizniak-2020-2590-1060	1060	vulgar	1080	VULGAR
Zalizniak-2020-2590-1061	1061	voice	1363	VOICE
Zalizniak-2020-2590-1062	1062	vision		
Zalizniak-2020-2590-1063	1063	violence	2976	VIOLENCE
Zalizniak-2020-2590-1064	1064	usual		
Zalizniak-2020-2590-1065	1065	urine	1142	URINE
Zalizniak-2020-2590-1066	1066	urban		
Zalizniak-2020-2590-1067	1067	upstream		
Zalizniak-2020-2590-1068	1068	upriver		
Zalizniak-2020-2590-1069	1069	unpleasant	26	UNPLEASANT
Zalizniak-2020-2590-1070	1070	uninhabited place		
Zalizniak-2020-2590-1071	1071	unexpected		
Zalizniak-2020-2590-1072	1072	undiluted		
Zalizniak-2020-2590-1073	1073	under age		
Zalizniak-2020-2590-1074	1074	uncle	1327	UNCLE
Zalizniak-2020-2590-1075	1075	umbrella	3105	UMBRELLA
Zalizniak-2020-2590-1076	1076	tyre (of a car)		
Zalizniak-2020-2590-1077	1077	two	1498	TWO
Zalizniak-2020-2590-1078	1078	turmeric (Curcuma)	2842	TURMERIC
Zalizniak-2020-2590-1079	1079	turbid	537	TURBID
Zalizniak-2020-2590-1080	1080	tuber		
Zalizniak-2020-2590-1081	1081	truth	1638	TRUTH
Zalizniak-2020-2590-1082	1082	trump (in cards)		
Zalizniak-2020-2590-1083	1083	truffle		
Zalizniak-2020-2590-1084	1084	trough	205	TROUGH
Zalizniak-2020-2590-1085	1085	troop (of animals)		
Zalizniak-2020-2590-1086	1086	trick, hocus-pocus		
Zalizniak-2020-2590-1087	1087	transversal, crosscut		
Zalizniak-2020-2590-1088	1088	toy	2403	TOY
Zalizniak-2020-2590-1089	1089	town	1391	TOWN
Zalizniak-2020-2590-1090	1090	tower	1671	TOWER
Zalizniak-2020-2590-1091	1091	toughened by being in a challening situation for a long time, specifically a military conflict		
Zalizniak-2020-2590-1092	1092	top/crown (of a tree)	3036	TREETOP
Zalizniak-2020-2590-1093	1093	tonsure (of monk)		
Zalizniak-2020-2590-1094	1094	tomorrow	1329	TOMORROW
Zalizniak-2020-2590-1095	1095	toilet	219	TOILET
Zalizniak-2020-2590-1096	1096	together	2482	TOGETHER
Zalizniak-2020-2590-1097	1097	today	1283	TODAY
Zalizniak-2020-2590-1098	1098	to wound (tr.)		
Zalizniak-2020-2590-1099	1099	to whisper	55	WHISPER
Zalizniak-2020-2590-1100	1100	to wave (of water)		
Zalizniak-2020-2590-1101	1101	to water, to give water		
Zalizniak-2020-2590-1102	1102	to water (plants)	3078	IRRIGATE
Zalizniak-2020-2590-1103	1103	to watch, look after		
Zalizniak-2020-2590-1104	1104	to warm up	2032	WARM UP
Zalizniak-2020-2590-1105	1105	to vomit	1278	VOMIT
Zalizniak-2020-2590-1106	1106	to unravel		
Zalizniak-2020-2590-1107	1107	to undress	1755	UNDRESS
Zalizniak-2020-2590-1108	1108	to turn round	1444	TURN AROUND
Zalizniak-2020-2590-1109	1109	to tin		
Zalizniak-2020-2590-1110	1110	to temper (iron)		
Zalizniak-2020-2590-1111	1111	to tame	3901	TAMING
Zalizniak-2020-2590-1112	1112	to take prisoner		
Zalizniak-2020-2590-1113	1113	to sympathize	3903	SYMPATHIZE
Zalizniak-2020-2590-1114	1114	to switch on		
Zalizniak-2020-2590-1115	1115	to swell up	1573	SWELL
Zalizniak-2020-2590-1116	1116	to sweat	126	SWEAT (PERSPIRE)
Zalizniak-2020-2590-1117	1117	to swear	1939	SWEAR
Zalizniak-2020-2590-1118	1118	to swallow	897	SWALLOW
Zalizniak-2020-2590-1119	1119	to surround	3274	ENCIRCLE
Zalizniak-2020-2590-1120	1120	to suit (of clothes)	764	SUIT
Zalizniak-2020-2590-1121	1121	to stop (tr.)	2880	HALT (STOP)
Zalizniak-2020-2590-1122	1122	to squeak	3692	SQUEAK
Zalizniak-2020-2590-1123	1123	to spit	1440	SPIT
Zalizniak-2020-2590-1124	1124	to spell		
Zalizniak-2020-2590-1125	1125	to spawn	2227	SPAWN (VERB)
Zalizniak-2020-2590-1126	1126	to spare, to economize		
Zalizniak-2020-2590-1127	1127	to soar		
Zalizniak-2020-2590-1128	1128	to smoke	1689	SMOKE (INHALE)
Zalizniak-2020-2590-1129	1129	to smile	1451	SMILE
Zalizniak-2020-2590-1130	1130	to slow, linger		
Zalizniak-2020-2590-1131	1131	to slide		
Zalizniak-2020-2590-1132	1132	to slander	3641	SLANDER
Zalizniak-2020-2590-1133	1133	to sink (tr.)	1088	SINK (DESCEND)
Zalizniak-2020-2590-1134	1134	to sin		
Zalizniak-2020-2590-1135	1135	to shrink	54	SHRINK
Zalizniak-2020-2590-1136	1136	to shed hair/feathers (animals), moult ; slough		
Zalizniak-2020-2590-1137	1137	to shed hair (of animals)		
Zalizniak-2020-2590-1138	1138	to share	884	SHARE
Zalizniak-2020-2590-1139	1139	to sew	1457	SEW
Zalizniak-2020-2590-1140	1140	to scream	3809	SCREAM (PRODUCE A CRY)
Zalizniak-2020-2590-1141	1141	to salt		
Zalizniak-2020-2590-1142	1142	to run out (of smth)		
Zalizniak-2020-2590-1143	1143	to rot, purefy	2907	ROT
Zalizniak-2020-2590-1144	1144	to roast	1962	ROAST (SOMETHING)
Zalizniak-2020-2590-1145	1145	to ride (e.g., a horse)	367	RIDE
Zalizniak-2020-2590-1146	1146	to revolt, rebel	567	REBEL
Zalizniak-2020-2590-1147	1147	to return (tr.)		
Zalizniak-2020-2590-1148	1148	to result in	1723	RESULT IN
Zalizniak-2020-2590-1149	1149	to remove, eliminate		
Zalizniak-2020-2590-1150	1150	to remind		
Zalizniak-2020-2590-1151	1151	to relieve		
Zalizniak-2020-2590-1152	1152	to reincarnate		
Zalizniak-2020-2590-1153	1153	to rein in		
Zalizniak-2020-2590-1154	1154	to refuse	49	REFUSE
Zalizniak-2020-2590-1155	1155	to recover a debt		
Zalizniak-2020-2590-1156	1156	to recognize	2870	RECOGNIZE (SOMEBODY)
Zalizniak-2020-2590-1157	1157	to put shoes on		
Zalizniak-2020-2590-1158	1158	to put into the ground		
Zalizniak-2020-2590-1159	1159	to pursue	1047	PURSUE
Zalizniak-2020-2590-1160	1160	to pump		
Zalizniak-2020-2590-1161	1161	to pull up (a plant)	3548	PULL UP WEEDS
Zalizniak-2020-2590-1162	1162	to pull hair		
Zalizniak-2020-2590-1163	1163	to prove, to argue		
Zalizniak-2020-2590-1164	1164	to prop up		
Zalizniak-2020-2590-1165	1165	to promote		
Zalizniak-2020-2590-1166	1166	to promise	1675	PROMISE
Zalizniak-2020-2590-1167	1167	to pretend (to be)	3631	PRETEND
Zalizniak-2020-2590-1168	1168	to prepare	2909	PREPARE
Zalizniak-2020-2590-1169	1169	to praise	3455	COMMEND
Zalizniak-2020-2590-1170	1170	to possess	684	OWN
Zalizniak-2020-2590-1171	1171	to play (a musical instrument)	3124	PLAY (INSTRUMENT)
Zalizniak-2020-2590-1172	1172	to pity		
Zalizniak-2020-2590-1173	1173	to perform		
Zalizniak-2020-2590-1174	1174	to peck (of a bird)	3684	PECK
Zalizniak-2020-2590-1175	1175	to pay	718	PAY
Zalizniak-2020-2590-1176	1176	to pasture, shepherd		
Zalizniak-2020-2590-1177	1177	to offend (tr.)	557	OFFEND
Zalizniak-2020-2590-1178	1178	to object		
Zalizniak-2020-2590-1179	1179	to neigh		
Zalizniak-2020-2590-1180	1180	to name		
Zalizniak-2020-2590-1181	1181	to move, to shift, to transfer		
Zalizniak-2020-2590-1182	1182	to miss the target	161	MISS (A TARGET)
Zalizniak-2020-2590-1183	1183	to miss somebogy, to long for	2328	MISS (SOMEBODY)
Zalizniak-2020-2590-1184	1184	to mention		
Zalizniak-2020-2590-1185	1185	to melt, to thaw	2334	MELT
Zalizniak-2020-2590-1186	1186	to make stand		
Zalizniak-2020-2590-1187	1187	to make sausage		
Zalizniak-2020-2590-1188	1188	to make hard		
Zalizniak-2020-2590-1189	1189	to make empty		
Zalizniak-2020-2590-1190	1190	to make do smth.		
Zalizniak-2020-2590-1191	1191	to make common, shared by several people		
Zalizniak-2020-2590-1192	1192	to make black		
Zalizniak-2020-2590-1193	1193	to make big, large		
Zalizniak-2020-2590-1194	1194	to look asquint		
Zalizniak-2020-2590-1195	1195	to loaf, do nothing		
Zalizniak-2020-2590-1196	1196	to like	1117	LIKE
Zalizniak-2020-2590-1197	1197	to lie down	215	LIE DOWN
Zalizniak-2020-2590-1198	1198	to lick	319	LICK
Zalizniak-2020-2590-1199	1199	to let go	1095	LET GO OR SET FREE
Zalizniak-2020-2590-1200	1200	to lengthen	3700	LENGTHEN
Zalizniak-2020-2590-1201	1201	to leave behind		
Zalizniak-2020-2590-1202	1202	to learn, find out		
Zalizniak-2020-2590-1203	1203	to lean on/against		
Zalizniak-2020-2590-1204	1204	to last	1186	LAST (ENDURE)
Zalizniak-2020-2590-1205	1205	to ladle out (soup)		
Zalizniak-2020-2590-1206	1206	to knock	2396	KNOCK
Zalizniak-2020-2590-1207	1207	to knead	274	KNEAD
Zalizniak-2020-2590-1208	1208	to kick	1135	KICK
Zalizniak-2020-2590-1209	1209	to judge		
Zalizniak-2020-2590-1210	1210	to joke	2760	MAKE A JOKE
Zalizniak-2020-2590-1211	1211	to join together (tr.)		
Zalizniak-2020-2590-1212	1212	to itch		
Zalizniak-2020-2590-1213	1213	to investigate	2010	INVESTIGATE
Zalizniak-2020-2590-1214	1214	to intoxicate		
Zalizniak-2020-2590-1215	1215	to insult	3204	INSULT
Zalizniak-2020-2590-1216	1216	to infringe	555	INFRINGE
Zalizniak-2020-2590-1217	1217	to induce	61	INDUCE
Zalizniak-2020-2590-1218	1218	to increase (tr.)		
Zalizniak-2020-2590-1219	1219	to improve	2872	IMPROVE (SOMETHING)
Zalizniak-2020-2590-1220	1220	to hunt	1435	HUNT
Zalizniak-2020-2590-1221	1221	to howl	526	HOWL
Zalizniak-2020-2590-1222	1222	to hiss	3685	HISS
Zalizniak-2020-2590-1223	1223	to hint		
Zalizniak-2020-2590-1224	1224	to heal (of a wound)		
Zalizniak-2020-2590-1225	1225	to have mercy		
Zalizniak-2020-2590-1226	1226	to have	773	HAVE
Zalizniak-2020-2590-1227	1227	to hate, to dislike	1607	HATE
Zalizniak-2020-2590-1228	1228	to hatch eggs	3116	HATCH (OUT)
Zalizniak-2020-2590-1229	1229	to happen	248	HAPPEN
Zalizniak-2020-2590-1230	1230	to guess	1932	GUESS
Zalizniak-2020-2590-1231	1231	to grumble		
Zalizniak-2020-2590-1232	1232	to growl	3679	GROWL
Zalizniak-2020-2590-1233	1233	to grieve (tr.)		
Zalizniak-2020-2590-1234	1234	to greet	3552	GREET
Zalizniak-2020-2590-1235	1235	to go apart, in various directions		
Zalizniak-2020-2590-1236	1236	to go against the wind		
Zalizniak-2020-2590-1237	1237	to gnaw	2706	GNAW
Zalizniak-2020-2590-1238	1238	to glorify		
Zalizniak-2020-2590-1239	1239	to get wet	2324	GET WET
Zalizniak-2020-2590-1240	1240	to get mouldy (musty)		
Zalizniak-2020-2590-1241	1241	to get (to), to find oneself (in)		
Zalizniak-2020-2590-1242	1242	to gather in the crops		
Zalizniak-2020-2590-1243	1243	to gamble		
Zalizniak-2020-2590-1244	1244	to freeze, to be cold	1431	FREEZE
Zalizniak-2020-2590-1245	1245	to flow into		
Zalizniak-2020-2590-1246	1246	to flatter	2709	FLATTER
Zalizniak-2020-2590-1247	1247	to fire (of a weapon)		
Zalizniak-2020-2590-1248	1248	to fence		
Zalizniak-2020-2590-1249	1249	to feel thirsty	3474	BE THIRSTY
Zalizniak-2020-2590-1250	1250	to escape	1615	ESCAPE
Zalizniak-2020-2590-1251	1251	to equalize		
Zalizniak-2020-2590-1252	1252	to enjoy		
Zalizniak-2020-2590-1253	1253	to end		
Zalizniak-2020-2590-1254	1254	to emit smoke	2859	SMOKE (EMIT SMOKE)
Zalizniak-2020-2590-1255	1255	to earth up (plants)		
Zalizniak-2020-2590-1256	1256	to dye	157	DYE
Zalizniak-2020-2590-1257	1257	to drop (tr.)	2866	DROP (SOMETHING)
Zalizniak-2020-2590-1258	1258	to drill	1501	BORE
Zalizniak-2020-2590-1259	1259	to dream while sleeping		
Zalizniak-2020-2590-1260	1260	to draw, paint	2001	PAINTING
Zalizniak-2020-2590-1261	1261	to draw water	1911	DRAW (WATER)
Zalizniak-2020-2590-1262	1262	to draft (for the army)		
Zalizniak-2020-2590-1263	1263	to distinguish		
Zalizniak-2020-2590-1264	1264	to dissolve in liquid (tr.)		
Zalizniak-2020-2590-1265	1265	to dislocate (of a joint)	551	DISLOCATE
Zalizniak-2020-2590-1266	1266	to disgrace, dishonor	75	DISGRACE
Zalizniak-2020-2590-1267	1267	to disdain		
Zalizniak-2020-2590-1268	1268	to discover game animals or birds (hunting)		
Zalizniak-2020-2590-1269	1269	to diminish	1184	DIMINISH
Zalizniak-2020-2590-1270	1270	to dilute	550	DILUTE
Zalizniak-2020-2590-1271	1271	to detect	3895	DETECT
Zalizniak-2020-2590-1272	1272	to despair		
Zalizniak-2020-2590-1273	1273	to desire	2117	DESIRE
Zalizniak-2020-2590-1274	1274	to deprive		
Zalizniak-2020-2590-1275	1275	to dense		
Zalizniak-2020-2590-1276	1276	to decline from the route		
Zalizniak-2020-2590-1277	1277	to decide	685	DECIDE
Zalizniak-2020-2590-1278	1278	to deal with		
Zalizniak-2020-2590-1279	1279	to dawn		
Zalizniak-2020-2590-1280	1280	to cut up	2149	CHOP (INTO PIECES)
Zalizniak-2020-2590-1281	1281	to cure, treat (medically)	499	CURE
Zalizniak-2020-2590-1282	1282	to cry (of animals)		
Zalizniak-2020-2590-1283	1283	to croak		
Zalizniak-2020-2590-1284	1284	to creak		
Zalizniak-2020-2590-1285	1285	to crackle		
Zalizniak-2020-2590-1286	1286	to cook, boil		
Zalizniak-2020-2590-1287	1287	to cook (prepare food)	1100	COOK (SOMETHING)
Zalizniak-2020-2590-1288	1288	to contain	697	CONTAIN
Zalizniak-2020-2590-1289	1289	to consider		
Zalizniak-2020-2590-1290	1290	to come to end, to ceise	2115	CEASE OR FINISH
Zalizniak-2020-2590-1291	1291	to climb	1102	CLIMB
Zalizniak-2020-2590-1292	1292	to clench fist		
Zalizniak-2020-2590-1293	1293	to change money		
Zalizniak-2020-2590-1294	1294	to change clothes		
Zalizniak-2020-2590-1295	1295	to cause to want, desire		
Zalizniak-2020-2590-1296	1296	to cause to moving		
Zalizniak-2020-2590-1297	1297	to catch	702	CATCH
Zalizniak-2020-2590-1298	1298	to cast out		
Zalizniak-2020-2590-1299	1299	to carp, find faults	2193	CARP
Zalizniak-2020-2590-1300	1300	to calm down		
Zalizniak-2020-2590-1301	1301	to cackle, to cluck	3683	CACKLE
Zalizniak-2020-2590-1302	1302	to buy	1869	BUY
Zalizniak-2020-2590-1303	1303	to build	1840	BUILD
Zalizniak-2020-2590-1304	1304	to bring	692	BRING
Zalizniak-2020-2590-1305	1305	to bridle		
Zalizniak-2020-2590-1306	1306	to break (intr.)	3020	BREAK (BREAKING)
Zalizniak-2020-2590-1307	1307	to blunt		
Zalizniak-2020-2590-1308	1308	to blow (about wind)	175	BLOW (OF WIND)
Zalizniak-2020-2590-1309	1309	to bite (of a fish)		
Zalizniak-2020-2590-1310	1310	to bind to		
Zalizniak-2020-2590-1311	1311	to beware, be careful		
Zalizniak-2020-2590-1312	1312	to become unavoidable		
Zalizniak-2020-2590-1313	1313	to become ready (of food)	2210	BECOME PREPARED (OF FOOD)
Zalizniak-2020-2590-1314	1314	to become dumb		
Zalizniak-2020-2590-1315	1315	to become dirty, soiled		
Zalizniak-2020-2590-1316	1316	to become better		
Zalizniak-2020-2590-1317	1317	to be zealous		
Zalizniak-2020-2590-1318	1318	to be torn		
Zalizniak-2020-2590-1319	1319	to be situated	62	BE SITUATED
Zalizniak-2020-2590-1320	1320	to be separated		
Zalizniak-2020-2590-1321	1321	to be on good terms (with)		
Zalizniak-2020-2590-1322	1322	to be lame in one leg		
Zalizniak-2020-2590-1323	1323	to be keen of		
Zalizniak-2020-2590-1324	1324	to be jealous	2821	JEALOUS
Zalizniak-2020-2590-1325	1325	to be in time		
Zalizniak-2020-2590-1326	1326	to be in debt		
Zalizniak-2020-2590-1327	1327	to be friends		
Zalizniak-2020-2590-1328	1328	to be extinguished (light)	2209	BECOME EXTINGUISHED
Zalizniak-2020-2590-1329	1329	to be exited		
Zalizniak-2020-2590-1330	1330	to be engaged in commerce		
Zalizniak-2020-2590-1331	1331	to be carried out		
Zalizniak-2020-2590-1332	1332	to be ashamed	1894	ASHAMED
Zalizniak-2020-2590-1333	1333	to be alike	1558	SIMILAR
Zalizniak-2020-2590-1334	1334	to bargain about the price		
Zalizniak-2020-2590-1335	1335	to baptize, christen		
Zalizniak-2020-2590-1336	1336	to attack		
Zalizniak-2020-2590-1337	1337	to arrange into a line		
Zalizniak-2020-2590-1338	1338	to approach, come near	1778	APPROACH
Zalizniak-2020-2590-1339	1339	to appoint (to a position)		
Zalizniak-2020-2590-1340	1340	to appear for a moment be glimpsed fleetingly		
Zalizniak-2020-2590-1341	1341	to agree	3643	AGREE
Zalizniak-2020-2590-1342	1342	to add	2882	ADD
Zalizniak-2020-2590-1343	1343	to act according to		
Zalizniak-2020-2590-1344	1344	to accompany (music)	1542	ACCOMPANY
Zalizniak-2020-2590-1345	1345	tin (n.)	893	TIN (METAL)
Zalizniak-2020-2590-1346	1346	tight, taut	3053	TIGHT
Zalizniak-2020-2590-1347	1347	tiger	846	TIGER
Zalizniak-2020-2590-1348	1348	tick (Acarina)	1527	TICK
Zalizniak-2020-2590-1349	1349	thread	1161	THREAD
Zalizniak-2020-2590-1350	1350	thirst	848	THIRST
Zalizniak-2020-2590-1351	1351	thing	738	THING
Zalizniak-2020-2590-1352	1352	thin (of liquid)	3545	WATERY
Zalizniak-2020-2590-1353	1353	there	1937	THERE
Zalizniak-2020-2590-1354	1354	testicle	797	TESTICLES
Zalizniak-2020-2590-1355	1355	ten thousand	2078	TEN THOUSAND
Zalizniak-2020-2590-1356	1356	teacher	1038	TEACHER
Zalizniak-2020-2590-1357	1357	tea	1373	TEA
Zalizniak-2020-2590-1358	1358	taste (n.)		
Zalizniak-2020-2590-1359	1359	taro (Colocasia esculenta)	351	TARO
Zalizniak-2020-2590-1360	1360	tamarind (Tamarindus indica)	35	TAMARIND
Zalizniak-2020-2590-1361	1361	taciturn		
Zalizniak-2020-2590-1362	1362	sweet potato (Ipomoea batatas)	159	SWEET POTATO
Zalizniak-2020-2590-1363	1363	sudden		
Zalizniak-2020-2590-1364	1364	substance		
Zalizniak-2020-2590-1365	1365	strong (wind, frost)		
Zalizniak-2020-2590-1366	1366	string (of a musical instrument)		
Zalizniak-2020-2590-1367	1367	street	1362	STREET
Zalizniak-2020-2590-1368	1368	strange	600	STRANGE
Zalizniak-2020-2590-1369	1369	strait	1661	STRAIT
Zalizniak-2020-2590-1370	1370	story	2060	STORY
Zalizniak-2020-2590-1371	1371	storehouse; depo	3399	WAREHOUSE
Zalizniak-2020-2590-1372	1372	stopper, plug		
Zalizniak-2020-2590-1373	1373	stop, stand (n.)		
Zalizniak-2020-2590-1374	1374	stomach	819	STOMACH
Zalizniak-2020-2590-1375	1375	stepson	1059	STEPSON
Zalizniak-2020-2590-1376	1376	steppe, plain	652	PLAIN
Zalizniak-2020-2590-1377	1377	stepfather	237	STEPFATHER
Zalizniak-2020-2590-1378	1378	step, pace		
Zalizniak-2020-2590-1379	1379	stench		
Zalizniak-2020-2590-1380	1380	steep	2717	STEEP
Zalizniak-2020-2590-1381	1381	steam	1193	STEAM
Zalizniak-2020-2590-1382	1382	stammerer		
Zalizniak-2020-2590-1383	1383	stamen		
Zalizniak-2020-2590-1384	1384	stairs	34	STAIRS
Zalizniak-2020-2590-1385	1385	squirrel (Sciurus)	1628	SQUIRREL
Zalizniak-2020-2590-1386	1386	spouse	2514	SPOUSE
Zalizniak-2020-2590-1387	1387	spotted		
Zalizniak-2020-2590-1388	1388	spoon	1378	SPOON
Zalizniak-2020-2590-1389	1389	spoke	182	SPOKE
Zalizniak-2020-2590-1390	1390	spleen (anat.)	1744	SPLEEN
Zalizniak-2020-2590-1391	1391	spirit	53	SPIRIT
Zalizniak-2020-2590-1392	1392	spider web	1065	SPIDER WEB
Zalizniak-2020-2590-1393	1393	sphere; ball		
Zalizniak-2020-2590-1394	1394	sperm	1505	SPERM
Zalizniak-2020-2590-1395	1395	speech, statement		
Zalizniak-2020-2590-1396	1396	speech	1115	SPEECH
Zalizniak-2020-2590-1397	1397	spectacles	1898	SPECTACLES
Zalizniak-2020-2590-1398	1398	spawning		
Zalizniak-2020-2590-1399	1399	spark	518	SPARK
Zalizniak-2020-2590-1400	1400	space		
Zalizniak-2020-2590-1401	1401	sound	2879	SOUND (OF INSTRUMENT OR VOICE)
Zalizniak-2020-2590-1402	1402	sorrowful	145	SORROWFUL
Zalizniak-2020-2590-1403	1403	soot	830	SOOT
Zalizniak-2020-2590-1404	1404	sole, unique		
Zalizniak-2020-2590-1405	1405	sober	69	SOBER
Zalizniak-2020-2590-1406	1406	soaked in sauce		
Zalizniak-2020-2590-1407	1407	snowball tree, guelder-rose, viburnum		
Zalizniak-2020-2590-1408	1408	skin (of an animal)	2614	SKIN (ANIMAL)
Zalizniak-2020-2590-1409	1409	skill; know(-)how		
Zalizniak-2020-2590-1410	1410	sizing tool		
Zalizniak-2020-2590-1411	1411	sinus (math.)		
Zalizniak-2020-2590-1412	1412	single-eyed		
Zalizniak-2020-2590-1413	1413	sin	2971	SIN
Zalizniak-2020-2590-1414	1414	silent	48	BE SILENT
Zalizniak-2020-2590-1415	1415	sigh		
Zalizniak-2020-2590-1416	1416	sieve (n.)	3353	SIEVE (TOOL)
Zalizniak-2020-2590-1417	1417	shuttle (weaving instrument)	543	SHUTTLE
Zalizniak-2020-2590-1418	1418	shrimp, prawn	2686	CRUSTACEANS (PRAWNS OR SHRIMP)
Zalizniak-2020-2590-1419	1419	shout, scream		
Zalizniak-2020-2590-1420	1420	should		
Zalizniak-2020-2590-1421	1421	shortly		
Zalizniak-2020-2590-1422	1422	shooter		
Zalizniak-2020-2590-1423	1423	sheet of paper		
Zalizniak-2020-2590-1424	1424	sheep	1331	SHEEP
Zalizniak-2020-2590-1425	1425	sheath	3424	SHEATH
Zalizniak-2020-2590-1426	1426	shapeless		
Zalizniak-2020-2590-1427	1427	shape, form	3747	SHAPE
Zalizniak-2020-2590-1428	1428	shadow theatre		
Zalizniak-2020-2590-1429	1429	shadberry		
Zalizniak-2020-2590-1430	1430	severe	419	SEVERE
Zalizniak-2020-2590-1431	1431	service, good turn		
Zalizniak-2020-2590-1432	1432	separately		
Zalizniak-2020-2590-1433	1433	separate (adj.)		
Zalizniak-2020-2590-1434	1434	sentence (by a court)	390	PUNISHMENT
Zalizniak-2020-2590-1435	1435	seat, chair	1476	CHAIR
Zalizniak-2020-2590-1436	1436	season (of the year)	691	SEASON
Zalizniak-2020-2590-1437	1437	seal (animal)	651	SEAL
Zalizniak-2020-2590-1438	1438	seagull	950	SEAGULL
Zalizniak-2020-2590-1439	1439	screw, screw-bolt	1802	SCREW
Zalizniak-2020-2590-1440	1440	sawdust		
Zalizniak-2020-2590-1441	1441	saw	1948	SAW
Zalizniak-2020-2590-1442	1442	sated by food	106	SATIATED
Zalizniak-2020-2590-1443	1443	sapling		
Zalizniak-2020-2590-1444	1444	sap (of a plant)	345	SAP
Zalizniak-2020-2590-1445	1445	saffron (Crocus sativus)		
Zalizniak-2020-2590-1446	1446	saddle	3065	SADDLE
Zalizniak-2020-2590-1447	1447	rusty		
Zalizniak-2020-2590-1448	1448	rush (plant)		
Zalizniak-2020-2590-1449	1449	ruff (Acerina cernua)		
Zalizniak-2020-2590-1450	1450	rudder (of a boat)	108	RUDDER
Zalizniak-2020-2590-1451	1451	ruby (stone)		
Zalizniak-2020-2590-1452	1452	root vegetable		
Zalizniak-2020-2590-1453	1453	room	1450	ROOM
Zalizniak-2020-2590-1454	1454	rolling-pin		
Zalizniak-2020-2590-1455	1455	rock	668	ROCK
Zalizniak-2020-2590-1456	1456	robbery		
Zalizniak-2020-2590-1457	1457	river-bed	993	RIVER BED
Zalizniak-2020-2590-1458	1458	right side		
Zalizniak-2020-2590-1459	1459	rice	926	RICE
Zalizniak-2020-2590-1460	1460	rheumatism		
Zalizniak-2020-2590-1461	1461	revenge		
Zalizniak-2020-2590-1462	1462	reed	659	REED
Zalizniak-2020-2590-1463	1463	recently		
Zalizniak-2020-2590-1464	1464	ready	790	READY
Zalizniak-2020-2590-1465	1465	rat (Rattus)	1490	RAT
Zalizniak-2020-2590-1466	1466	rain	658	RAIN (PRECIPITATION)
Zalizniak-2020-2590-1467	1467	quiver	995	QUIVER (FOR ARROWS)
Zalizniak-2020-2590-1468	1468	quince		
Zalizniak-2020-2590-1469	1469	queen	1306	QUEEN
Zalizniak-2020-2590-1470	1470	quarrel	1848	QUARREL
Zalizniak-2020-2590-1471	1471	push button		
Zalizniak-2020-2590-1472	1472	punishment	390	PUNISHMENT
Zalizniak-2020-2590-1473	1473	proud	174	PROUD
Zalizniak-2020-2590-1474	1474	prosperity		
Zalizniak-2020-2590-1475	1475	property, possessions	3860	POSSESSIONS
Zalizniak-2020-2590-1476	1476	probable		
Zalizniak-2020-2590-1477	1477	prison	1281	PRISON
Zalizniak-2020-2590-1478	1478	powerless		
Zalizniak-2020-2590-1479	1479	poverty	4066	POVERTY
Zalizniak-2020-2590-1480	1480	pottery fragment		
Zalizniak-2020-2590-1481	1481	pomegranate	3732	POMEGRANATE
Zalizniak-2020-2590-1482	1482	pole		
Zalizniak-2020-2590-1483	1483	poisonous	888	POISONOUS
Zalizniak-2020-2590-1484	1484	poetry	541	POETRY
Zalizniak-2020-2590-1485	1485	poet	1045	POET
Zalizniak-2020-2590-1486	1486	pod		
Zalizniak-2020-2590-1487	1487	plum	4063	PLUM
Zalizniak-2020-2590-1488	1488	plot of land		
Zalizniak-2020-2590-1489	1489	pleasure	3916	PLEASURE
Zalizniak-2020-2590-1490	1490	pleasant		
Zalizniak-2020-2590-1491	1491	platan		
Zalizniak-2020-2590-1492	1492	planet	4042	PLANET
Zalizniak-2020-2590-1493	1493	plait, braid	1043	BRAID
Zalizniak-2020-2590-1494	1494	place	723	PLACE (POSITION)
Zalizniak-2020-2590-1495	1495	pit	2539	PIT (POTHOLE)
Zalizniak-2020-2590-1496	1496	pimple	1809	PIMPLE
Zalizniak-2020-2590-1497	1497	pilot sucker		
Zalizniak-2020-2590-1498	1498	pillar	2045	COLUMN
Zalizniak-2020-2590-1499	1499	pig`s snout		
Zalizniak-2020-2590-1500	1500	phantom, ghost	1175	GHOST
Zalizniak-2020-2590-1501	1501	petroleum, oil	650	PETROLEUM
Zalizniak-2020-2590-1502	1502	person of small stature		
Zalizniak-2020-2590-1503	1503	perfect person		
Zalizniak-2020-2590-1504	1504	perch (Perca fluviatilis)	2966	PERCH (FISH)
Zalizniak-2020-2590-1505	1505	pelican (Pelecanus)	472	PELICAN
Zalizniak-2020-2590-1506	1506	peer		
Zalizniak-2020-2590-1507	1507	peach	2043	PEACH
Zalizniak-2020-2590-1508	1508	pea	2025	PEA
Zalizniak-2020-2590-1509	1509	payment		
Zalizniak-2020-2590-1510	1510	patch		
Zalizniak-2020-2590-1511	1511	palm (body part)	1183	PALM OF HAND
Zalizniak-2020-2590-1512	1512	pale		
Zalizniak-2020-2590-1513	1513	palace	4059	PALACE
Zalizniak-2020-2590-1514	1514	pair of compasses		
Zalizniak-2020-2590-1515	1515	pair	1888	PAIR
Zalizniak-2020-2590-1516	1516	paint, dye (n.)	647	PAINT (PIGMENTS)
Zalizniak-2020-2590-1517	1517	owre, buffalo (Bubalus bubalis)	934	BUFFALO
Zalizniak-2020-2590-1518	1518	overcoat		
Zalizniak-2020-2590-1519	1519	osprey (Pandion haliaёtus)		
Zalizniak-2020-2590-1520	1520	order		
Zalizniak-2020-2590-1521	1521	opportunity		
Zalizniak-2020-2590-1522	1522	opossum	309	OPOSSUM
Zalizniak-2020-2590-1523	1523	onion	2366	ONION
Zalizniak-2020-2590-1524	1524	omen	107	OMEN
Zalizniak-2020-2590-1525	1525	ochre		
Zalizniak-2020-2590-1526	1526	ocean	645	OCEAN
Zalizniak-2020-2590-1527	1527	obvious		
Zalizniak-2020-2590-1528	1528	oats		
Zalizniak-2020-2590-1529	1529	novice		
Zalizniak-2020-2590-1530	1530	not long		
Zalizniak-2020-2590-1531	1531	nostril	1178	NOSTRIL
Zalizniak-2020-2590-1532	1532	normal		
Zalizniak-2020-2590-1533	1533	noon	12	MIDDAY
Zalizniak-2020-2590-1534	1534	noble	482	NOBLE
Zalizniak-2020-2590-1535	1535	niece	1642	NIECE
Zalizniak-2020-2590-1536	1536	next	1354	NEXT
Zalizniak-2020-2590-1537	1537	net, toils, network		
Zalizniak-2020-2590-1538	1538	nestling, baby bird		
Zalizniak-2020-2590-1539	1539	nephew	1063	NEPHEW
Zalizniak-2020-2590-1540	1540	needle-leaved forest		
Zalizniak-2020-2590-1541	1541	needle	1382	NEEDLE (FOR SEWING)
Zalizniak-2020-2590-1542	1542	nature		
Zalizniak-2020-2590-1543	1543	native		
Zalizniak-2020-2590-1544	1544	nap, shag (of a carpet)		
Zalizniak-2020-2590-1545	1545	nameless		
Zalizniak-2020-2590-1546	1546	must		
Zalizniak-2020-2590-1547	1547	music	642	MUSIC
Zalizniak-2020-2590-1548	1548	muscle	1004	MUSCLE
Zalizniak-2020-2590-1549	1549	murderer		
Zalizniak-2020-2590-1550	1550	mule	890	MULE
Zalizniak-2020-2590-1551	1551	mountain slope	3076	SLOPE
Zalizniak-2020-2590-1552	1552	mountain ridge, edge	2123	MOUNTAIN RIDGE
Zalizniak-2020-2590-1553	1553	mountain foot	2122	MOUNTAIN FOOT
Zalizniak-2020-2590-1554	1554	mould	1166	MOULD
Zalizniak-2020-2590-1555	1555	mother-in-law	1050	MOTHER-IN-LAW
Zalizniak-2020-2590-1556	1556	mortal		
Zalizniak-2020-2590-1557	1557	moose	1772	ELK
Zalizniak-2020-2590-1558	1558	mood		
Zalizniak-2020-2590-1559	1559	money	1559	MONEY
Zalizniak-2020-2590-1560	1560	mole (Talpa)	1907	MOLE
Zalizniak-2020-2590-1561	1561	moisture		
Zalizniak-2020-2590-1562	1562	mobile		
Zalizniak-2020-2590-1563	1563	missing, failing		
Zalizniak-2020-2590-1564	1564	misfortune		
Zalizniak-2020-2590-1565	1565	miracle	2541	MIRACLE
Zalizniak-2020-2590-1566	1566	midnight	2656	MIDNIGHT
Zalizniak-2020-2590-1567	1567	messenger		
Zalizniak-2020-2590-1568	1568	mental hospital		
Zalizniak-2020-2590-1569	1569	meek		
Zalizniak-2020-2590-1570	1570	medusa, jellyfish		
Zalizniak-2020-2590-1571	1571	medlar		
Zalizniak-2020-2590-1572	1572	meaningless		
Zalizniak-2020-2590-1573	1573	meadow-sweet		
Zalizniak-2020-2590-1574	1574	mattress	105	MATTRESS
Zalizniak-2020-2590-1575	1575	matchmaker		
Zalizniak-2020-2590-1576	1576	match	1133	MATCH
Zalizniak-2020-2590-1577	1577	mat	195	MAT
Zalizniak-2020-2590-1578	1578	mask	2005	MASK
Zalizniak-2020-2590-1579	1579	mark, grade (at school)		
Zalizniak-2020-2590-1580	1580	maple (Acer)	3248	MAPLE TREE
Zalizniak-2020-2590-1581	1581	maple		
Zalizniak-2020-2590-1582	1582	many-coloured, motley		
Zalizniak-2020-2590-1583	1583	manufacturer, producer		
Zalizniak-2020-2590-1584	1584	mangy, scabby		
Zalizniak-2020-2590-1585	1585	mango	2398	MANGO
Zalizniak-2020-2590-1586	1586	man with a big moustache		
Zalizniak-2020-2590-1587	1587	male (animal)	2263	MALE (OF ANIMAL)
Zalizniak-2020-2590-1588	1588	maize	506	MAIZE
Zalizniak-2020-2590-1589	1589	magpie (Pica pica)	2039	MAGPIE
Zalizniak-2020-2590-1590	1590	love		
Zalizniak-2020-2590-1591	1591	louse	1392	LOUSE
Zalizniak-2020-2590-1592	1592	lotus	2359	LOTUS
Zalizniak-2020-2590-1593	1593	lot		
Zalizniak-2020-2590-1594	1594	lose weight		
Zalizniak-2020-2590-1595	1595	long stick		
Zalizniak-2020-2590-1596	1596	log		
Zalizniak-2020-2590-1597	1597	lock (n.)	1596	LOCK
Zalizniak-2020-2590-1598	1598	lock		
Zalizniak-2020-2590-1599	1599	loach (fish, Misgurnus)		
Zalizniak-2020-2590-1600	1600	lively person		
Zalizniak-2020-2590-1601	1601	little finger	2774	LITTLE FINGER
Zalizniak-2020-2590-1602	1602	literally		
Zalizniak-2020-2590-1603	1603	listener		
Zalizniak-2020-2590-1604	1604	line	1048	LINE
Zalizniak-2020-2590-1605	1605	light-headed		
Zalizniak-2020-2590-1606	1606	ligament (anat.)		
Zalizniak-2020-2590-1607	1607	letter (character)		
Zalizniak-2020-2590-1608	1608	leprosy	3624	LEPROSY
Zalizniak-2020-2590-1609	1609	leek		
Zalizniak-2020-2590-1610	1610	leafy tops of root vegetables		
Zalizniak-2020-2590-1611	1611	layer		
Zalizniak-2020-2590-1612	1612	last	1529	LAST (FINAL)
Zalizniak-2020-2590-1613	1613	larch	116	LARCH
Zalizniak-2020-2590-1614	1614	lapwing (Vanellus)		
Zalizniak-2020-2590-1615	1615	language	1307	LANGUAGE
Zalizniak-2020-2590-1616	1616	lame person	2322	LAME PERSON
Zalizniak-2020-2590-1617	1617	lake	624	LAKE
Zalizniak-2020-2590-1618	1618	knowledge		
Zalizniak-2020-2590-1619	1619	knee-pan		
Zalizniak-2020-2590-1620	1620	kind, good-hearted	3299	KIND
Zalizniak-2020-2590-1621	1621	kind (n.)	844	KIND (THING)
Zalizniak-2020-2590-1622	1622	juniper (Juniperus)		
Zalizniak-2020-2590-1623	1623	jumper		
Zalizniak-2020-2590-1624	1624	juice	1499	JUICE
Zalizniak-2020-2590-1625	1625	jester		
Zalizniak-2020-2590-1626	1626	it's a pity		
Zalizniak-2020-2590-1627	1627	island	622	ISLAND
Zalizniak-2020-2590-1628	1628	intestinal worm	3623	INTESTINAL WORM
Zalizniak-2020-2590-1629	1629	interval		
Zalizniak-2020-2590-1630	1630	interest	3847	INTEREST (FEELING)
Zalizniak-2020-2590-1631	1631	innocent	90	INNOCENT
Zalizniak-2020-2590-1632	1632	inner side of hide		
Zalizniak-2020-2590-1633	1633	inland		
Zalizniak-2020-2590-1634	1634	inhabitant	4048	INHABITANT
Zalizniak-2020-2590-1635	1635	infertile (soil)		
Zalizniak-2020-2590-1636	1636	inevitable		
Zalizniak-2020-2590-1637	1637	in the standing position		
Zalizniak-2020-2590-1638	1638	important	1285	IMPORTANT
Zalizniak-2020-2590-1639	1639	immediately	1963	IMMEDIATELY
Zalizniak-2020-2590-1640	1640	image		
Zalizniak-2020-2590-1641	1641	illiterate		
Zalizniak-2020-2590-1642	1642	idler, loafer		
Zalizniak-2020-2590-1643	1643	ice-crusted ground		
Zalizniak-2020-2590-1644	1644	husband's father	2254	FATHER-IN-LAW (OF WOMAN)
Zalizniak-2020-2590-1645	1645	hunt down		
Zalizniak-2020-2590-1646	1646	hunt (n.), hunting		
Zalizniak-2020-2590-1647	1647	hungry		
Zalizniak-2020-2590-1648	1648	hummingbird	1589	HUMMINGBIRD
Zalizniak-2020-2590-1649	1649	hummel, hornless		
Zalizniak-2020-2590-1650	1650	hot-tempered		
Zalizniak-2020-2590-1651	1651	hornbeam		
Zalizniak-2020-2590-1652	1652	hood (of car)		
Zalizniak-2020-2590-1653	1653	honeysuckle		
Zalizniak-2020-2590-1654	1654	honeycomb	3947	HONEYCOMB
Zalizniak-2020-2590-1655	1655	hoar-frost	2942	HOARFROST
Zalizniak-2020-2590-1656	1656	heterosexual		
Zalizniak-2020-2590-1657	1657	heron	758	HERON
Zalizniak-2020-2590-1658	1658	hermit		
Zalizniak-2020-2590-1659	1659	here	136	HERE
Zalizniak-2020-2590-1660	1660	herder, herdsman, shepherd		
Zalizniak-2020-2590-1661	1661	herald, messenger		
Zalizniak-2020-2590-1662	1662	henbane		
Zalizniak-2020-2590-1663	1663	hem (of a skirt)		
Zalizniak-2020-2590-1664	1664	help, aid (n.)	3467	HELP (ASSISTANCE)
Zalizniak-2020-2590-1665	1665	helmet	1680	HELMET
Zalizniak-2020-2590-1666	1666	height (of a person)	2528	SIZE (OF PERSON)
Zalizniak-2020-2590-1667	1667	heathen, pagan		
Zalizniak-2020-2590-1668	1668	heap, pile	2984	HEAP
Zalizniak-2020-2590-1669	1669	heading, title		
Zalizniak-2020-2590-1670	1670	hazel grouse (Tetrastes bonasia)		
Zalizniak-2020-2590-1671	1671	hawk (Accipiter)	307	HAWK
Zalizniak-2020-2590-1672	1672	hatched egg without embryo		
Zalizniak-2020-2590-1673	1673	harrow	2545	HARROW (TOOL)
Zalizniak-2020-2590-1674	1674	harm, damage	2947	DAMAGE (INJURY)
Zalizniak-2020-2590-1675	1675	handwriting		
Zalizniak-2020-2590-1676	1676	handful		
Zalizniak-2020-2590-1677	1677	hand	1277	HAND
Zalizniak-2020-2590-1678	1678	hammer	1481	HAMMER
Zalizniak-2020-2590-1679	1679	half	816	HALF
Zalizniak-2020-2590-1680	1680	hajji		
Zalizniak-2020-2590-1681	1681	habit		
Zalizniak-2020-2590-1682	1682	guilt	4125	GUILT
Zalizniak-2020-2590-1683	1683	grown-up, adult	3635	ADULT
Zalizniak-2020-2590-1684	1684	grey-haired		
Zalizniak-2020-2590-1685	1685	greediness		
Zalizniak-2020-2590-1686	1686	granule		
Zalizniak-2020-2590-1687	1687	grandchild	1617	GRANDCHILD
Zalizniak-2020-2590-1688	1688	gooseberry		
Zalizniak-2020-2590-1689	1689	good shooter		
Zalizniak-2020-2590-1690	1690	goal frame (sport)		
Zalizniak-2020-2590-1691	1691	goal (sport result)		
Zalizniak-2020-2590-1692	1692	gills	1916	GILL
Zalizniak-2020-2590-1693	1693	genitalia	198	GENITALIA
Zalizniak-2020-2590-1694	1694	generous with money		
Zalizniak-2020-2590-1695	1695	gate	2940	GATE
Zalizniak-2020-2590-1696	1696	garlic (Allium sativum)	2368	GARLIC
Zalizniak-2020-2590-1697	1697	furnace		
Zalizniak-2020-2590-1698	1698	fun, gaiety		
Zalizniak-2020-2590-1699	1699	freedom		
Zalizniak-2020-2590-1700	1700	freak, oddity		
Zalizniak-2020-2590-1701	1701	foundation, basement		
Zalizniak-2020-2590-1702	1702	forelock		
Zalizniak-2020-2590-1703	1703	ford	2818	FORD (CROSSING)
Zalizniak-2020-2590-1704	1704	foot-wear	1381	SHOE
Zalizniak-2020-2590-1705	1705	flute	777	FLUTE
Zalizniak-2020-2590-1706	1706	flea	232	FLEA
Zalizniak-2020-2590-1707	1707	flat, even		
Zalizniak-2020-2590-1708	1708	flank (body part)		
Zalizniak-2020-2590-1709	1709	five	493	FIVE
Zalizniak-2020-2590-1710	1710	fishing float (bobber)		
Zalizniak-2020-2590-1711	1711	fisherman	1858	FISHERMAN
Zalizniak-2020-2590-1712	1712	fireplace	185	FIREPLACE
Zalizniak-2020-2590-1713	1713	ferment, leaven		
Zalizniak-2020-2590-1714	1714	ferment		
Zalizniak-2020-2590-1715	1715	fence	1690	FENCE
Zalizniak-2020-2590-1716	1716	female servant, maid		
Zalizniak-2020-2590-1717	1717	female calf		
Zalizniak-2020-2590-1718	1718	fellow traveller		
Zalizniak-2020-2590-1719	1719	feathering		
Zalizniak-2020-2590-1720	1720	feast		
Zalizniak-2020-2590-1721	1721	father-in-law	1055	FATHER-IN-LAW
Zalizniak-2020-2590-1722	1722	fast (n.)		
Zalizniak-2020-2590-1723	1723	farmer	979	FARMER
Zalizniak-2020-2590-1724	1724	family	194	FAMILY
Zalizniak-2020-2590-1725	1725	falcon	3258	FALCON
Zalizniak-2020-2590-1726	1726	fairy tale	2937	FAIRY TALE
Zalizniak-2020-2590-1727	1727	faeces	675	FAECES (EXCREMENT)
Zalizniak-2020-2590-1728	1728	eyeball	3807	EYEBALL
Zalizniak-2020-2590-1729	1729	extinct		
Zalizniak-2020-2590-1730	1730	executioner's block		
Zalizniak-2020-2590-1731	1731	exchange	2509	EXCHANGE
Zalizniak-2020-2590-1732	1732	exactly		
Zalizniak-2020-2590-1733	1733	exact	1466	EXACT
Zalizniak-2020-2590-1734	1734	event, occurrence		
Zalizniak-2020-2590-1735	1735	eunuch		
Zalizniak-2020-2590-1736	1736	eternal		
Zalizniak-2020-2590-1737	1737	esteemed, venerable		
Zalizniak-2020-2590-1738	1738	error	1293	MISTAKE
Zalizniak-2020-2590-1739	1739	ermine; stoat (Mustela erminea)		
Zalizniak-2020-2590-1740	1740	entirely		
Zalizniak-2020-2590-1741	1741	elm (Ulmus)		
Zalizniak-2020-2590-1742	1742	electricity	59	ELECTRICITY
Zalizniak-2020-2590-1743	1743	elder sister	1758	OLDER SISTER
Zalizniak-2020-2590-1744	1744	elder (Sambucus)		
Zalizniak-2020-2590-1745	1745	eater		
Zalizniak-2020-2590-1746	1746	dung	2057	DUNG (ANIMAL FAECES)
Zalizniak-2020-2590-1747	1747	duckweed		
Zalizniak-2020-2590-1748	1748	duck	1360	DUCK
Zalizniak-2020-2590-1749	1749	drug, medicine	1372	MEDICINE
Zalizniak-2020-2590-1750	1750	drone (n.)		
Zalizniak-2020-2590-1751	1751	drinking vessel	476	CUP
Zalizniak-2020-2590-1752	1752	dream (during sleep)	2374	DREAM
Zalizniak-2020-2590-1753	1753	dragonfly	2352	DRAGONFLY
Zalizniak-2020-2590-1754	1754	dragon	2038	DRAGON
Zalizniak-2020-2590-1755	1755	downriver		
Zalizniak-2020-2590-1756	1756	doomsday		
Zalizniak-2020-2590-1757	1757	dog-rose	527	DOG-ROSE
Zalizniak-2020-2590-1758	1758	dock-tailed, tailless		
Zalizniak-2020-2590-1759	1759	disorder, mess	1083	MESS
Zalizniak-2020-2590-1760	1760	directly		
Zalizniak-2020-2590-1761	1761	direction	3427	DIRECTION
Zalizniak-2020-2590-1762	1762	dinner fork		
Zalizniak-2020-2590-1763	1763	desert (n.)	3687	DESERT
Zalizniak-2020-2590-1764	1764	descendant	490	DESCENDANTS
Zalizniak-2020-2590-1765	1765	defender		
Zalizniak-2020-2590-1766	1766	deceased		
Zalizniak-2020-2590-1767	1767	dead (adj.)	1625	DEAD
Zalizniak-2020-2590-1768	1768	daydream (n.)		
Zalizniak-2020-2590-1769	1769	daughter	1357	DAUGHTER
Zalizniak-2020-2590-1770	1770	date (Phoenix dactylifera)		
Zalizniak-2020-2590-1771	1771	dark-skinned		
Zalizniak-2020-2590-1772	1772	dangerous	3466	DANGEROUS
Zalizniak-2020-2590-1773	1773	dandruff	576	DANDRUFF
Zalizniak-2020-2590-1774	1774	dance (n.)	3472	DANCE (MOVEMENT)
Zalizniak-2020-2590-1775	1775	cuttlefish	2814	CUTTLEFISH
Zalizniak-2020-2590-1776	1776	custom, habit	1747	CUSTOM
Zalizniak-2020-2590-1777	1777	curly-headed		
Zalizniak-2020-2590-1778	1778	cupola, dome		
Zalizniak-2020-2590-1779	1779	cruel	500	CRUEL
Zalizniak-2020-2590-1780	1780	crown of the head		
Zalizniak-2020-2590-1781	1781	crossroads		
Zalizniak-2020-2590-1782	1782	crop, craw		
Zalizniak-2020-2590-1783	1783	criminal		
Zalizniak-2020-2590-1784	1784	crime	1066	CRIME
Zalizniak-2020-2590-1785	1785	cream (of milk)		
Zalizniak-2020-2590-1786	1786	cradle	2946	CRADLE
Zalizniak-2020-2590-1787	1787	cow	1007	COW
Zalizniak-2020-2590-1788	1788	cover, canopy		
Zalizniak-2020-2590-1789	1789	court (of a sovereign)		
Zalizniak-2020-2590-1790	1790	courage	3049	COURAGE
Zalizniak-2020-2590-1791	1791	cone (fruit)	287	CONE
Zalizniak-2020-2590-1792	1792	condemned to death		
Zalizniak-2020-2590-1793	1793	comprehensible		
Zalizniak-2020-2590-1794	1794	compliant, pliable		
Zalizniak-2020-2590-1795	1795	complex, complicated		
Zalizniak-2020-2590-1796	1796	compass (mariners' directional tool)	2606	COMPASS
Zalizniak-2020-2590-1797	1797	collar	2012	COLLAR
Zalizniak-2020-2590-1798	1798	cock (of a gun)	1878	COCK
Zalizniak-2020-2590-1799	1799	cluster, bunch	1966	BUNCH
Zalizniak-2020-2590-1800	1800	clumsy		
Zalizniak-2020-2590-1801	1801	club	1763	CLUB
Zalizniak-2020-2590-1802	1802	cloudy	2341	CLOUDY
Zalizniak-2020-2590-1803	1803	clew		
Zalizniak-2020-2590-1804	1804	classical		
Zalizniak-2020-2590-1805	1805	clasp, buckle		
Zalizniak-2020-2590-1806	1806	citron	1126	CITRUS FRUIT
Zalizniak-2020-2590-1807	1807	cigarette end		
Zalizniak-2020-2590-1808	1808	chrysalis		
Zalizniak-2020-2590-1809	1809	chopped billet		
Zalizniak-2020-2590-1810	1810	chip		
Zalizniak-2020-2590-1811	1811	chestnut	2318	CHESTNUT
Zalizniak-2020-2590-1812	1812	cheek-bone		
Zalizniak-2020-2590-1813	1813	cereal		
Zalizniak-2020-2590-1814	1814	cellar		
Zalizniak-2020-2590-1815	1815	ceiling		
Zalizniak-2020-2590-1816	1816	cave	1155	CAVE
Zalizniak-2020-2590-1817	1817	cautious		
Zalizniak-2020-2590-1818	1818	cauldron		
Zalizniak-2020-2590-1819	1819	caterpillar	2247	CATERPILLAR
Zalizniak-2020-2590-1820	1820	caste		
Zalizniak-2020-2590-1821	1821	case, event		
Zalizniak-2020-2590-1822	1822	case (grammar)		
Zalizniak-2020-2590-1823	1823	cartilage		
Zalizniak-2020-2590-1824	1824	cannon (weapon)	3202	CANNON
Zalizniak-2020-2590-1825	1825	camp	1105	CAMP
Zalizniak-2020-2590-1826	1826	calf of a leg	498	CALF OF LEG
Zalizniak-2020-2590-1827	1827	by heart	71	BY HEART
Zalizniak-2020-2590-1828	1828	butterfly	1791	BUTTERFLY
Zalizniak-2020-2590-1829	1829	bush, shrub		
Zalizniak-2020-2590-1830	1830	bullhead		
Zalizniak-2020-2590-1831	1831	bullet	1114	BULLET
Zalizniak-2020-2590-1832	1832	bulb (of plant)	2617	BULB
Zalizniak-2020-2590-1833	1833	brushwood		
Zalizniak-2020-2590-1834	1834	brother	1262	BROTHER
Zalizniak-2020-2590-1835	1835	brothel		
Zalizniak-2020-2590-1836	1836	broth	1547	SOUP
Zalizniak-2020-2590-1837	1837	bridegroom	3282	GROOM
Zalizniak-2020-2590-1838	1838	brick (n.)	1006	BRICK
Zalizniak-2020-2590-1839	1839	brand, stamp		
Zalizniak-2020-2590-1840	1840	branch (of a river)	826	BRANCH (BIFURCATION)
Zalizniak-2020-2590-1841	1841	bran	2362	BRAN
Zalizniak-2020-2590-1842	1842	bracelet	1754	BRACELET
Zalizniak-2020-2590-1843	1843	bowel		
Zalizniak-2020-2590-1844	1844	bottom of a dress		
Zalizniak-2020-2590-1845	1845	bottle	1321	BOTTLE
Zalizniak-2020-2590-1846	1846	boredom		
Zalizniak-2020-2590-1847	1847	blizzard		
Zalizniak-2020-2590-1848	1848	blade	869	BLADE
Zalizniak-2020-2590-1849	1849	blacksmith	1001	BLACKSMITH
Zalizniak-2020-2590-1850	1850	black radish - ???		
Zalizniak-2020-2590-1851	1851	black grouse (Lyrurus)		
Zalizniak-2020-2590-1852	1852	bishop		
Zalizniak-2020-2590-1853	1853	birthmark	1751	BIRTHMARK
Zalizniak-2020-2590-1854	1854	bird cherry tree		
Zalizniak-2020-2590-1855	1855	bird Nectarinia gutturalis		
Zalizniak-2020-2590-1856	1856	birch (Betula)	1855	BIRCH
Zalizniak-2020-2590-1857	1857	best		
Zalizniak-2020-2590-1858	1858	below	1485	BELOW OR UNDER
Zalizniak-2020-2590-1859	1859	beet (Beta vulgaris)		
Zalizniak-2020-2590-1860	1860	beeswax	1931	BEESWAX
Zalizniak-2020-2590-1861	1861	bee swarm		
Zalizniak-2020-2590-1862	1862	bed	1663	BED
Zalizniak-2020-2590-1863	1863	beaver (Castor fiber)	1194	BEAVER
Zalizniak-2020-2590-1864	1864	bearded man		
Zalizniak-2020-2590-1865	1865	bean	832	BEAN
Zalizniak-2020-2590-1866	1866	bead	1860	BEAD
Zalizniak-2020-2590-1867	1867	basis	831	BASE
Zalizniak-2020-2590-1868	1868	bark (of a tree)	1204	BARK
Zalizniak-2020-2590-1869	1869	bald spot		
Zalizniak-2020-2590-1870	1870	bad-smelling, stinking	42	STINKING
Zalizniak-2020-2590-1871	1871	bad weather		
Zalizniak-2020-2590-1872	1872	bad person	2197	BAD PERSON
Zalizniak-2020-2590-1873	1873	backwards	2911	BACKWARD
Zalizniak-2020-2590-1874	1874	aunt	1272	AUNT
Zalizniak-2020-2590-1875	1875	attack (n.)	722	ATTACK
Zalizniak-2020-2590-1876	1876	antelope	3674	ANTELOPE
Zalizniak-2020-2590-1877	1877	amber		
Zalizniak-2020-2590-1878	1878	already	2576	ALREADY
Zalizniak-2020-2590-1879	1879	alone	1964	ALONE
Zalizniak-2020-2590-1880	1880	alike		
Zalizniak-2020-2590-1881	1881	algae		
Zalizniak-2020-2590-1882	1882	alder-tree		
Zalizniak-2020-2590-1883	1883	alder		
Zalizniak-2020-2590-1884	1884	acute (of sound)		
Zalizniak-2020-2590-1885	1885	acrobat, equilibrist		
Zalizniak-2020-2590-1886	1886	abundance		
Zalizniak-2020-2590-1887	1887	above	1741	ABOVE
Zalizniak-2020-2590-1888	1888	a website		
Zalizniak-2020-2590-1889	1889	a copy of an internet page to be used if the original is down		
Zalizniak-2020-2590-1890	1890	Venus		
Zalizniak-2020-2590-1891	1891	Sunday	1699	SUNDAY
Zalizniak-2020-2590-1892	1892	Siberian weasel (Mustela sibirica)		
Zalizniak-2020-2590-1893	1893	Siberian cedar (kedar)		
Zalizniak-2020-2590-1894	1894	Saturn		
Zalizniak-2020-2590-1895	1895	Russian		
Zalizniak-2020-2590-1896	1896	Monday	1697	MONDAY
Zalizniak-2020-2590-1897	1897	Mercury		
Zalizniak-2020-2590-1898	1898	Mars		
Zalizniak-2020-2590-1899	1899	Jupiter		
Zalizniak-2020-2590-1900	1900	Jewish		
Zalizniak-2020-2590-1901	1901	Friday	1692	FRIDAY
Zalizniak-2020-2590-1902	1902	Englishman		
Zalizniak-2020-2590-1903	1903	August	2851	AUGUST
Zalizniak-2020-2590-1904	1904	Amorphophallus paeoniifolius		
Zalizniak-2020-2590-1905	1905	Adam's apple	802	ADAM'S APPLE
Zalizniak-2020-2590-1906	1906	24 hours	1260	DAY (24 HOURS)
Zalizniak-2020-2590-1907	1907	<wooden object>		
Zalizniak-2020-2590-1908	1908	<woman>		
Zalizniak-2020-2590-1909	1909	<unit of length>		
Zalizniak-2020-2590-1910	1910	<to treat with a sharp instrument>		
Zalizniak-2020-2590-1911	1911	<thorny plant>		
Zalizniak-2020-2590-1912	1912	<term of respectful address among equals>		
Zalizniak-2020-2590-1913	1913	<term of endearment, proper name>		
Zalizniak-2020-2590-1914	1914	<swimming bird>		
Zalizniak-2020-2590-1915	1915	<rural foot-wear>		
Zalizniak-2020-2590-1916	1916	<profession>		
Zalizniak-2020-2590-1917	1917	<pocket>		
Zalizniak-2020-2590-1918	1918	<place name>		
Zalizniak-2020-2590-1919	1919	<numeral>		
Zalizniak-2020-2590-1920	1920	<name of person>		
Zalizniak-2020-2590-1921	1921	<musician>		
Zalizniak-2020-2590-1922	1922	<military rank>		
Zalizniak-2020-2590-1923	1923	<measure of weight>		
Zalizniak-2020-2590-1924	1924	<going, walking>		
Zalizniak-2020-2590-1925	1925	<furniture>		
Zalizniak-2020-2590-1926	1926	<fur game>		
Zalizniak-2020-2590-1927	1927	<fish>		
Zalizniak-2020-2590-1928	1928	<dish>		
Zalizniak-2020-2590-1929	1929	<disease>		
Zalizniak-2020-2590-1930	1930	<crockery>		
Zalizniak-2020-2590-1931	1931	<blood-sucking insect>		
Zalizniak-2020-2590-1932	1932	<berry>		
Zalizniak-2020-2590-1933	1933	<artiodactyl (even-toed animal)>		
Zalizniak-2020-2590-1934	1934	ОК		
Zalizniak-2020-2590-1935	1935	you	1215	THOU
Zalizniak-2020-2590-1936	1936	yoke (figuratively)		
Zalizniak-2020-2590-1937	1937	yellow-hammer		
Zalizniak-2020-2590-1938	1938	woodpecker	2447	WOODPECKER
Zalizniak-2020-2590-1939	1939	wild (of a person)		
Zalizniak-2020-2590-1940	1940	weight (a standard of comparison in weighting)	2466	WEIGHT
Zalizniak-2020-2590-1941	1941	wealth	2996	WEALTH
Zalizniak-2020-2590-1942	1942	water nymph		
Zalizniak-2020-2590-1943	1943	water beetle		
Zalizniak-2020-2590-1944	1944	watch, clock	1323	CLOCK
Zalizniak-2020-2590-1945	1945	vulgar, common		
Zalizniak-2020-2590-1946	1946	vodka		
Zalizniak-2020-2590-1947	1947	violet, purple	2452	PURPLE
Zalizniak-2020-2590-1948	1948	village	930	VILLAGE
Zalizniak-2020-2590-1949	1949	verb		
Zalizniak-2020-2590-1950	1950	venous		
Zalizniak-2020-2590-1951	1951	valid		
Zalizniak-2020-2590-1952	1952	vacancy		
Zalizniak-2020-2590-1953	1953	useless thing		
Zalizniak-2020-2590-1954	1954	urgent		
Zalizniak-2020-2590-1955	1955	unmarried		
Zalizniak-2020-2590-1956	1956	unimportant		
Zalizniak-2020-2590-1957	1957	unfunny		
Zalizniak-2020-2590-1958	1958	twin	1005	TWINS
Zalizniak-2020-2590-1959	1959	turnstone (Arenaria interpres)		
Zalizniak-2020-2590-1960	1960	tumult, turmoil		
Zalizniak-2020-2590-1961	1961	trunk, proboscis (of elephant)	3678	ELEPHANT TRUNK
Zalizniak-2020-2590-1962	1962	trouser-leg		
Zalizniak-2020-2590-1963	1963	tribunal		
Zalizniak-2020-2590-1964	1964	trap, snare (n.)	3320	SNARE (TRAP)
Zalizniak-2020-2590-1965	1965	transport station	4043	STATION
Zalizniak-2020-2590-1966	1966	totally, absolutely		
Zalizniak-2020-2590-1967	1967	toothless		
Zalizniak-2020-2590-1968	1968	tonsil		
Zalizniak-2020-2590-1969	1969	tomb	1773	GRAVE
Zalizniak-2020-2590-1970	1970	toad	894	TOAD
Zalizniak-2020-2590-1971	1971	to winnow	2462	WINNOWING
Zalizniak-2020-2590-1972	1972	to waste	79	WASTE
Zalizniak-2020-2590-1973	1973	to wash (clothes)	2503	LAUNDER (WASH CLOTHES)
Zalizniak-2020-2590-1974	1974	to visit	1377	VISIT
Zalizniak-2020-2590-1975	1975	to vex, exasperate		
Zalizniak-2020-2590-1976	1976	to trust	3902	TRUST (SOMEBODY)
Zalizniak-2020-2590-1977	1977	to treat, regale		
Zalizniak-2020-2590-1978	1978	to translate	2906	TRANSLATE
Zalizniak-2020-2590-1979	1979	to torture	1952	TORTURE
Zalizniak-2020-2590-1980	1980	to thunder	2378	THUNDER (VERB)
Zalizniak-2020-2590-1981	1981	to throw down a challenge		
Zalizniak-2020-2590-1982	1982	to thresh (grain)	285	THRESH
Zalizniak-2020-2590-1983	1983	to tell lie	601	LIE (MISLEAD)
Zalizniak-2020-2590-1984	1984	to take into account		
Zalizniak-2020-2590-1985	1985	to surpass, exceed	402	SURPASS
Zalizniak-2020-2590-1986	1986	to succeed	1112	SUCCEED
Zalizniak-2020-2590-1987	1987	to subjugate	1516	SUBJUGATE
Zalizniak-2020-2590-1988	1988	to struggle		
Zalizniak-2020-2590-1989	1989	to strike (of lightning)		
Zalizniak-2020-2590-1990	1990	to stop (of rain, snow etc.)		
Zalizniak-2020-2590-1991	1991	to spy		
Zalizniak-2020-2590-1992	1992	to sound		
Zalizniak-2020-2590-1993	1993	to solve (a problem)		
Zalizniak-2020-2590-1994	1994	to slake (hunger, thirst)		
Zalizniak-2020-2590-1995	1995	to skip over, overlook		
Zalizniak-2020-2590-1996	1996	to shrink (of textile)		
Zalizniak-2020-2590-1997	1997	to shock (of electric current)		
Zalizniak-2020-2590-1998	1998	to set free		
Zalizniak-2020-2590-1999	1999	to sell	1571	SELL
Zalizniak-2020-2590-2000	2000	to sail	787	SAIL
Zalizniak-2020-2590-2001	2001	to sacrifice (relig.)	1103	SACRIFICE
Zalizniak-2020-2590-2002	2002	to roll up a trunk (of elephant)		
Zalizniak-2020-2590-2003	2003	to risk		
Zalizniak-2020-2590-2004	2004	to restrain, control one’s feelings		
Zalizniak-2020-2590-2005	2005	to repatriate		
Zalizniak-2020-2590-2006	2006	to repaire, to mend		
Zalizniak-2020-2590-2007	2007	to refute		
Zalizniak-2020-2590-2008	2008	to receive visitors	2225	RECEIVE VISITORS
Zalizniak-2020-2590-2009	2009	to put the evil eye (on), to bedevil		
Zalizniak-2020-2590-2010	2010	to purr		
Zalizniak-2020-2590-2011	2011	to punish	3649	PUNISH
Zalizniak-2020-2590-2012	2012	to provoke		
Zalizniak-2020-2590-2013	2013	to prosecute at law		
Zalizniak-2020-2590-2014	2014	to print		
Zalizniak-2020-2590-2015	2015	to predict misfortune		
Zalizniak-2020-2590-2016	2016	to practice witchcraft		
Zalizniak-2020-2590-2017	2017	to plant, put (a seed or plant) in the ground	1486	PLANT (SOMETHING)
Zalizniak-2020-2590-2018	2018	to pass (of time)	1951	PASS
Zalizniak-2020-2590-2019	2019	to palpitate		
Zalizniak-2020-2590-2020	2020	to overripen		
Zalizniak-2020-2590-2021	2021	to oppress	401	OPPRESS
Zalizniak-2020-2590-2022	2022	to occupy, to conquest (territory)		
Zalizniak-2020-2590-2023	2023	to oblige		
Zalizniak-2020-2590-2024	2024	to obey	1635	OBEY
Zalizniak-2020-2590-2025	2025	to need	2339	NEED (SOMETHING)
Zalizniak-2020-2590-2026	2026	to move smoothly, gently		
Zalizniak-2020-2590-2027	2027	to move ears (of animal)		
Zalizniak-2020-2590-2028	2028	to mock (at)		
Zalizniak-2020-2590-2029	2029	to meet accidentally		
Zalizniak-2020-2590-2030	2030	to marry off (a daughter)	556	MARRY OFF
Zalizniak-2020-2590-2031	2031	to manage to do smth		
Zalizniak-2020-2590-2032	2032	to make, create	734	MAKE
Zalizniak-2020-2590-2033	2033	to make disordered		
Zalizniak-2020-2590-2034	2034	to make a telephone call		
Zalizniak-2020-2590-2035	2035	to make a move (in a game)		
Zalizniak-2020-2590-2036	2036	to lose consciousness		
Zalizniak-2020-2590-2037	2037	to let grow (of beard, moustaches, hairs)		
Zalizniak-2020-2590-2038	2038	to laugh	1355	LAUGH
Zalizniak-2020-2590-2039	2039	to lack	2329	LACK (NOT HAVE)
Zalizniak-2020-2590-2040	2040	to involve		
Zalizniak-2020-2590-2041	2041	to investigate/examine		
Zalizniak-2020-2590-2042	2042	to invest		
Zalizniak-2020-2590-2043	2043	to inoculate		
Zalizniak-2020-2590-2044	2044	to inform, let know		
Zalizniak-2020-2590-2045	2045	to incur losses		
Zalizniak-2020-2590-2046	2046	to imprison		
Zalizniak-2020-2590-2047	2047	to ignore, not to greet somebody	41	IGNORE
Zalizniak-2020-2590-2048	2048	to ice over		
Zalizniak-2020-2590-2049	2049	to humble, to abase		
Zalizniak-2020-2590-2050	2050	to hug, embrace	928	EMBRACE
Zalizniak-2020-2590-2051	2051	to have opinion		
Zalizniak-2020-2590-2052	2052	to have experience		
Zalizniak-2020-2590-2053	2053	to have an appearance		
Zalizniak-2020-2590-2054	2054	to hatch out, brood	2075	BROOD (VERB)
Zalizniak-2020-2590-2055	2055	to guard	1940	GUARD
Zalizniak-2020-2590-2056	2056	to grieve (intr.)	1955	GRIEVE
Zalizniak-2020-2590-2057	2057	to govern, control, rule	1846	RULE
Zalizniak-2020-2590-2058	2058	to go forward, advance		
Zalizniak-2020-2590-2059	2059	to give orders		
Zalizniak-2020-2590-2060	2060	to get on a vehicle		
Zalizniak-2020-2590-2061	2061	to get off a vehicle		
Zalizniak-2020-2590-2062	2062	to get drunk	3980	GET DRUNK
Zalizniak-2020-2590-2063	2063	to get a cramp, spasm		
Zalizniak-2020-2590-2064	2064	to gas (a car), to refuel		
Zalizniak-2020-2590-2065	2065	to fornicate	103	FORNICATE
Zalizniak-2020-2590-2066	2066	to form the fruit (of plant)		
Zalizniak-2020-2590-2067	2067	to forge	288	FORGE
Zalizniak-2020-2590-2068	2068	to foresee		
Zalizniak-2020-2590-2069	2069	to force to work		
Zalizniak-2020-2590-2070	2070	to follow unthinkingly		
Zalizniak-2020-2590-2071	2071	to follow logically		
Zalizniak-2020-2590-2072	2072	to fold (cloth)		
Zalizniak-2020-2590-2073	2073	to flirt	494	FLIRT
Zalizniak-2020-2590-2074	2074	to flee, to escape	956	FLEE
Zalizniak-2020-2590-2075	2075	to fight, to be at war	1423	FIGHT
Zalizniak-2020-2590-2076	2076	to felt		
Zalizniak-2020-2590-2077	2077	to feel sick		
Zalizniak-2020-2590-2078	2078	to feel pleasure		
Zalizniak-2020-2590-2079	2079	to feel dizzy	2712	GET DIZZY
Zalizniak-2020-2590-2080	2080	to feel (an emotion)		
Zalizniak-2020-2590-2081	2081	to falsify		
Zalizniak-2020-2590-2082	2082	to fall (of rain, snow)	2234	FALL (OF SNOW AND RAIN)
Zalizniak-2020-2590-2083	2083	to fade, lose colour	2704	FADE (LOOSE COLOR)
Zalizniak-2020-2590-2084	2084	to extort (money from smb.)		
Zalizniak-2020-2590-2085	2085	to express agreement		
Zalizniak-2020-2590-2086	2086	to explain	1626	EXPLAIN
Zalizniak-2020-2590-2087	2087	to experience failure		
Zalizniak-2020-2590-2088	2088	to exist		
Zalizniak-2020-2590-2089	2089	to exhaust		
Zalizniak-2020-2590-2090	2090	to evoke (a feeling)		
Zalizniak-2020-2590-2091	2091	to evaporate, exhale		
Zalizniak-2020-2590-2092	2092	to establish, found		
Zalizniak-2020-2590-2093	2093	to drive (the car)	741	DRIVE
Zalizniak-2020-2590-2094	2094	to draw (an official paper)		
Zalizniak-2020-2590-2095	2095	to distract		
Zalizniak-2020-2590-2096	2096	to distort		
Zalizniak-2020-2590-2097	2097	to distill, retort		
Zalizniak-2020-2590-2098	2098	to discharge, dismiss		
Zalizniak-2020-2590-2099	2099	to disapprove		
Zalizniak-2020-2590-2100	2100	to develop		
Zalizniak-2020-2590-2101	2101	to derive profit		
Zalizniak-2020-2590-2102	2102	to deprave		
Zalizniak-2020-2590-2103	2103	to depend	756	DEPEND
Zalizniak-2020-2590-2104	2104	to deflorate		
Zalizniak-2020-2590-2105	2105	to decrease drastically		
Zalizniak-2020-2590-2106	2106	to corrode		
Zalizniak-2020-2590-2107	2107	to consume	2787	CONSUME (DRINK OR EAT)
Zalizniak-2020-2590-2108	2108	to confuse (with)		
Zalizniak-2020-2590-2109	2109	to confess		
Zalizniak-2020-2590-2110	2110	to conceive, to become pregnant	1087	CONCEIVE
Zalizniak-2020-2590-2111	2111	to compete (with smn.)		
Zalizniak-2020-2590-2112	2112	to communicate, be on friendly terms		
Zalizniak-2020-2590-2113	2113	to coincide		
Zalizniak-2020-2590-2114	2114	to coagulate, curdle	2395	CONGEAL (BLOOD)
Zalizniak-2020-2590-2115	2115	to celebrate		
Zalizniak-2020-2590-2116	2116	to carry out		
Zalizniak-2020-2590-2117	2117	to butt, to hit with the horns		
Zalizniak-2020-2590-2118	2118	to bring up	2134	RAISE (BRING UP)
Zalizniak-2020-2590-2119	2119	to bring to order		
Zalizniak-2020-2590-2120	2120	to bring into discussion		
Zalizniak-2020-2590-2121	2121	to bribe	1164	BRIBE (SOMEBODY)
Zalizniak-2020-2590-2122	2122	to bother, pester	2869	BOTHER (HARASS)
Zalizniak-2020-2590-2123	2123	to boast	101	BOAST
Zalizniak-2020-2590-2124	2124	to bless	391	BLESS
Zalizniak-2020-2590-2125	2125	to beseem		
Zalizniak-2020-2590-2126	2126	to behave		
Zalizniak-2020-2590-2127	2127	to become decrepit		
Zalizniak-2020-2590-2128	2128	to be, to take place		
Zalizniak-2020-2590-2129	2129	to be unfaithful (to one's husband or wife)		
Zalizniak-2020-2590-2130	2130	to be suspended		
Zalizniak-2020-2590-2131	2131	to be sure		
Zalizniak-2020-2590-2132	2132	to be sleepy	3620	SLEEPY
Zalizniak-2020-2590-2133	2133	to be satisfied (sexually)		
Zalizniak-2020-2590-2134	2134	to be resurrected		
Zalizniak-2020-2590-2135	2135	to be responsible for		
Zalizniak-2020-2590-2136	2136	to be reluctant		
Zalizniak-2020-2590-2137	2137	to be related to		
Zalizniak-2020-2590-2138	2138	to be late	425	BE LATE
Zalizniak-2020-2590-2139	2139	to be indulgent		
Zalizniak-2020-2590-2140	2140	to be imprisoned		
Zalizniak-2020-2590-2141	2141	to be greedy		
Zalizniak-2020-2590-2142	2142	to be fed up with		
Zalizniak-2020-2590-2143	2143	to be disposed towards		
Zalizniak-2020-2590-2144	2144	to be defeated	3535	BE DEFEATED
Zalizniak-2020-2590-2145	2145	to be adherent		
Zalizniak-2020-2590-2146	2146	to baptize		
Zalizniak-2020-2590-2147	2147	to bake	183	BAKE
Zalizniak-2020-2590-2148	2148	to avoid	3639	AVOID
Zalizniak-2020-2590-2149	2149	to appear, emerge	1076	EMERGE (APPEAR)
Zalizniak-2020-2590-2150	2150	to analyse		
Zalizniak-2020-2590-2151	2151	to address (someone), to speak (to someone)		
Zalizniak-2020-2590-2152	2152	to act as intermediary		
Zalizniak-2020-2590-2153	2153	to acquire	3892	ACQUIRE (SOMETHING)
Zalizniak-2020-2590-2154	2154	to accuse, blame		
Zalizniak-2020-2590-2155	2155	to abate (about wind)		
Zalizniak-2020-2590-2156	2156	to a great extent		
Zalizniak-2020-2590-2157	2157	timbre		
Zalizniak-2020-2590-2158	2158	thumb	1781	THUMB
Zalizniak-2020-2590-2159	2159	then	2921	THEN
Zalizniak-2020-2590-2160	2160	territorial entity		
Zalizniak-2020-2590-2161	2161	tender (adj.)		
Zalizniak-2020-2590-2162	2162	tank (armour)	3102	TANK
Zalizniak-2020-2590-2163	2163	tall person		
Zalizniak-2020-2590-2164	2164	talent		
Zalizniak-2020-2590-2165	2165	talc		
Zalizniak-2020-2590-2166	2166	tadpole	3979	TADPOLE
Zalizniak-2020-2590-2167	2167	table of contents		
Zalizniak-2020-2590-2168	2168	syphilis		
Zalizniak-2020-2590-2169	2169	support (n.)		
Zalizniak-2020-2590-2170	2170	supervision		
Zalizniak-2020-2590-2171	2171	suntanned		
Zalizniak-2020-2590-2172	2172	sundew (Drosera)		
Zalizniak-2020-2590-2173	2173	suitable		
Zalizniak-2020-2590-2174	2174	subordinate (in rank)		
Zalizniak-2020-2590-2175	2175	stuffy, close		
Zalizniak-2020-2590-2176	2176	stubborn person		
Zalizniak-2020-2590-2177	2177	strong man (?)		
Zalizniak-2020-2590-2178	2178	stork (Ciconia)	3724	STORK
Zalizniak-2020-2590-2179	2179	stirrup		
Zalizniak-2020-2590-2180	2180	sterile		
Zalizniak-2020-2590-2181	2181	stage, phase		
Zalizniak-2020-2590-2182	2182	spy		
Zalizniak-2020-2590-2183	2183	spurge (Euphorbia)		
Zalizniak-2020-2590-2184	2184	spot, pip (on playing cards or dice)		
Zalizniak-2020-2590-2185	2185	spot of reflected light		
Zalizniak-2020-2590-2186	2186	sponge		
Zalizniak-2020-2590-2187	2187	spindle (Euonymus)		
Zalizniak-2020-2590-2188	2188	spades (in cards)		
Zalizniak-2020-2590-2189	2189	something bad		
Zalizniak-2020-2590-2190	2190	soldier (plan, Stratiotes)		
Zalizniak-2020-2590-2191	2191	snot	208	NASAL MUCUS (SNOT)
Zalizniak-2020-2590-2192	2192	snipe (Gallinago)		
Zalizniak-2020-2590-2193	2193	smut (plant disease)		
Zalizniak-2020-2590-2194	2194	smallpox	1054	SMALLPOX
Zalizniak-2020-2590-2195	2195	small tortoise-shell (Aglais urticae)		
Zalizniak-2020-2590-2196	2196	small quantity of something		
Zalizniak-2020-2590-2197	2197	small object		
Zalizniak-2020-2590-2198	2198	slave	812	SLAVE
Zalizniak-2020-2590-2199	2199	slattern		
Zalizniak-2020-2590-2200	2200	shop	746	SHOP
Zalizniak-2020-2590-2201	2201	sheaf		
Zalizniak-2020-2590-2202	2202	shark	1110	SHARK
Zalizniak-2020-2590-2203	2203	share; stock		
Zalizniak-2020-2590-2204	2204	shaman hand drum		
Zalizniak-2020-2590-2205	2205	shaman	394	SHAMAN (FOLK HEALER)
Zalizniak-2020-2590-2206	2206	severe (about pain)		
Zalizniak-2020-2590-2207	2207	sense, perception		
Zalizniak-2020-2590-2208	2208	sense of smell		
Zalizniak-2020-2590-2209	2209	secret (n)		
Zalizniak-2020-2590-2210	2210	secret		
Zalizniak-2020-2590-2211	2211	second (measure of time)		
Zalizniak-2020-2590-2212	2212	scrotum	2834	SCROTUM
Zalizniak-2020-2590-2213	2213	scoundrel		
Zalizniak-2020-2590-2214	2214	scarf	3066	SCARF OR TURBAN
Zalizniak-2020-2590-2215	2215	scar	497	SCAR
Zalizniak-2020-2590-2216	2216	scandal		
Zalizniak-2020-2590-2217	2217	sausage	1874	SAUSAGE
Zalizniak-2020-2590-2218	2218	saturated (with something)		
Zalizniak-2020-2590-2219	2219	saturated (of colour)		
Zalizniak-2020-2590-2220	2220	sarcastic		
Zalizniak-2020-2590-2221	2221	salient part, ledge		
Zalizniak-2020-2590-2222	2222	saddleback		
Zalizniak-2020-2590-2223	2223	sabrefish (Pelecus cultratus)		
Zalizniak-2020-2590-2224	2224	rule, regulations		
Zalizniak-2020-2590-2225	2225	round object		
Zalizniak-2020-2590-2226	2226	roof	769	ROOF
Zalizniak-2020-2590-2227	2227	ring finger		
Zalizniak-2020-2590-2228	2228	rheumatic fever		
Zalizniak-2020-2590-2229	2229	result, outcome	3969	RESULT
Zalizniak-2020-2590-2230	2230	reflection		
Zalizniak-2020-2590-2231	2231	recent		
Zalizniak-2020-2590-2232	2232	rash, eruption		
Zalizniak-2020-2590-2233	2233	rapids	1670	RAPIDS
Zalizniak-2020-2590-2234	2234	quinsy		
Zalizniak-2020-2590-2235	2235	queue		
Zalizniak-2020-2590-2236	2236	queen (bee)		
Zalizniak-2020-2590-2237	2237	pungent (odour)		
Zalizniak-2020-2590-2238	2238	puffball		
Zalizniak-2020-2590-2239	2239	protein		
Zalizniak-2020-2590-2240	2240	protection, patronage		
Zalizniak-2020-2590-2241	2241	prose		
Zalizniak-2020-2590-2242	2242	profit, gain (n.)		
Zalizniak-2020-2590-2243	2243	pride	3915	PRIDE
Zalizniak-2020-2590-2244	2244	pondweed		
Zalizniak-2020-2590-2245	2245	pollen		
Zalizniak-2020-2590-2246	2246	political party		
Zalizniak-2020-2590-2247	2247	polite	3300	POLITE
Zalizniak-2020-2590-2248	2248	polecat, ferret (Mustela putorius)		
Zalizniak-2020-2590-2249	2249	pointer, head (of a clock)		
Zalizniak-2020-2590-2250	2250	plough		
Zalizniak-2020-2590-2251	2251	plot	2024	PLOT
Zalizniak-2020-2590-2252	2252	playing cards		
Zalizniak-2020-2590-2253	2253	plateau		
Zalizniak-2020-2590-2254	2254	plantain (Plantago)	3221	PLANTAGO
Zalizniak-2020-2590-2255	2255	pip (disease of birds)		
Zalizniak-2020-2590-2256	2256	pickaxe		
Zalizniak-2020-2590-2257	2257	physician	597	PHYSICIAN
Zalizniak-2020-2590-2258	2258	persistent		
Zalizniak-2020-2590-2259	2259	perfume, scent		
Zalizniak-2020-2590-2260	2260	people (pl.)		
Zalizniak-2020-2590-2261	2261	pencil	2578	PENCIL
Zalizniak-2020-2590-2262	2262	peephole		
Zalizniak-2020-2590-2263	2263	pedestrian crossing		
Zalizniak-2020-2590-2264	2264	peace	1338	PEACE
Zalizniak-2020-2590-2265	2265	pawn (in chess)		
Zalizniak-2020-2590-2266	2266	passionate	1880	PASSIONATE
Zalizniak-2020-2590-2267	2267	passion (in game)		
Zalizniak-2020-2590-2268	2268	passageway		
Zalizniak-2020-2590-2269	2269	paralyzed		
Zalizniak-2020-2590-2270	2270	pack of cards		
Zalizniak-2020-2590-2271	2271	pacemaker (running)		
Zalizniak-2020-2590-2272	2272	own (of a relative)		
Zalizniak-2020-2590-2273	2273	ostrich	3797	OSTRICH
Zalizniak-2020-2590-2274	2274	original		
Zalizniak-2020-2590-2275	2275	origin (n.)		
Zalizniak-2020-2590-2276	2276	opinion	4113	OPINION
Zalizniak-2020-2590-2277	2277	one time, once		
Zalizniak-2020-2590-2278	2278	one piece (at counting)		
Zalizniak-2020-2590-2279	2279	on the outside		
Zalizniak-2020-2590-2280	2280	oil particle		
Zalizniak-2020-2590-2281	2281	of high rank	2202	HIGH-RANKING
Zalizniak-2020-2590-2282	2282	obstinate	1842	OBSTINATE
Zalizniak-2020-2590-2283	2283	observer		
Zalizniak-2020-2590-2284	2284	not strong (of liquid or smell)	2201	LIGHT (SMELL OR TASTE)
Zalizniak-2020-2590-2285	2285	nettle-rash		
Zalizniak-2020-2590-2286	2286	neck (of bottle etc.)		
Zalizniak-2020-2590-2287	2287	nail-head		
Zalizniak-2020-2590-2288	2288	nail (metal spike)	502	NAIL (TOOL)
Zalizniak-2020-2590-2289	2289	musk-deer (Moschus moschiferus)		
Zalizniak-2020-2590-2290	2290	murine rodent		
Zalizniak-2020-2590-2291	2291	mountain pass		
Zalizniak-2020-2590-2292	2292	moth	2828	MOTH
Zalizniak-2020-2590-2293	2293	month	1370	MONTH
Zalizniak-2020-2590-2294	2294	monster		
Zalizniak-2020-2590-2295	2295	monastery		
Zalizniak-2020-2590-2296	2296	mole cricket (Gryllotalpa)		
Zalizniak-2020-2590-2297	2297	moderate		
Zalizniak-2020-2590-2298	2298	mist, fog	249	FOG
Zalizniak-2020-2590-2299	2299	mirror carp		
Zalizniak-2020-2590-2300	2300	minute		
Zalizniak-2020-2590-2301	2301	minnow		
Zalizniak-2020-2590-2302	2302	milt (of fish)		
Zalizniak-2020-2590-2303	2303	millstone		
Zalizniak-2020-2590-2304	2304	millerbird (Acrocephalus etc.)		
Zalizniak-2020-2590-2305	2305	milk-tooth, deciduous tooth		
Zalizniak-2020-2590-2306	2306	meteor shower		
Zalizniak-2020-2590-2307	2307	metalworker		
Zalizniak-2020-2590-2308	2308	mesentery		
Zalizniak-2020-2590-2309	2309	mercury		
Zalizniak-2020-2590-2310	2310	menstruation	766	MENSTRUATION
Zalizniak-2020-2590-2311	2311	meaning, sense	2950	MEANING
Zalizniak-2020-2590-2312	2312	meal (process)	1526	MEAL
Zalizniak-2020-2590-2313	2313	may, to be allowed		
Zalizniak-2020-2590-2314	2314	martyr		
Zalizniak-2020-2590-2315	2315	married		
Zalizniak-2020-2590-2316	2316	manner, way	488	MANNER
Zalizniak-2020-2590-2317	2317	main	1078	MAIN
Zalizniak-2020-2590-2318	2318	macereed (Typha)		
Zalizniak-2020-2590-2319	2319	lumpen		
Zalizniak-2020-2590-2320	2320	low (of voice)	536	LOW VOICE
Zalizniak-2020-2590-2321	2321	lover		
Zalizniak-2020-2590-2322	2322	lovely	2233	LOVELY
Zalizniak-2020-2590-2323	2323	loop		
Zalizniak-2020-2590-2324	2324	long-fibred flax (Linum usitatissimum)		
Zalizniak-2020-2590-2325	2325	lizard	632	LIZARD
Zalizniak-2020-2590-2326	2326	little baby	1289	BABY
Zalizniak-2020-2590-2327	2327	liquid		
Zalizniak-2020-2590-2328	2328	linen (underwear, bed-clothes)		
Zalizniak-2020-2590-2329	2329	limit		
Zalizniak-2020-2590-2330	2330	leper		
Zalizniak-2020-2590-2331	2331	lenient		
Zalizniak-2020-2590-2332	2332	larva	2640	LARVA
Zalizniak-2020-2590-2333	2333	large quantity		
Zalizniak-2020-2590-2334	2334	lamprey (Petromyzontidae)		
Zalizniak-2020-2590-2335	2335	lady's slipper (Cypripedium)		
Zalizniak-2020-2590-2336	2336	knight (chess)		
Zalizniak-2020-2590-2337	2337	kinship		
Zalizniak-2020-2590-2338	2338	king (a playing card)		
Zalizniak-2020-2590-2339	2339	keen (of senses)	2232	KEEN OR SUBTLE
Zalizniak-2020-2590-2340	2340	journal, magazine		
Zalizniak-2020-2590-2341	2341	joke	3425	JOKE
Zalizniak-2020-2590-2342	2342	joiner; cabinetmaker		
Zalizniak-2020-2590-2343	2343	jackdaw (Corvus monedula)		
Zalizniak-2020-2590-2344	2344	iron (for pressing clothes)	4031	IRON (PRESSING)
Zalizniak-2020-2590-2345	2345	intrigue		
Zalizniak-2020-2590-2346	2346	interest (finance)	2062	INTEREST
Zalizniak-2020-2590-2347	2347	intensive		
Zalizniak-2020-2590-2348	2348	insulting		
Zalizniak-2020-2590-2349	2349	instant, moment		
Zalizniak-2020-2590-2350	2350	informer		
Zalizniak-2020-2590-2351	2351	influential, person of consequence		
Zalizniak-2020-2590-2352	2352	influential person		
Zalizniak-2020-2590-2353	2353	inflammation		
Zalizniak-2020-2590-2354	2354	inexperienced		
Zalizniak-2020-2590-2355	2355	industrious, diligent person		
Zalizniak-2020-2590-2356	2356	indifferent	4052	INDIFFERENT
Zalizniak-2020-2590-2357	2357	incomprehensible		
Zalizniak-2020-2590-2358	2358	inclination to smth	918	INCLINATION
Zalizniak-2020-2590-2359	2359	impudence		
Zalizniak-2020-2590-2360	2360	impolite		
Zalizniak-2020-2590-2361	2361	implement for ramming		
Zalizniak-2020-2590-2362	2362	illegal		
Zalizniak-2020-2590-2363	2363	ignorant	2651	BE IGNORANT
Zalizniak-2020-2590-2364	2364	if	1459	IF
Zalizniak-2020-2590-2365	2365	idle	2756	IDLE
Zalizniak-2020-2590-2366	2366	hypocrite, dissembler		
Zalizniak-2020-2590-2367	2367	humpbacked		
Zalizniak-2020-2590-2368	2368	hostile		
Zalizniak-2020-2590-2369	2369	hose		
Zalizniak-2020-2590-2370	2370	horsetail	2196	HORSETAIL
Zalizniak-2020-2590-2371	2371	horse-fly (Tabanidae)	3262	HORSEFLY
Zalizniak-2020-2590-2372	2372	hooligan		
Zalizniak-2020-2590-2373	2373	honour		
Zalizniak-2020-2590-2374	2374	hoarse		
Zalizniak-2020-2590-2375	2375	high-pitched (of sound)		
Zalizniak-2020-2590-2376	2376	herald		
Zalizniak-2020-2590-2377	2377	hepatitis		
Zalizniak-2020-2590-2378	2378	heel (of a shoe)		
Zalizniak-2020-2590-2379	2379	hearing	2518	HEARING (AURAL SENSE)
Zalizniak-2020-2590-2380	2380	headstream		
Zalizniak-2020-2590-2381	2381	headlight (of a car)		
Zalizniak-2020-2590-2382	2382	hawkweed (Hieracium)		
Zalizniak-2020-2590-2383	2383	having no milk		
Zalizniak-2020-2590-2384	2384	happiness, luck	720	GOOD LUCK
Zalizniak-2020-2590-2385	2385	gulf	608	GULF
Zalizniak-2020-2590-2386	2386	guilty		
Zalizniak-2020-2590-2387	2387	guileful, crafty person		
Zalizniak-2020-2590-2388	2388	group of men		
Zalizniak-2020-2590-2389	2389	grimace		
Zalizniak-2020-2590-2390	2390	great bilberry (Vaccinium uliginosum)		
Zalizniak-2020-2590-2391	2391	great		
Zalizniak-2020-2590-2392	2392	gratuity		
Zalizniak-2020-2590-2393	2393	grasshopper (Tettigonioidea)	607	GRASSHOPPER
Zalizniak-2020-2590-2394	2394	good weather		
Zalizniak-2020-2590-2395	2395	goldfinch (Carduelis)		
Zalizniak-2020-2590-2396	2396	goldcrest		
Zalizniak-2020-2590-2397	2397	glutton	533	GLUTTON
Zalizniak-2020-2590-2398	2398	glaucoma		
Zalizniak-2020-2590-2399	2399	giraffe	3089	GIRAFFE
Zalizniak-2020-2590-2400	2400	giant		
Zalizniak-2020-2590-2401	2401	geometrid		
Zalizniak-2020-2590-2402	2402	generation		
Zalizniak-2020-2590-2403	2403	gay		
Zalizniak-2020-2590-2404	2404	garlic-scented agaric (Marasmius scorodonius)		
Zalizniak-2020-2590-2405	2405	furious		
Zalizniak-2020-2590-2406	2406	full stop		
Zalizniak-2020-2590-2407	2407	fruit pulp		
Zalizniak-2020-2590-2408	2408	front (during the war)		
Zalizniak-2020-2590-2409	2409	frivolous		
Zalizniak-2020-2590-2410	2410	friendly, amicable		
Zalizniak-2020-2590-2411	2411	fried eggs		
Zalizniak-2020-2590-2412	2412	freckle	530	FRECKLE
Zalizniak-2020-2590-2413	2413	frank		
Zalizniak-2020-2590-2414	2414	foxglove (Digitalis L.)		
Zalizniak-2020-2590-2415	2415	founder		
Zalizniak-2020-2590-2416	2416	fortress	1938	FORTRESS
Zalizniak-2020-2590-2417	2417	forget-me-not (flower)		
Zalizniak-2020-2590-2418	2418	foreign	109	FOREIGN
Zalizniak-2020-2590-2419	2419	floor (vs. ceiling)	1632	FLOOR
Zalizniak-2020-2590-2420	2420	flank (military)	529	FLANK
Zalizniak-2020-2590-2421	2421	five-finger (Potentilla)		
Zalizniak-2020-2590-2422	2422	first	728	FIRST
Zalizniak-2020-2590-2423	2423	firefly	206	FIREFLY
Zalizniak-2020-2590-2424	2424	fire-arms		
Zalizniak-2020-2590-2425	2425	figuratively		
Zalizniak-2020-2590-2426	2426	fibula (anat.)		
Zalizniak-2020-2590-2427	2427	fever	1534	FEVER
Zalizniak-2020-2590-2428	2428	fertile (soil)		
Zalizniak-2020-2590-2429	2429	fatless		
Zalizniak-2020-2590-2430	2430	fantastic monster		
Zalizniak-2020-2590-2431	2431	false, wrong		
Zalizniak-2020-2590-2432	2432	FALSE	3069	FALSE
Zalizniak-2020-2590-2433	2433	eyebright (Euphrasia officinalis)		
Zalizniak-2020-2590-2434	2434	eye of typhoon		
Zalizniak-2020-2590-2435	2435	extortioner		
Zalizniak-2020-2590-2436	2436	evil eye		
Zalizniak-2020-2590-2437	2437	european kingfisher (Alcedo atthis)		
Zalizniak-2020-2590-2438	2438	ethnic group		
Zalizniak-2020-2590-2439	2439	essence		
Zalizniak-2020-2590-2440	2440	ernest, grave		
Zalizniak-2020-2590-2441	2441	epidemic		
Zalizniak-2020-2590-2442	2442	environment		
Zalizniak-2020-2590-2443	2443	entire	2277	WHOLE
Zalizniak-2020-2590-2444	2444	enough	1881	ENOUGH
Zalizniak-2020-2590-2445	2445	ending (in grammar)		
Zalizniak-2020-2590-2446	2446	emotionless		
Zalizniak-2020-2590-2447	2447	eminent man		
Zalizniak-2020-2590-2448	2448	electric lamp		
Zalizniak-2020-2590-2449	2449	effeminate		
Zalizniak-2020-2590-2450	2450	eclipse	2285	ECLIPSE
Zalizniak-2020-2590-2451	2451	drunkard		
Zalizniak-2020-2590-2452	2452	draught animal		
Zalizniak-2020-2590-2453	2453	dough	273	DOUGH
Zalizniak-2020-2590-2454	2454	domestic (animal)		
Zalizniak-2020-2590-2455	2455	document (n.)		
Zalizniak-2020-2590-2456	2456	disgusting	2507	DISGUSTING
Zalizniak-2020-2590-2457	2457	disgrace		
Zalizniak-2020-2590-2458	2458	diamonds (in cards)		
Zalizniak-2020-2590-2459	2459	detailed, thorough		
Zalizniak-2020-2590-2460	2460	destined to produce		
Zalizniak-2020-2590-2461	2461	deprived of, lacking		
Zalizniak-2020-2590-2462	2462	delicate, subtle (person, question etc.)		
Zalizniak-2020-2590-2463	2463	death	910	DEATH
Zalizniak-2020-2590-2464	2464	daughter-in-law	1057	DAUGHTER-IN-LAW
Zalizniak-2020-2590-2465	2465	danger	1810	DANGER
Zalizniak-2020-2590-2466	2466	dandelion (Taraxacum)	1800	DANDELION
Zalizniak-2020-2590-2467	2467	cultivated		
Zalizniak-2020-2590-2468	2468	crucian		
Zalizniak-2020-2590-2469	2469	crowd (of people)	2023	CROWD
Zalizniak-2020-2590-2470	2470	crossbill (Loxia)		
Zalizniak-2020-2590-2471	2471	creditor		
Zalizniak-2020-2590-2472	2472	cranberry (Oxycoccus)		
Zalizniak-2020-2590-2473	2473	cornflower (Centaurea)	1960	CORNFLOWER
Zalizniak-2020-2590-2474	2474	cornel		
Zalizniak-2020-2590-2475	2475	core (of plant)		
Zalizniak-2020-2590-2476	2476	copper	1825	COPPER
Zalizniak-2020-2590-2477	2477	contract		
Zalizniak-2020-2590-2478	2478	continent		
Zalizniak-2020-2590-2479	2479	contemptible	1	CONTEMPTIBLE
Zalizniak-2020-2590-2480	2480	conscience		
Zalizniak-2020-2590-2481	2481	complexion		
Zalizniak-2020-2590-2482	2482	completion		
Zalizniak-2020-2590-2483	2483	commodity, goods		
Zalizniak-2020-2590-2484	2484	commerce, business	2931	BUSINESS
Zalizniak-2020-2590-2485	2485	comet		
Zalizniak-2020-2590-2486	2486	columbine (Aquilegia)		
Zalizniak-2020-2590-2487	2487	coffin	2011	COFFIN
Zalizniak-2020-2590-2488	2488	cockroach	1575	COCKROACH
Zalizniak-2020-2590-2489	2489	clubs (in cards)		
Zalizniak-2020-2590-2490	2490	clove, segment	2000	CLOVE
Zalizniak-2020-2590-2491	2491	clove (of a garlic)		
Zalizniak-2020-2590-2492	2492	clothes	1895	CLOTHES
Zalizniak-2020-2590-2493	2493	close (of relations)		
Zalizniak-2020-2590-2494	2494	clavicle	1994	COLLARBONE
Zalizniak-2020-2590-2495	2495	clandestine activity		
Zalizniak-2020-2590-2496	2496	cinema		
Zalizniak-2020-2590-2497	2497	chill (disease)		
Zalizniak-2020-2590-2498	2498	child before baptism		
Zalizniak-2020-2590-2499	2499	cheerful mood		
Zalizniak-2020-2590-2500	2500	chatter, idle talk		
Zalizniak-2020-2590-2501	2501	charger, cartridge clip		
Zalizniak-2020-2590-2502	2502	chapter (of a book)	835	CHAPTER
Zalizniak-2020-2590-2503	2503	cell (of a political party, organization)		
Zalizniak-2020-2590-2504	2504	celebrity		
Zalizniak-2020-2590-2505	2505	caul, amniotic sac		
Zalizniak-2020-2590-2506	2506	catnip (Nepeta cataria)		
Zalizniak-2020-2590-2507	2507	catkin		
Zalizniak-2020-2590-2508	2508	castor bean (Ricinus communis)		
Zalizniak-2020-2590-2509	2509	carabus (Carabus)		
Zalizniak-2020-2590-2510	2510	captive		
Zalizniak-2020-2590-2511	2511	cap peak		
Zalizniak-2020-2590-2512	2512	butt of the rifle		
Zalizniak-2020-2590-2513	2513	but, however	3843	BUT
Zalizniak-2020-2590-2514	2514	burner		
Zalizniak-2020-2590-2515	2515	bully		
Zalizniak-2020-2590-2516	2516	buckwheat	2040	BUCKWHEAT
Zalizniak-2020-2590-2517	2517	buckthorn (Frangula)		
Zalizniak-2020-2590-2518	2518	bruise	1148	BRUISE
Zalizniak-2020-2590-2519	2519	brief		
Zalizniak-2020-2590-2520	2520	breed		
Zalizniak-2020-2590-2521	2521	brawler, fighter		
Zalizniak-2020-2590-2522	2522	brave person	2226	BRAVE PERSON
Zalizniak-2020-2590-2523	2523	bourrache (Borago)		
Zalizniak-2020-2590-2524	2524	bothering		
Zalizniak-2020-2590-2525	2525	blackthorn		
Zalizniak-2020-2590-2526	2526	bittern (Botaurus)		
Zalizniak-2020-2590-2527	2527	bitterling		
Zalizniak-2020-2590-2528	2528	bit (part of horse harness)		
Zalizniak-2020-2590-2529	2529	betrothal, engagement		
Zalizniak-2020-2590-2530	2530	bend (of a river)		
Zalizniak-2020-2590-2531	2531	bellflower (Campanula)		
Zalizniak-2020-2590-2532	2532	behaviour		
Zalizniak-2020-2590-2533	2533	bedbug (Cimex lectularius)	1949	BEDBUG
Zalizniak-2020-2590-2534	2534	because of	2918	BECAUSE OF
Zalizniak-2020-2590-2535	2535	beam	1132	BEAM
Zalizniak-2020-2590-2536	2536	battle	579	BATTLE
Zalizniak-2020-2590-2537	2537	battering-ram		
Zalizniak-2020-2590-2538	2538	bat (Microchiroptera)	1793	BAT
Zalizniak-2020-2590-2539	2539	barren (of animals)		
Zalizniak-2020-2590-2540	2540	barrel (of a gun)		
Zalizniak-2020-2590-2541	2541	bare (feet)		
Zalizniak-2020-2590-2542	2542	barbel	524	BARBEL
Zalizniak-2020-2590-2543	2543	bald-coot (Fulica atra)		
Zalizniak-2020-2590-2544	2544	bad luck	56	BAD LUCK
Zalizniak-2020-2590-2545	2545	back of the axe head		
Zalizniak-2020-2590-2546	2546	axe	677	AXE
Zalizniak-2020-2590-2547	2547	attack of disease		
Zalizniak-2020-2590-2548	2548	arterial		
Zalizniak-2020-2590-2549	2549	approximately		
Zalizniak-2020-2590-2550	2550	any		
Zalizniak-2020-2590-2551	2551	anthrax		
Zalizniak-2020-2590-2552	2552	angel	4057	ANGEL
Zalizniak-2020-2590-2553	2553	anemone (Anemone)		
Zalizniak-2020-2590-2554	2554	ambush	65	AMBUSH
Zalizniak-2020-2590-2555	2555	although	4045	ALTHOUGH
Zalizniak-2020-2590-2556	2556	almost	4046	ALMOST
Zalizniak-2020-2590-2557	2557	albugo, wall-eye		
Zalizniak-2020-2590-2558	2558	again	204	AGAIN
Zalizniak-2020-2590-2559	2559	after	1685	AFTER
Zalizniak-2020-2590-2560	2560	aesthetic perception		
Zalizniak-2020-2590-2561	2561	additional		
Zalizniak-2020-2590-2562	2562	aconite		
Zalizniak-2020-2590-2563	2563	ace (in cards)		
Zalizniak-2020-2590-2564	2564	according to		
Zalizniak-2020-2590-2565	2565	accomplice		
Zalizniak-2020-2590-2566	2566	abscess		
Zalizniak-2020-2590-2567	2567	ability	2527	ABILITY
Zalizniak-2020-2590-2568	2568	abberation of mind		
Zalizniak-2020-2590-2569	2569	Wednesday	1694	WEDNESDAY
Zalizniak-2020-2590-2570	2570	Tuesday	1695	TUESDAY
Zalizniak-2020-2590-2571	2571	Thursday	1693	THURSDAY
Zalizniak-2020-2590-2572	2572	Saint-John's-wort (Hypericum)		
Zalizniak-2020-2590-2573	2573	Milky Way	2289	MILKY WAY
Zalizniak-2020-2590-2574	2574	Japanese		
Zalizniak-2020-2590-2575	2575	Jack (playing card)	50	JACK
Zalizniak-2020-2590-2576	2576	I	1209	I
Zalizniak-2020-2590-2577	2577	Arctic fox		
Zalizniak-2020-2590-2578	2578	American		
Zalizniak-2020-2590-2579	2579	<waterfowl>		
Zalizniak-2020-2590-2580	2580	<sturgeon>		
Zalizniak-2020-2590-2581	2581	<salmon>		
Zalizniak-2020-2590-2582	2582	<priest>		
Zalizniak-2020-2590-2583	2583	<office>		
Zalizniak-2020-2590-2584	2584	<money>		
Zalizniak-2020-2590-2585	2585	<measure of volume>		
Zalizniak-2020-2590-2586	2586	<expression of anger>		
Zalizniak-2020-2590-2587	2587	<exclamation of sorrow, pain and surprise>		
Zalizniak-2020-2590-2588	2588	<ethnic group>		
Zalizniak-2020-2590-2589	2589	<cold steel>		
Zalizniak-2020-2590-2590	2590	<capricorn beetle>		