ID	NUMBER	ENGLISH	GLOSS_IN_SOURCE	CONCEPTICON_ID	CONCEPTICON_GLOSS
Zalizniak-2024-4583-1	1	alcoholic drink	&lt;alcoholic drink&gt;	2050	ALCOHOL (DRINK)
Zalizniak-2024-4583-2	2	animal	&lt;animal&gt;	619	ANIMAL
Zalizniak-2024-4583-3	3	artiodactyl (even-toed animal)	&lt;artiodactyl (even-toed animal)&gt;		
Zalizniak-2024-4583-4	4	abdomen	abdomen	1251	BELLY
Zalizniak-2024-4583-5	5	aberration of mind	aberration of mind		
Zalizniak-2024-4583-6	6	abies (Abies)	abies (Abies)	1915	FIR
Zalizniak-2024-4583-7	7	ability	ability	2527	ABILITY
Zalizniak-2024-4583-8	8	aborigine	aborigine		
Zalizniak-2024-4583-9	9	about	about		
Zalizniak-2024-4583-10	10	above	above	1741	ABOVE
Zalizniak-2024-4583-11	11	*abracadabra	abracadabra		
Zalizniak-2024-4583-12	12	abrupt (offensive, critical, or acrimonious)	abrupt (offensive, critical, or acrimonious)		
Zalizniak-2024-4583-13	13	abscess	abscess		
Zalizniak-2024-4583-14	14	abstinent (from alcohol)	abstinent (from alcohol)		
Zalizniak-2024-4583-15	15	abundance	abundance	4082	ABUNDANCE
Zalizniak-2024-4583-16	16	accident	accident	4058	ACCIDENT
Zalizniak-2024-4583-17	17	accomplice	accomplice		
Zalizniak-2024-4583-18	18	according to	according to		
Zalizniak-2024-4583-19	19	ace (playing card)	ace (playing card)		
Zalizniak-2024-4583-20	20	acid	acid	1906	SOUR
Zalizniak-2024-4583-21	21	aconite	aconite		
Zalizniak-2024-4583-22	22	acorn	acorn	968	ACORN
Zalizniak-2024-4583-23	23	acrobat, equilibrist	acrobat, equilibrist		
Zalizniak-2024-4583-24	24	act, deed	act, deed		
Zalizniak-2024-4583-25	25	active	active	1861	ACTIVE
Zalizniak-2024-4583-26	26	activity	activity	1086	WORK (ACTIVITY)
Zalizniak-2024-4583-27	27	acute (disease, condition)	acute (disease, condition)		
Zalizniak-2024-4583-28	28	acute (of sound)	acute (of sound)		
Zalizniak-2024-4583-29	29	Adam's apple	Adam&#39;s apple	802	ADAM'S APPLE
Zalizniak-2024-4583-30	30	additional	additional		
Zalizniak-2024-4583-31	31	address (description of the location)	address (description of the location)	591	ADDRESS
Zalizniak-2024-4583-32	32	adulterer	adulterer		
Zalizniak-2024-4583-33	33	advantage	advantage		
Zalizniak-2024-4583-34	34	Advent	Advent		
Zalizniak-2024-4583-35	35	advice	advice		
Zalizniak-2024-4583-36	36	aër (veil covering vessels in the Orthodox Church)	aër (veil covering vessels in the Orthodox Church)		
Zalizniak-2024-4583-37	37	aesthetic perception	aesthetic perception		
Zalizniak-2024-4583-38	38	after	after	1685	AFTER
Zalizniak-2024-4583-39	39	afterbirth, placenta	afterbirth, placenta	3388	PLACENTA
Zalizniak-2024-4583-40	40	afterworld	afterworld		
Zalizniak-2024-4583-41	41	again	again	204	AGAIN
Zalizniak-2024-4583-42	42	against	against	2469	AGAINST
Zalizniak-2024-4583-43	43	age	age	1789	AGE
Zalizniak-2024-4583-44	44	age group	age group		
Zalizniak-2024-4583-45	45	ahead	ahead		
Zalizniak-2024-4583-46	46	aim, goal	aim, goal		
Zalizniak-2024-4583-47	47	air	air	27	AIR
Zalizniak-2024-4583-48	48	*air, atmosphere	air, atmosphere		
Zalizniak-2024-4583-49	49	airplane	airplane	1597	AIRPLANE
Zalizniak-2024-4583-50	50	ajvar (vegetable dish)	ajvar (vegetable dish)		
Zalizniak-2024-4583-51	51	albugo, wall-eye	albugo, wall-eye		
Zalizniak-2024-4583-52	52	albumen, white of an egg	albumen, white of an egg	3439	WHITE (OF EGGS)
Zalizniak-2024-4583-53	53	alder (tree)	alder (tree)		
Zalizniak-2024-4583-54	54	algae	algae		
Zalizniak-2024-4583-55	55	alike	alike		
Zalizniak-2024-4583-56	56	alive	alive	1422	BE ALIVE
Zalizniak-2024-4583-57	57	All Saints' Day	All Saints&#39; Day		
Zalizniak-2024-4583-58	58	all, whole	all, whole		
Zalizniak-2024-4583-59	59	almond	almond	3815	ALMOND
Zalizniak-2024-4583-60	60	almost	almost	4046	ALMOST
Zalizniak-2024-4583-61	61	Aloe vera (plant)	Aloe vera (plant)		
Zalizniak-2024-4583-62	62	alone	alone	1964	ALONE
Zalizniak-2024-4583-63	63	already	already	2576	ALREADY
Zalizniak-2024-4583-64	64	*already	already		
Zalizniak-2024-4583-65	65	alternate-leaved golden-saxifrage	alternate-leaved golden-saxifrage		
Zalizniak-2024-4583-66	66	although	although	4045	ALTHOUGH
Zalizniak-2024-4583-67	67	aluminium	aluminium	3385	ALUMINIUM
Zalizniak-2024-4583-68	68	always	always	1676	ALWAYS
Zalizniak-2024-4583-69	69	amazing	amazing	1863	AMAZING
Zalizniak-2024-4583-70	70	amber	amber		
Zalizniak-2024-4583-71	71	ambience, vibe	ambience, vibe		
Zalizniak-2024-4583-72	72	ambush	ambush	65	AMBUSH
Zalizniak-2024-4583-73	73	American	American		
Zalizniak-2024-4583-74	74	Amorphophallus paeoniifolius	Amorphophallus paeoniifolius		
Zalizniak-2024-4583-75	75	anathema	anathema		
Zalizniak-2024-4583-76	76	ancestor	ancestor	1669	ANCESTORS
Zalizniak-2024-4583-77	77	anchor	anchor	1870	ANCHOR
Zalizniak-2024-4583-78	78	anemic	anemic		
Zalizniak-2024-4583-79	79	anemone (Anemone)	anemone (Anemone)		
Zalizniak-2024-4583-80	80	angel	angel		
Zalizniak-2024-4583-81	81	anger	anger	82	ANGER
Zalizniak-2024-4583-82	82	*anger	anger		
Zalizniak-2024-4583-83	83	angry	angry	1826	ANGRY
Zalizniak-2024-4583-84	84	Anguis fragilis	Anguis fragilis		
Zalizniak-2024-4583-85	85	*animal	animal		
Zalizniak-2024-4583-86	86	animal bladder	animal bladder		
Zalizniak-2024-4583-87	87	animal yield	animal yield		
Zalizniak-2024-4583-88	88	ankle	ankle	803	ANKLE
Zalizniak-2024-4583-89	89	ankle bone for playing	ankle bone for playing		
Zalizniak-2024-4583-90	90	annoying	annoying		
Zalizniak-2024-4583-91	91	ant	ant	587	ANT
Zalizniak-2024-4583-92	92	anteater	anteater	181	ANTEATER
Zalizniak-2024-4583-93	93	antelope	antelope	3674	ANTELOPE
Zalizniak-2024-4583-94	94	anthrax	anthrax		
Zalizniak-2024-4583-95	95	antimony	antimony		
Zalizniak-2024-4583-96	96	anvil (of a blacksmith)	anvil (of a blacksmith)	1648	ANVIL
Zalizniak-2024-4583-97	97	anxiety	anxiety	1000	ANXIETY
Zalizniak-2024-4583-98	98	any	any		
Zalizniak-2024-4583-99	99	aorta	aorta		
Zalizniak-2024-4583-100	100	apartment, flat	apartment, flat		
Zalizniak-2024-4583-101	101	apical ancestor	apical ancestor		
Zalizniak-2024-4583-102	102	appearance; look	appearance; look	1017	APPEARANCE
Zalizniak-2024-4583-103	103	appetite	appetite		
Zalizniak-2024-4583-104	104	apple	apple	1320	APPLE
Zalizniak-2024-4583-105	105	approximately	approximately		
Zalizniak-2024-4583-106	106	apricot	apricot	3730	APRICOT
Zalizniak-2024-4583-107	107	April	April	2847	APRIL
Zalizniak-2024-4583-108	108	Aquarius (constellation)	Aquarius (constellation)		
Zalizniak-2024-4583-109	109	arbalest, crossbow	arbalest, crossbow	3193	CROSSBOW
Zalizniak-2024-4583-110	110	arc	arc		
Zalizniak-2024-4583-111	111	Arctic fox	Arctic fox		
Zalizniak-2024-4583-112	112	Aries	Aries		
Zalizniak-2024-4583-113	113	arm	arm	1673	ARM
Zalizniak-2024-4583-114	114	armadillo	armadillo	1885	ARMADILLO
Zalizniak-2024-4583-115	115	armpit	armpit	1886	ARMPIT
Zalizniak-2024-4583-116	116	army	army	1561	ARMY
Zalizniak-2024-4583-117	117	arrogance	arrogance		
Zalizniak-2024-4583-118	118	arrogant	arrogant	4067	ARROGANT
Zalizniak-2024-4583-119	119	arrow	arrow	977	ARROW
Zalizniak-2024-4583-120	120	arrow fletching	arrow fletching		
Zalizniak-2024-4583-121	121	arterial (blood)	arterial (blood)		
Zalizniak-2024-4583-122	122	artery	artery	1925	ARTERY
Zalizniak-2024-4583-123	123	artichoke	artichoke		
Zalizniak-2024-4583-124	124	as, like	as, like		
Zalizniak-2024-4583-125	125	ash (tree)	ash (tree)		
Zalizniak-2024-4583-126	126	ashes	ashes	646	ASH
Zalizniak-2024-4583-127	127	Asiatic dock	Asiatic dock		
Zalizniak-2024-4583-128	128	asleep	asleep		
Zalizniak-2024-4583-129	129	asp (fish)	asp (fish)		
Zalizniak-2024-4583-130	130	aspen	aspen	903	ASPEN
Zalizniak-2024-4583-131	131	asphodel	asphodel		
Zalizniak-2024-4583-132	132	aspic (dish)	aspic (dish)		
Zalizniak-2024-4583-133	133	assistant	assistant		
Zalizniak-2024-4583-134	134	astringent	astringent	3837	ASTRINGENT
Zalizniak-2024-4583-135	135	atheist	atheist		
Zalizniak-2024-4583-136	136	attack (n.)	attack (n.)	722	ATTACK
Zalizniak-2024-4583-137	137	attack of disease	attack of disease		
Zalizniak-2024-4583-138	138	attentive	attentive	1908	ATTENTIVE
Zalizniak-2024-4583-139	139	auger, gimlet	auger, gimlet	3423	DRILL
Zalizniak-2024-4583-140	140	August	August	2851	AUGUST
Zalizniak-2024-4583-141	141	aunt	aunt	1272	AUNT
Zalizniak-2024-4583-142	142	aunt (father's brother's wife)	aunt (father&#39;s brother&#39;s wife)		
Zalizniak-2024-4583-143	143	aunt (father's sister)	aunt (father&#39;s sister)	2691	PATERNAL AUNT (FATHER'S SISTER)
Zalizniak-2024-4583-144	144	aunt (mother's brother's wife)	aunt (mother&#39;s brother&#39;s wife)	2172	MATERNAL AUNT (WIFE OF MOTHER'S BROTHER)
Zalizniak-2024-4583-145	145	aunt (mother's sister)	aunt (mother&#39;s sister)	2693	MATERNAL AUNT (MOTHER'S SISTER)
Zalizniak-2024-4583-146	146	auricle	auricle		
Zalizniak-2024-4583-147	147	author	author		
Zalizniak-2024-4583-148	148	automobile	automobile	1111	CAR
Zalizniak-2024-4583-149	149	autumn	autumn	1276	AUTUMN
Zalizniak-2024-4583-150	150	autumn fall of the leaves	autumn fall of the leaves		
Zalizniak-2024-4583-151	151	awake	awake	825	AWAKE
Zalizniak-2024-4583-152	152	award	award		
Zalizniak-2024-4583-153	153	away	away		
Zalizniak-2024-4583-154	154	awl	awl	278	AWL
Zalizniak-2024-4583-155	155	awn	awn		
Zalizniak-2024-4583-156	156	axe	axe	677	AXE
Zalizniak-2024-4583-157	157	axle	axle	1769	AXLE
Zalizniak-2024-4583-158	158	(body) side	(body) side	3344	SIDE (BODY)
Zalizniak-2024-4583-159	159	berry	&lt;berry&gt;	904	BERRY
Zalizniak-2024-4583-160	160	beverage, drink	&lt;beverage, drink&gt;	731	BEVERAGE
Zalizniak-2024-4583-161	161	bird	&lt;bird&gt;	937	BIRD
Zalizniak-2024-4583-162	162	blood-sucking insect	&lt;blood-sucking insect&gt;		
Zalizniak-2024-4583-163	163	body part	&lt;body part&gt;	2213	BODY PART
Zalizniak-2024-4583-164	164	building	&lt;building&gt;	3396	BUILDING
Zalizniak-2024-4583-165	165	babble-tube	babble-tube		
Zalizniak-2024-4583-166	166	baby	baby	1289	BABY
Zalizniak-2024-4583-167	167	baby chicken	baby chicken	2513	CHICKEN CHICK
Zalizniak-2024-4583-168	168	back (body part)	back (body part)	1291	BACK
Zalizniak-2024-4583-169	169	back of the axe head	back of the axe head		
Zalizniak-2024-4583-170	170	back of the head	back of the head	523	BACK OF HEAD
Zalizniak-2024-4583-171	171	back vowels (linguistics)	back vowels (linguistics)		
Zalizniak-2024-4583-172	172	backbone	backbone	805	SPINE
Zalizniak-2024-4583-173	173	backdrop (visual)	backdrop (visual)		
Zalizniak-2024-4583-174	174	backside	backside		
Zalizniak-2024-4583-175	175	backwards	backwards	2911	BACKWARD
Zalizniak-2024-4583-176	176	bad	bad	1292	BAD
Zalizniak-2024-4583-177	177	bad (ethically)	bad (ethically)	3764	BAD OR EVIL
Zalizniak-2024-4583-178	178	bad luck	bad luck	56	BAD LUCK
Zalizniak-2024-4583-179	179	bad person	bad person	2197	BAD PERSON
Zalizniak-2024-4583-180	180	*bad smell, stench	bad smell, stench		
Zalizniak-2024-4583-181	181	bad weather	bad weather		
Zalizniak-2024-4583-182	182	*bad weather	bad weather		
Zalizniak-2024-4583-183	183	bad-smelling, stinking	bad-smelling, stinking	42	STINKING
Zalizniak-2024-4583-184	184	badger (Meles)	badger (Meles)	3717	BADGER
Zalizniak-2024-4583-185	185	bagpipes	bagpipes		
Zalizniak-2024-4583-186	186	balance weight on scale	balance weight on scale		
Zalizniak-2024-4583-187	187	bald	bald	1125	BALD
Zalizniak-2024-4583-188	188	bald spot	bald spot		
Zalizniak-2024-4583-189	189	bald-coot (Fulica atra)	bald-coot (Fulica atra)		
Zalizniak-2024-4583-190	190	bamboo	bamboo	1927	BAMBOO
Zalizniak-2024-4583-191	191	bamboo sprout	bamboo sprout	2494	BAMBOO SHOOT
Zalizniak-2024-4583-192	192	banana flower	banana flower		
Zalizniak-2024-4583-193	193	bank, shore	bank, shore	3310	SHORE OR BANK
Zalizniak-2024-4583-194	194	barbel	barbel	524	BARBEL
Zalizniak-2024-4583-195	195	barberry	barberry		
Zalizniak-2024-4583-196	196	bare (feet)	bare (feet)		
Zalizniak-2024-4583-197	197	bareback	bareback		
Zalizniak-2024-4583-198	198	bark (of a tree)	bark (of a tree)	1204	BARK
Zalizniak-2024-4583-199	199	barley	barley	932	BARLEY
Zalizniak-2024-4583-200	200	barrel	barrel	2548	BARREL
Zalizniak-2024-4583-201	201	barrel (of a gun)	barrel (of a gun)		
Zalizniak-2024-4583-202	202	barren (of animals)	barren (of animals)		
Zalizniak-2024-4583-203	203	barrier	barrier		
Zalizniak-2024-4583-204	204	base (geometry)	base (geometry)		
Zalizniak-2024-4583-205	205	base for beheading	base for beheading		
Zalizniak-2024-4583-206	206	basin (vessel)	basin (vessel)	915	SINK (BASIN)
Zalizniak-2024-4583-207	207	basis	basis	831	BASE
Zalizniak-2024-4583-208	208	basket	basket	1539	BASKET
Zalizniak-2024-4583-209	209	bass, low-pitched voice	bass, low-pitched voice		
Zalizniak-2024-4583-210	210	bast, the layer under the bark	bast, the layer under the bark	3950	LIBER (INNER BARK)
Zalizniak-2024-4583-211	211	bastard	bastard	1947	BASTARD
Zalizniak-2024-4583-212	212	bat	bat	1793	BAT
Zalizniak-2024-4583-213	213	bath	bath		
Zalizniak-2024-4583-214	214	bathroom	bathroom		
Zalizniak-2024-4583-215	215	battering-ram	battering-ram		
Zalizniak-2024-4583-216	216	battery	battery	662	BATTERY
Zalizniak-2024-4583-217	217	battle	battle	579	BATTLE
Zalizniak-2024-4583-218	218	bead	bead	1860	BEAD
Zalizniak-2024-4583-219	219	beak	beak	73	BEAK
Zalizniak-2024-4583-220	220	beam	beam	1132	BEAM
Zalizniak-2024-4583-221	221	bean	bean	832	BEAN
Zalizniak-2024-4583-222	222	bear (Ursus)	bear (Ursus)	1820	BEAR
Zalizniak-2024-4583-223	223	bear garlic	bear garlic		
Zalizniak-2024-4583-224	224	beard	beard	678	BEARD
Zalizniak-2024-4583-225	225	bearded man	bearded man		
Zalizniak-2024-4583-226	226	bearded vulture	bearded vulture		
Zalizniak-2024-4583-227	227	bearing (mechanical device)	bearing (mechanical device)		
Zalizniak-2024-4583-228	228	beautiful	beautiful	1427	BEAUTIFUL
Zalizniak-2024-4583-229	229	beautiful girl	beautiful girl		
Zalizniak-2024-4583-230	230	beaver (Castor fiber)	beaver (Castor fiber)	1194	BEAVER
Zalizniak-2024-4583-231	231	because of	because of	2918	BECAUSE OF
Zalizniak-2024-4583-232	232	bed	bed	1663	BED
Zalizniak-2024-4583-233	233	bed canopy	bed canopy		
Zalizniak-2024-4583-234	234	bed-clothes	bed-clothes		
Zalizniak-2024-4583-235	235	bedbug (Cimex lectularius)	bedbug (Cimex lectularius)	1949	BEDBUG
Zalizniak-2024-4583-236	236	bedding (padding)	bedding (padding)		
Zalizniak-2024-4583-237	237	bedsheet	bedsheet		
Zalizniak-2024-4583-238	238	bee	bee	665	BEE
Zalizniak-2024-4583-239	239	bee swarm	bee swarm		
Zalizniak-2024-4583-240	240	beech	beech	1950	BEECH
Zalizniak-2024-4583-241	241	beehive	beehive	88	BEEHIVE
Zalizniak-2024-4583-242	242	beer	beer	1639	BEER
Zalizniak-2024-4583-243	243	beet (Beta vulgaris)	beet (Beta vulgaris)		
Zalizniak-2024-4583-244	244	beetle	beetle	2242	BEETLE
Zalizniak-2024-4583-245	245	before	before	1882	BEFORE
Zalizniak-2024-4583-246	246	beggartick	beggartick		
Zalizniak-2024-4583-247	247	beginning	beginning	1557	BEGINNING
Zalizniak-2024-4583-248	248	behaviour	behaviour		
Zalizniak-2024-4583-249	249	behind	behind	1686	BEHIND
Zalizniak-2024-4583-250	250	belemnite	belemnite		
Zalizniak-2024-4583-251	251	bell	bell	2246	BELL
Zalizniak-2024-4583-252	252	belladonna	belladonna		
Zalizniak-2024-4583-253	253	bellflower (Campanula)	bellflower (Campanula)		
Zalizniak-2024-4583-254	254	bellows	bellows	3658	BELLOWS
Zalizniak-2024-4583-255	255	*belly	belly		
Zalizniak-2024-4583-256	256	beloribitsa	beloribitsa		
Zalizniak-2024-4583-257	257	beloved	beloved	2470	DEAR
Zalizniak-2024-4583-258	258	below, down, bottom part	below, down, bottom part		
Zalizniak-2024-4583-259	259	belt	belt	772	BELT
Zalizniak-2024-4583-260	260	beluga sturgeon	beluga sturgeon		
Zalizniak-2024-4583-261	261	bench	bench	2584	BENCH
Zalizniak-2024-4583-262	262	bend (of a river)	bend (of a river)		
Zalizniak-2024-4583-263	263	benediction	benediction		
Zalizniak-2024-4583-264	264	benefit	benefit	2929	BENEFIT
Zalizniak-2024-4583-265	265	*berry	berry		
Zalizniak-2024-4583-266	266	best	best		
Zalizniak-2024-4583-267	267	best part of something	best part of something		
Zalizniak-2024-4583-268	268	betel	betel	177	BETEL PEPPER VINE
Zalizniak-2024-4583-269	269	betrothal, engagement	betrothal, engagement		
Zalizniak-2024-4583-270	270	*better	better		
Zalizniak-2024-4583-271	271	big	big	1202	BIG
Zalizniak-2024-4583-272	272	bile, gall	bile, gall	1780	BILE
Zalizniak-2024-4583-273	273	billion	billion	3599	BILLION
Zalizniak-2024-4583-274	274	biotite	biotite		
Zalizniak-2024-4583-275	275	birch	birch	1855	BIRCH
Zalizniak-2024-4583-276	276	birch bolete (Leccinum scabrum)	birch bolete (Leccinum scabrum)		
Zalizniak-2024-4583-277	277	*bird	bird		
Zalizniak-2024-4583-278	278	bird cherry tree	bird cherry tree		
Zalizniak-2024-4583-279	279	*bird cherry tree	bird cherry tree		
Zalizniak-2024-4583-280	280	bird Nectarinia gutturalis	bird Nectarinia gutturalis		
Zalizniak-2024-4583-281	281	bird's foot	bird&#39;s foot		
Zalizniak-2024-4583-282	282	birthmark	birthmark	1751	BIRTHMARK
Zalizniak-2024-4583-283	283	biscuit, cookie	biscuit, cookie		
Zalizniak-2024-4583-284	284	bishop	bishop		
Zalizniak-2024-4583-285	285	bishop (chess)	bishop (chess)		
Zalizniak-2024-4583-286	286	bison	bison	3142	BISON
Zalizniak-2024-4583-287	287	bit (part of horse harness)	bit (part of horse harness)		
Zalizniak-2024-4583-288	288	bitch	bitch	2481	FEMALE DOG
Zalizniak-2024-4583-289	289	Bitis arietans	Bitis arietans		
Zalizniak-2024-4583-290	290	bitter	bitter	887	BITTER
Zalizniak-2024-4583-291	291	bitterling	bitterling		
Zalizniak-2024-4583-292	292	bittern (Botaurus)	bittern (Botaurus)		
Zalizniak-2024-4583-293	293	black	black	163	BLACK
Zalizniak-2024-4583-294	294	black cloud	black cloud		
Zalizniak-2024-4583-295	295	black grouse	black grouse		
Zalizniak-2024-4583-296	296	black grouse (Lyrurus)	black grouse (Lyrurus)		
Zalizniak-2024-4583-297	297	black radish	black radish		
Zalizniak-2024-4583-298	298	blackberry	blackberry		
Zalizniak-2024-4583-299	299	blackcurrant	blackcurrant		
Zalizniak-2024-4583-300	300	blacksmith	blacksmith	1001	BLACKSMITH
Zalizniak-2024-4583-301	301	blackthorn	blackthorn		
Zalizniak-2024-4583-302	302	blade	blade	869	BLADE
Zalizniak-2024-4583-303	303	*blade	blade		
Zalizniak-2024-4583-304	304	blank	blank		
Zalizniak-2024-4583-305	305	blanket	blanket	806	BLANKET
Zalizniak-2024-4583-306	306	blind	blind	1653	BLIND
Zalizniak-2024-4583-307	307	*blind	blind		
Zalizniak-2024-4583-308	308	blind alley	blind alley		
Zalizniak-2024-4583-309	309	blister	blister	1584	BLISTER
Zalizniak-2024-4583-310	310	blizzard	blizzard		
Zalizniak-2024-4583-311	311	blond person	blond person		
Zalizniak-2024-4583-312	312	blonde	blonde		
Zalizniak-2024-4583-313	313	blood	blood	946	BLOOD
Zalizniak-2024-4583-314	314	blood vessel	blood vessel	525	BLOOD VESSEL
Zalizniak-2024-4583-315	315	bloodletting	bloodletting		
Zalizniak-2024-4583-316	316	blow	blow		
Zalizniak-2024-4583-317	317	blue	blue	837	BLUE
Zalizniak-2024-4583-318	318	blueberry	blueberry	2809	BLUEBERRY
Zalizniak-2024-4583-319	319	blueflag (Iris)	blueflag (Iris)		
Zalizniak-2024-4583-320	320	blunt	blunt	379	BLUNT
Zalizniak-2024-4583-321	321	board, plank	board, plank	1227	BOARD
Zalizniak-2024-4583-322	322	boat	boat	1844	BOAT
Zalizniak-2024-4583-323	323	body	body	1480	BODY
Zalizniak-2024-4583-324	324	body of water	body of water		
Zalizniak-2024-4583-325	325	*body part	body part		
Zalizniak-2024-4583-326	326	bog-rosemary	bog-rosemary		
Zalizniak-2024-4583-327	327	Boletus edulis	Boletus edulis		
Zalizniak-2024-4583-328	328	bone	bone	1394	BONE
Zalizniak-2024-4583-329	329	bone marrow	bone marrow	1835	MARROW
Zalizniak-2024-4583-330	330	book (n.)	book (n.)	963	BOOK
Zalizniak-2024-4583-331	331	book spine	book spine		
Zalizniak-2024-4583-332	332	boredom	boredom		
Zalizniak-2024-4583-333	333	boring	boring	905	BORING
Zalizniak-2024-4583-334	334	boss	boss	2930	BOSS
Zalizniak-2024-4583-335	335	bothering	bothering		
Zalizniak-2024-4583-336	336	bottle	bottle	1321	BOTTLE
Zalizniak-2024-4583-337	337	bottom	bottom	690	BOTTOM
Zalizniak-2024-4583-338	338	bottom of a dress	bottom of a dress		
Zalizniak-2024-4583-339	339	boundary (of land plots)	boundary (of land plots)	1010	BOUNDARY
Zalizniak-2024-4583-340	340	bouquet	bouquet		
Zalizniak-2024-4583-341	341	bourrache (Borago)	bourrache (Borago)		
Zalizniak-2024-4583-342	342	bow (weapon)	bow (weapon)	994	BOW
Zalizniak-2024-4583-343	343	bow, fiddlestick	bow, fiddlestick		
Zalizniak-2024-4583-344	344	bow-legged	bow-legged		
Zalizniak-2024-4583-345	345	bow-string	bow-string	2119	BOW STRING
Zalizniak-2024-4583-346	346	bowel	bowel	1991	INTESTINES
Zalizniak-2024-4583-347	347	*bowels, intestine	bowels, intestine		
Zalizniak-2024-4583-348	348	box, container	box, container	1465	BOX
Zalizniak-2024-4583-349	349	boy	boy	1366	BOY
Zalizniak-2024-4583-350	350	bracelet	bracelet	1754	BRACELET
Zalizniak-2024-4583-351	351	braid (of hair)	braid (of hair)	1043	BRAID
Zalizniak-2024-4583-352	352	brain (cerebrum)	brain (cerebrum)	1583	BRAIN
Zalizniak-2024-4583-353	353	bran	bran	2362	BRAN
Zalizniak-2024-4583-354	354	branch (of a river)	branch (of a river)	826	BRANCH (BIFURCATION)
Zalizniak-2024-4583-355	355	branch, twig	branch, twig	3223	BRANCH OR TWIG
Zalizniak-2024-4583-356	356	brand, stamp	brand, stamp		
Zalizniak-2024-4583-357	357	brass	brass	3743	BRASS
Zalizniak-2024-4583-358	358	brave	brave	3	BRAVE
Zalizniak-2024-4583-359	359	brave person	brave person	2226	BRAVE PERSON
Zalizniak-2024-4583-360	360	bread	bread	1368	BREAD
Zalizniak-2024-4583-361	361	bread roll	bread roll		
Zalizniak-2024-4583-362	362	breakfast	breakfast	1322	BREAKFAST
Zalizniak-2024-4583-363	363	bream (Abramis)	bream (Abramis)		
Zalizniak-2024-4583-364	364	breast	breast	1402	BREAST
Zalizniak-2024-4583-365	365	breaststroke	breaststroke		
Zalizniak-2024-4583-366	366	breathing	breathing	1407	BREATHE
Zalizniak-2024-4583-367	367	breed	breed		
Zalizniak-2024-4583-368	368	bribe	bribe	1163	BRIBE (AMOUNT)
Zalizniak-2024-4583-369	369	brick (n.)	brick (n.)	1006	BRICK
Zalizniak-2024-4583-370	370	bride	bride	1266	BRIDE
Zalizniak-2024-4583-371	371	bridegroom	bridegroom	3282	GROOM
Zalizniak-2024-4583-372	372	bridge	bridge	1011	BRIDGE
Zalizniak-2024-4583-373	373	bridge (of musical imstrument)	bridge (of musical imstrument)		
Zalizniak-2024-4583-374	374	brief	brief	3312	SHORT (TIME)
Zalizniak-2024-4583-375	375	brilliant, glaring	brilliant, glaring	2228	GLARING
Zalizniak-2024-4583-376	376	broken	broken	588	BROKEN
Zalizniak-2024-4583-377	377	bronze	bronze	2313	BRONZE
Zalizniak-2024-4583-378	378	brood, hatch	brood, hatch		
Zalizniak-2024-4583-379	379	broom	broom	245	BROOM
Zalizniak-2024-4583-380	380	*broom	broom		
Zalizniak-2024-4583-381	381	broth	broth	1547	SOUP
Zalizniak-2024-4583-382	382	brothel	brothel		
Zalizniak-2024-4583-383	383	brother	brother	1262	BROTHER
Zalizniak-2024-4583-384	384	brother-in-law	brother-in-law	2314	BROTHER-IN-LAW
Zalizniak-2024-4583-385	385	brown	brown	2409	BROWN
Zalizniak-2024-4583-386	386	*brown	brown		
Zalizniak-2024-4583-387	387	brown meagre	brown meagre		
Zalizniak-2024-4583-388	388	bruise	bruise	1148	BRUISE
Zalizniak-2024-4583-389	389	brush	brush	1821	BRUSH
Zalizniak-2024-4583-390	390	brushwood	brushwood		
Zalizniak-2024-4583-391	391	bucket	bucket	2052	BUCKET
Zalizniak-2024-4583-392	392	buckthorn (Frangula)	buckthorn (Frangula)		
Zalizniak-2024-4583-393	393	buckwheat	buckwheat	2040	BUCKWHEAT
Zalizniak-2024-4583-394	394	bud (of a flower)	bud (of a flower)	1684	BUD
Zalizniak-2024-4583-395	395	*bud (on a twig)	bud (on a twig)		
Zalizniak-2024-4583-396	396	bug (Heteroptera)	bug (Heteroptera)	1027	BUG
Zalizniak-2024-4583-397	397	bulb (of plant)	bulb (of plant)	2617	BULB
Zalizniak-2024-4583-398	398	bull	bull	1008	BULL
Zalizniak-2024-4583-399	399	bullet	bullet	1114	BULLET
Zalizniak-2024-4583-400	400	bullhead	bullhead		
Zalizniak-2024-4583-401	401	bully	bully		
Zalizniak-2024-4583-402	402	bumblebee	bumblebee		
Zalizniak-2024-4583-403	403	burbot	burbot		
Zalizniak-2024-4583-404	404	burdock	burdock		
Zalizniak-2024-4583-405	405	burial	burial	3336	FUNERAL
Zalizniak-2024-4583-406	406	burn (physical injury)	burn (physical injury)		
Zalizniak-2024-4583-407	407	burner	burner		
Zalizniak-2024-4583-408	408	burrow (of animal)	burrow (of animal)	2949	LAIR
Zalizniak-2024-4583-409	409	burstwort (herniaria)	burstwort (herniaria)		
Zalizniak-2024-4583-410	410	bush, shrub	bush, shrub	1683	BUSH
Zalizniak-2024-4583-411	411	busy	busy	2755	BUSY
Zalizniak-2024-4583-412	412	but, however	but, however	3843	BUT
Zalizniak-2024-4583-413	413	butcher	butcher	2569	BUTCHER
Zalizniak-2024-4583-414	414	butt of a log	butt of a log	241	TREE STUMP
Zalizniak-2024-4583-415	415	butt of the rifle	butt of the rifle		
Zalizniak-2024-4583-416	416	butter	butter	1245	BUTTER
Zalizniak-2024-4583-417	417	butterfly	butterfly	1791	BUTTERFLY
Zalizniak-2024-4583-418	418	butterfly fish	butterfly fish		
Zalizniak-2024-4583-419	419	butterfly stroke	butterfly stroke		
Zalizniak-2024-4583-420	420	buttock	buttock	834	BUTTOCKS
Zalizniak-2024-4583-421	421	button (on a dress)	button (on a dress)	757	BUTTON
Zalizniak-2024-4583-422	422	buttonquail	buttonquail		
Zalizniak-2024-4583-423	423	by heart	by heart	71	BY HEART
Zalizniak-2024-4583-424	424	byte	byte		
Zalizniak-2024-4583-425	425	capricorn beetle	&lt;capricorn beetle&gt;		
Zalizniak-2024-4583-426	426	clothes	&lt;clothes&gt;	1895	CLOTHES
Zalizniak-2024-4583-427	427	cold steel	&lt;cold steel&gt;		
Zalizniak-2024-4583-428	428	colour	&lt;colour&gt;	1613	COLOR
Zalizniak-2024-4583-429	429	*container	&lt;container&gt;		
Zalizniak-2024-4583-430	430	crockery	&lt;crockery&gt;		
Zalizniak-2024-4583-431	431	curse	&lt;curse&gt;	8	CURSE
Zalizniak-2024-4583-432	432	cabbage	cabbage	774	CABBAGE
Zalizniak-2024-4583-433	433	caecum (blind gut)	caecum (blind gut)		
Zalizniak-2024-4583-434	434	cage	cage	3283	CAGE
Zalizniak-2024-4583-435	435	calendar	calendar	1967	CALENDAR
Zalizniak-2024-4583-436	436	*calf (young cow or bull)	calf (young cow or bull)		
Zalizniak-2024-4583-437	437	calf of a leg	calf of a leg	498	CALF OF LEG
Zalizniak-2024-4583-438	438	callus, corn	callus, corn		
Zalizniak-2024-4583-439	439	calm	calm	258	CALM
Zalizniak-2024-4583-440	440	camel	camel	1871	CAMEL
Zalizniak-2024-4583-441	441	camomile	camomile		
Zalizniak-2024-4583-442	442	camp	camp	1105	CAMP
Zalizniak-2024-4583-443	443	campfire, bonfire	campfire, bonfire	2986	CAMPFIRE
Zalizniak-2024-4583-444	444	can, to be able	can, to be able	972	BE ABLE
Zalizniak-2024-4583-445	445	Cancer (constellation)	Cancer (constellation)		
Zalizniak-2024-4583-446	446	cancer (disease)	cancer (disease)	4110	CANCER (DISEASE)
Zalizniak-2024-4583-447	447	candle	candle	1273	CANDLE
Zalizniak-2024-4583-448	448	cannabis	cannabis		
Zalizniak-2024-4583-449	449	cannon (weapon)	cannon (weapon)	3202	CANNON
Zalizniak-2024-4583-450	450	cap peak	cap peak		
Zalizniak-2024-4583-451	451	cape	cape	1662	CAPE
Zalizniak-2024-4583-452	452	Capricorn	Capricorn		
Zalizniak-2024-4583-453	453	capsule (pharmacy)	capsule (pharmacy)	395	PILL
Zalizniak-2024-4583-454	454	captive	captive	1073	CAPTIVE
Zalizniak-2024-4583-455	455	capybara	capybara	314	CAPYBARA
Zalizniak-2024-4583-456	456	carabus (Carabus)	carabus (Carabus)		
Zalizniak-2024-4583-457	457	caraway (meridian fennel)	caraway (meridian fennel)		
Zalizniak-2024-4583-458	458	carriage	carriage	2620	CARRIAGE
Zalizniak-2024-4583-459	459	carrion	carrion	1770	CARCASS
Zalizniak-2024-4583-460	460	carrot	carrot	3085	CARROT
Zalizniak-2024-4583-461	461	cartilage	cartilage		
Zalizniak-2024-4583-462	462	case (grammar)	case (grammar)		
Zalizniak-2024-4583-463	463	*case, event	case, event		
Zalizniak-2024-4583-464	464	cast iron	cast iron		
Zalizniak-2024-4583-465	465	caste	caste		
Zalizniak-2024-4583-466	466	castor bean (Ricinus communis)	castor bean (Ricinus communis)		
Zalizniak-2024-4583-467	467	cat	cat	1208	CAT
Zalizniak-2024-4583-468	468	cat's-foot (Antennaria)	cat&#39;s-foot (Antennaria)		
Zalizniak-2024-4583-469	469	catamaran	catamaran		
Zalizniak-2024-4583-470	470	catapult	catapult		
Zalizniak-2024-4583-471	471	cataract (of the eye)	cataract (of the eye)		
Zalizniak-2024-4583-472	472	caterpillar	caterpillar	2247	CATERPILLAR
Zalizniak-2024-4583-473	473	caterpillar track	caterpillar track		
Zalizniak-2024-4583-474	474	catkin	catkin		
Zalizniak-2024-4583-475	475	catnip (Nepeta cataria)	catnip (Nepeta cataria)		
Zalizniak-2024-4583-476	476	cattle	cattle	1153	CATTLE
Zalizniak-2024-4583-477	477	caul, amniotic sac	caul, amniotic sac		
Zalizniak-2024-4583-478	478	cauldron	cauldron		
Zalizniak-2024-4583-479	479	cause, reason	cause, reason	860	CAUSE
Zalizniak-2024-4583-480	480	cautious	cautious	2758	CAREFUL
Zalizniak-2024-4583-481	481	cave	cave	1155	CAVE
Zalizniak-2024-4583-482	482	cavity, hollow	cavity, hollow		
Zalizniak-2024-4583-483	483	ceiling	ceiling		
Zalizniak-2024-4583-484	484	celebrity	celebrity		
Zalizniak-2024-4583-485	485	celery	celery	3727	CELERY
Zalizniak-2024-4583-486	486	cell (in biology)	cell (in biology)	4109	CELL (BIOLOGY)
Zalizniak-2024-4583-487	487	cell (of a political party, organization)	cell (of a political party, organization)		
Zalizniak-2024-4583-488	488	cell (of honeycomb)	cell (of honeycomb)		
Zalizniak-2024-4583-489	489	cellar	cellar	4108	CELLAR
Zalizniak-2024-4583-490	490	cemetery	cemetery	3284	GRAVEYARD
Zalizniak-2024-4583-491	491	censer	censer		
Zalizniak-2024-4583-492	492	centre	centre	491	CENTER
Zalizniak-2024-4583-493	493	centrifuge	centrifuge		
Zalizniak-2024-4583-494	494	*century	century		
Zalizniak-2024-4583-495	495	cereal	cereal		
Zalizniak-2024-4583-496	496	chaff	chaff	2363	CHAFF (HUSK)
Zalizniak-2024-4583-497	497	chaffinch	chaffinch		
Zalizniak-2024-4583-498	498	chain (n.)	chain (n.)	1627	CHAIN
Zalizniak-2024-4583-499	499	chalk	chalk	4130	CHALK
Zalizniak-2024-4583-500	500	chameleon	chameleon	1555	CHAMELEON
Zalizniak-2024-4583-501	501	champignon (Agaricus)	champignon (Agaricus)		
Zalizniak-2024-4583-502	502	champion, winner	champion, winner		
Zalizniak-2024-4583-503	503	channel, opening in a reef	channel, opening in a reef	2423	CHANNEL
Zalizniak-2024-4583-504	504	chanterelle	chanterelle		
Zalizniak-2024-4583-505	505	chapter (of a book)	chapter (of a book)	835	CHAPTER
Zalizniak-2024-4583-506	506	charger, cartridge clip	charger, cartridge clip		
Zalizniak-2024-4583-507	507	charr (Salvelinus)	charr (Salvelinus)		
Zalizniak-2024-4583-508	508	chatter, idle talk	chatter, idle talk		
Zalizniak-2024-4583-509	509	cheap	cheap	1887	CHEAP
Zalizniak-2024-4583-510	510	cheek	cheek	1730	CHEEK
Zalizniak-2024-4583-511	511	cheek-bone	cheek-bone		
Zalizniak-2024-4583-512	512	cheerful	cheerful	4037	CHEERFUL
Zalizniak-2024-4583-513	513	cheerful mood	cheerful mood		
Zalizniak-2024-4583-514	514	cheese	cheese	1569	CHEESE
Zalizniak-2024-4583-515	515	chervil (Anthriscus cerefolium)	chervil (Anthriscus cerefolium)		
Zalizniak-2024-4583-516	516	chest (body part)	chest (body part)	1592	CHEST
Zalizniak-2024-4583-517	517	chestnut	chestnut	2318	CHESTNUT
Zalizniak-2024-4583-518	518	chickenpox	chickenpox		
Zalizniak-2024-4583-519	519	child	child	2099	CHILD
Zalizniak-2024-4583-520	520	child (son or daughter)	child (son or daughter)	1801	CHILD (DESCENDANT)
Zalizniak-2024-4583-521	521	child (young person)	child (young person)	1304	CHILD (YOUNG HUMAN)
Zalizniak-2024-4583-522	522	child before baptism	child before baptism		
Zalizniak-2024-4583-523	523	childbirth	childbirth	2805	BIRTH (ACCOUCHEMENT)
Zalizniak-2024-4583-524	524	childless	childless		
Zalizniak-2024-4583-525	525	*children	children		
Zalizniak-2024-4583-526	526	children's food	children&#39;s food		
Zalizniak-2024-4583-527	527	chili pepper	chili pepper	919	CHILI PEPPER
Zalizniak-2024-4583-528	528	chin	chin	1510	CHIN
Zalizniak-2024-4583-529	529	China	China		
Zalizniak-2024-4583-530	530	Chionactis occipitalis	Chionactis occipitalis		
Zalizniak-2024-4583-531	531	chip	chip		
Zalizniak-2024-4583-532	532	chisel	chisel	1979	CHISEL
Zalizniak-2024-4583-533	533	cholera	cholera		
Zalizniak-2024-4583-534	534	chopped billet	chopped billet		
Zalizniak-2024-4583-535	535	chord (geometry)	chord (geometry)		
Zalizniak-2024-4583-536	536	chord (music)	chord (music)		
Zalizniak-2024-4583-537	537	Christmas	Christmas	2405	CHRISTMAS
Zalizniak-2024-4583-538	538	chrysalis	chrysalis		
Zalizniak-2024-4583-539	539	chum salmon	chum salmon		
Zalizniak-2024-4583-540	540	*cicada	cicada		
Zalizniak-2024-4583-541	541	cigar	cigar		
Zalizniak-2024-4583-542	542	cigarette butt	cigarette butt		
Zalizniak-2024-4583-543	543	cinema	cinema		
Zalizniak-2024-4583-544	544	cipher, code	cipher, code		
Zalizniak-2024-4583-545	545	circle	circle	1467	CIRCLE
Zalizniak-2024-4583-546	546	circular halo	circular halo		
Zalizniak-2024-4583-547	547	cirrus (clouds)	cirrus (clouds)		
Zalizniak-2024-4583-548	548	citron	citron	1126	CITRUS FRUIT
Zalizniak-2024-4583-549	549	city block	city block		
Zalizniak-2024-4583-550	550	clandestine activity	clandestine activity		
Zalizniak-2024-4583-551	551	clapper of a bell	clapper of a bell		
Zalizniak-2024-4583-552	552	clasp, buckle	clasp, buckle		
Zalizniak-2024-4583-553	553	class, lesson	class, lesson		
Zalizniak-2024-4583-554	554	classical	classical		
Zalizniak-2024-4583-555	555	classifier for spherical objects	classifier for spherical objects		
Zalizniak-2024-4583-556	556	clavicle	clavicle	1994	COLLARBONE
Zalizniak-2024-4583-557	557	claw	claw	72	CLAW
Zalizniak-2024-4583-558	558	claw (of a crustacean)	claw (of a crustacean)	2812	CRAB CLAW
Zalizniak-2024-4583-559	559	clay	clay	1399	CLAY
Zalizniak-2024-4583-560	560	clean (adj.)	clean (adj.)	704	CLEAN
Zalizniak-2024-4583-561	561	clever	clever	1310	CLEVER
Zalizniak-2024-4583-562	562	clew	clew		
Zalizniak-2024-4583-563	563	clitoris	clitoris	3257	CLITORIS
Zalizniak-2024-4583-564	564	close (of relations)	close (of relations)		
Zalizniak-2024-4583-565	565	closed	closed	589	CLOSED
Zalizniak-2024-4583-566	566	clot of blood	clot of blood		
Zalizniak-2024-4583-567	567	*clothes	clothes		
Zalizniak-2024-4583-568	568	clothes moth	clothes moth		
Zalizniak-2024-4583-569	569	cloud	cloud	1489	CLOUD
Zalizniak-2024-4583-570	570	*cloudberry (Rubus chamaemorus)	cloudberry (Rubus chamaemorus)		
Zalizniak-2024-4583-571	571	cloudy	cloudy	2341	CLOUDY
Zalizniak-2024-4583-572	572	clove (of a garlic)	clove (of a garlic)		
Zalizniak-2024-4583-573	573	clove, segment	clove, segment	2000	CLOVE
Zalizniak-2024-4583-574	574	clover	clover		
Zalizniak-2024-4583-575	575	club (a weapon)	club (a weapon)	1763	CLUB
Zalizniak-2024-4583-576	576	club-rush (Scirpus)	club-rush (Scirpus)		
Zalizniak-2024-4583-577	577	clubs (in cards)	clubs (in cards)		
Zalizniak-2024-4583-578	578	clumsy	clumsy		
Zalizniak-2024-4583-579	579	coachman	coachman		
Zalizniak-2024-4583-580	580	coal	coal	2658	COAL
Zalizniak-2024-4583-581	581	coast	coast	1525	COAST
Zalizniak-2024-4583-582	582	coati	coati	2389	COATI (COATIMUNDI)
Zalizniak-2024-4583-583	583	cobalt (metal)	cobalt (metal)		
Zalizniak-2024-4583-584	584	coccyx, tailbone	coccyx, tailbone		
Zalizniak-2024-4583-585	585	cock (of a gun)	cock (of a gun)	1878	COCK
Zalizniak-2024-4583-586	586	cockchafer	cockchafer		
Zalizniak-2024-4583-587	587	cockroach	cockroach	1575	COCKROACH
Zalizniak-2024-4583-588	588	*cod	cod	4132	COD
Zalizniak-2024-4583-589	589	codfish	codfish		
Zalizniak-2024-4583-590	590	codling moth larva	codling moth larva		
Zalizniak-2024-4583-591	591	coffee	coffee	1299	COFFEE
Zalizniak-2024-4583-592	592	coffin	coffin	2011	COFFIN
Zalizniak-2024-4583-593	593	coin	coin	1867	COIN
Zalizniak-2024-4583-594	594	cold	cold	1287	COLD
Zalizniak-2024-4583-595	595	cold (disease)	cold (disease)	102	COMMON COLD (DISEASE)
Zalizniak-2024-4583-596	596	Coleus (Plectranthus) rotundifolius	Coleus (Plectranthus) rotundifolius		
Zalizniak-2024-4583-597	597	collar	collar	2012	COLLAR
Zalizniak-2024-4583-598	598	*collarbone	collarbone		
Zalizniak-2024-4583-599	599	colored leaves	colored leaves		
Zalizniak-2024-4583-600	600	*colour	colour		
Zalizniak-2024-4583-601	601	columbine (Aquilegia)	columbine (Aquilegia)		
Zalizniak-2024-4583-602	602	comb	comb	1475	COMB
Zalizniak-2024-4583-603	603	comb (of a bird)	comb (of a bird)	188	COMB OF BIRD
Zalizniak-2024-4583-604	604	comet	comet		
Zalizniak-2024-4583-605	605	*comet	comet		
Zalizniak-2024-4583-606	606	comfortable	comfortable	4111	COMFORTABLE
Zalizniak-2024-4583-607	607	comma	comma		
Zalizniak-2024-4583-608	608	commerce, business	commerce, business	2931	BUSINESS
Zalizniak-2024-4583-609	609	commodity, goods	commodity, goods		
Zalizniak-2024-4583-610	610	common bullfinch	common bullfinch		
Zalizniak-2024-4583-611	611	common buttercup (Ranunculus acris)	common buttercup (Ranunculus acris)		
Zalizniak-2024-4583-612	612	common buzzard	common buzzard	1865	BUZZARD
Zalizniak-2024-4583-613	613	common chipmunk	common chipmunk		
Zalizniak-2024-4583-614	614	common chub	common chub		
Zalizniak-2024-4583-615	615	*common dace	common dace		
Zalizniak-2024-4583-616	616	common fumitory (Fumaria officinalis)	common fumitory (Fumaria officinalis)		
Zalizniak-2024-4583-617	617	common jasmine	common jasmine		
Zalizniak-2024-4583-618	618	common melilot (Melilotus officinalis)	common melilot (Melilotus officinalis)		
Zalizniak-2024-4583-619	619	common minnow	common minnow		
Zalizniak-2024-4583-620	620	common quail	common quail	1893	QUAIL
Zalizniak-2024-4583-621	621	common redstart	common redstart		
Zalizniak-2024-4583-622	622	common reed	common reed	659	REED
Zalizniak-2024-4583-623	623	common roach	common roach		
Zalizniak-2024-4583-624	624	common starling	common starling		
Zalizniak-2024-4583-625	625	common vole	common vole		
Zalizniak-2024-4583-626	626	common, shared	common, shared		
Zalizniak-2024-4583-627	627	common, shared by several people	common, shared by several people		
Zalizniak-2024-4583-628	628	*community	community		
Zalizniak-2024-4583-629	629	companion, partner	companion, partner	3978	COMPANION
Zalizniak-2024-4583-630	630	compass (mariners' directional tool)	compass (mariners&#39; directional tool)	2606	COMPASS
Zalizniak-2024-4583-631	631	competent	competent		
Zalizniak-2024-4583-632	632	completion	completion		
Zalizniak-2024-4583-633	633	complex, complicated	complex, complicated		
Zalizniak-2024-4583-634	634	complexion	complexion		
Zalizniak-2024-4583-635	635	compliant, pliable	compliant, pliable		
Zalizniak-2024-4583-636	636	comprehensible	comprehensible		
Zalizniak-2024-4583-637	637	computer	computer	3086	COMPUTER
Zalizniak-2024-4583-638	638	computer mouse	computer mouse		
Zalizniak-2024-4583-639	639	condemned to death	condemned to death		
Zalizniak-2024-4583-640	640	condom	condom		
Zalizniak-2024-4583-641	641	cone (fruit)	cone (fruit)	287	CONE
Zalizniak-2024-4583-642	642	conjoined fruits	conjoined fruits		
Zalizniak-2024-4583-643	643	conscience, scruples	conscience, scruples		
Zalizniak-2024-4583-644	644	consciousness	consciousness		
Zalizniak-2024-4583-645	645	consequence	consequence		
Zalizniak-2024-4583-646	646	consequently	consequently		
Zalizniak-2024-4583-647	647	constellation	constellation		
Zalizniak-2024-4583-648	648	content	content	3967	CONTENT
Zalizniak-2024-4583-649	649	*contents	contents		
Zalizniak-2024-4583-650	650	continent	continent		
Zalizniak-2024-4583-651	651	contract	contract		
Zalizniak-2024-4583-652	652	contract, treaty	contract, treaty	3169	TREATY
Zalizniak-2024-4583-653	653	conversation	conversation	2933	CONVERSATION
Zalizniak-2024-4583-654	654	*coolness (temperature)	coolness (temperature)		
Zalizniak-2024-4583-655	655	copper	copper	1825	COPPER
Zalizniak-2024-4583-656	656	*copy of an internet page to be used if the original is down	copy of an internet page to be used if the original is down		
Zalizniak-2024-4583-657	657	Coracina novaehollandiae	Coracina novaehollandiae		
Zalizniak-2024-4583-658	658	core (of plant)	core (of plant)		
Zalizniak-2024-4583-659	659	cork	cork	4158	CORK
Zalizniak-2024-4583-660	660	corn crake	corn crake		
Zalizniak-2024-4583-661	661	cornel	cornel		
Zalizniak-2024-4583-662	662	corner	corner	192	CORNER
Zalizniak-2024-4583-663	663	corner of the eye	corner of the eye		
Zalizniak-2024-4583-664	664	cornflower (Centaurea)	cornflower (Centaurea)	1960	CORNFLOWER
Zalizniak-2024-4583-665	665	corpse	corpse	767	CORPSE
Zalizniak-2024-4583-666	666	corral, enclosure for cattle	corral, enclosure for cattle		
Zalizniak-2024-4583-667	667	correct (adj.)	correct (adj.)	1725	CORRECT (RIGHT)
Zalizniak-2024-4583-668	668	cotton	cotton	1850	COTTON
Zalizniak-2024-4583-669	669	*cotton	cotton		
Zalizniak-2024-4583-670	670	cotton wool	cotton wool	3442	COTTON WOOL
Zalizniak-2024-4583-671	671	country, land	country, land	1300	COUNTRY
Zalizniak-2024-4583-672	672	countryside	countryside	3200	COUNTRYSIDE
Zalizniak-2024-4583-673	673	coup d'état, revolution	coup d&#39;état, revolution	2431	REVOLUTION
Zalizniak-2024-4583-674	674	couple	couple		
Zalizniak-2024-4583-675	675	courage	courage	3049	COURAGE
Zalizniak-2024-4583-676	676	court (of a sovereign)	court (of a sovereign)		
Zalizniak-2024-4583-677	677	cousin (female, parallel)	cousin (female, parallel)		
Zalizniak-2024-4583-678	678	cousin (male)	cousin (male)		
Zalizniak-2024-4583-679	679	cousin (male, cross-)	cousin (male, cross-)		
Zalizniak-2024-4583-680	680	cousin (male, parallel)	cousin (male, parallel)		
Zalizniak-2024-4583-681	681	cover (of a book)	cover (of a book)		
Zalizniak-2024-4583-682	682	cover, canopy	cover, canopy		
Zalizniak-2024-4583-683	683	cover, lid	cover, lid	2319	LID (COVER, CAP)
Zalizniak-2024-4583-684	684	cow	cow	1007	COW
Zalizniak-2024-4583-685	685	coward	coward	1319	COWARD
Zalizniak-2024-4583-686	686	cowrie	cowrie	3663	COWRIE SHELL
Zalizniak-2024-4583-687	687	crab	crab	2348	CRAB
Zalizniak-2024-4583-688	688	cradle	cradle	2946	CRADLE
Zalizniak-2024-4583-689	689	craftsman	craftsman		
Zalizniak-2024-4583-690	690	cranberry (Oxycoccus)	cranberry (Oxycoccus)		
Zalizniak-2024-4583-691	691	crane (Grus)	crane (Grus)	1830	CRANE
Zalizniak-2024-4583-692	692	craw (of bird)	craw (of bird)		
Zalizniak-2024-4583-693	693	crawfish	crawfish	467	CRAYFISH
Zalizniak-2024-4583-694	694	cream (of milk)	cream (of milk)		
Zalizniak-2024-4583-695	695	creditor	creditor		
Zalizniak-2024-4583-696	696	crescent	crescent		
Zalizniak-2024-4583-697	697	crested lark	crested lark		
Zalizniak-2024-4583-698	698	cricket (insect)	cricket (insect)	2354	CRICKET
Zalizniak-2024-4583-699	699	crime	crime	1066	CRIME
Zalizniak-2024-4583-700	700	criminal	criminal		
Zalizniak-2024-4583-701	701	crocodile	crocodile	1857	CROCODILE
Zalizniak-2024-4583-702	702	crook, hooked stick	crook, hooked stick		
Zalizniak-2024-4583-703	703	crooked	crooked	297	CROOKED
Zalizniak-2024-4583-704	704	cross (n.)	cross (n.)	1367	CROSS
Zalizniak-2024-4583-705	705	crossbill (Loxia)	crossbill (Loxia)		
Zalizniak-2024-4583-706	706	crossroads	crossroads		
Zalizniak-2024-4583-707	707	*crossroads	crossroads		
Zalizniak-2024-4583-708	708	croup (illness)	croup (illness)		
Zalizniak-2024-4583-709	709	crow	crow	913	CROW
Zalizniak-2024-4583-710	710	crowd (of people)	crowd (of people)	2023	CROWD
Zalizniak-2024-4583-711	711	crown (n.)	crown (n.)	1943	CROWN (OF HEAD)
Zalizniak-2024-4583-712	712	crucian	crucian	2784	CRUCIAN CARP
Zalizniak-2024-4583-713	713	cruel	cruel	500	CRUEL
Zalizniak-2024-4583-714	714	crystal	crystal	4039	CRYSTAL
Zalizniak-2024-4583-715	715	cuckold	cuckold		
Zalizniak-2024-4583-716	716	cuckoo	cuckoo	2934	CUCKOO
Zalizniak-2024-4583-717	717	cucumber	cucumber	496	CUCUMBER
Zalizniak-2024-4583-718	718	cultivated (of person)	cultivated (of person)		
Zalizniak-2024-4583-719	719	cunning person	cunning person	2079	CUNNING PERSON
Zalizniak-2024-4583-720	720	cunning, sly	cunning, sly	2335	CUNNING
Zalizniak-2024-4583-721	721	cup	cup	476	CUP
Zalizniak-2024-4583-722	722	cupboard, closet	cupboard, closet	3357	CUPBOARD
Zalizniak-2024-4583-723	723	cupola, dome	cupola, dome		
Zalizniak-2024-4583-724	724	curly-headed	curly-headed		
Zalizniak-2024-4583-725	725	currant-bush	currant-bush	1988	RIBES
Zalizniak-2024-4583-726	726	current, flow, stream	current, flow, stream	2935	CURRENT (STREAM)
Zalizniak-2024-4583-727	727	curtain	curtain	2621	CURTAIN
Zalizniak-2024-4583-728	728	curve, turn (of road)	curve, turn (of road)		
Zalizniak-2024-4583-729	729	curved	curved	1698	CURVED
Zalizniak-2024-4583-730	730	custom, habit	custom, habit	1747	CUSTOM
Zalizniak-2024-4583-731	731	cuttlefish	cuttlefish	2814	CUTTLEFISH
Zalizniak-2024-4583-732	732	cypress	cypress	3243	CYPRESS
Zalizniak-2024-4583-733	733	disease	&lt;disease&gt;	1986	DISEASE
Zalizniak-2024-4583-734	734	dish	&lt;dish&gt;	481	DISH
Zalizniak-2024-4583-735	735	dairy	dairy		
Zalizniak-2024-4583-736	736	daisy (Bellis)	daisy (Bellis)		
Zalizniak-2024-4583-737	737	dance (n.)	dance (n.)	3472	DANCE (MOVEMENT)
Zalizniak-2024-4583-738	738	dandelion	dandelion	1800	DANDELION
Zalizniak-2024-4583-739	739	dandruff	dandruff	576	DANDRUFF
Zalizniak-2024-4583-740	740	danger	danger	1810	DANGER
Zalizniak-2024-4583-741	741	dangerous	dangerous	3466	DANGEROUS
Zalizniak-2024-4583-742	742	dark (adj.)	dark (adj.)	706	DARK
Zalizniak-2024-4583-743	743	dark blue	dark blue		
Zalizniak-2024-4583-744	744	dark-skinned	dark-skinned		
Zalizniak-2024-4583-745	745	date	date		
Zalizniak-2024-4583-746	746	date (Phoenix dactylifera)	date (Phoenix dactylifera)		
Zalizniak-2024-4583-747	747	daughter	daughter	1357	DAUGHTER
Zalizniak-2024-4583-748	748	daughter's husband	daughter&#39;s husband	1056	SON-IN-LAW
Zalizniak-2024-4583-749	749	daughter-in-law	daughter-in-law	1057	DAUGHTER-IN-LAW
Zalizniak-2024-4583-750	750	dawn	dawn	729	DAWN
Zalizniak-2024-4583-751	751	day	day	1225	DAY (NOT NIGHT)
Zalizniak-2024-4583-752	752	*day after rest	day after rest		
Zalizniak-2024-4583-753	753	daydream (n.)	daydream (n.)		
Zalizniak-2024-4583-754	754	dead (adj.)	dead (adj.)	1625	DEAD
Zalizniak-2024-4583-755	755	deadlock	deadlock		
Zalizniak-2024-4583-756	756	deaf	deaf	996	DEAF
Zalizniak-2024-4583-757	757	*dear, darling	dear, darling		
Zalizniak-2024-4583-758	758	death	death	910	DEATH
Zalizniak-2024-4583-759	759	debt	debt	1914	DEBT
Zalizniak-2024-4583-760	760	deceased	deceased		
Zalizniak-2024-4583-761	761	December	December	2855	DECEMBER
Zalizniak-2024-4583-762	762	deception	deception	13	DECEIT
Zalizniak-2024-4583-763	763	deck (of a ship)	deck (of a ship)		
Zalizniak-2024-4583-764	764	deep	deep	1593	DEEP
Zalizniak-2024-4583-765	765	deer	deer	1936	DEER
Zalizniak-2024-4583-766	766	defect	defect	1995	DEFECT
Zalizniak-2024-4583-767	767	defender	defender		
Zalizniak-2024-4583-768	768	definite, certain	definite, certain	509	CERTAIN
Zalizniak-2024-4583-769	769	definition	definition		
Zalizniak-2024-4583-770	770	degree (unit of measurement)	degree (unit of measurement)		
Zalizniak-2024-4583-771	771	delicate, subtle (person, question etc.)	delicate, subtle (person, question etc.)		
Zalizniak-2024-4583-772	772	den (of thieves etc.)	den (of thieves etc.)		
Zalizniak-2024-4583-773	773	dense (forest)	dense (forest)		
Zalizniak-2024-4583-774	774	dense, thick (liquid)	dense, thick (liquid)	2239	DENSE
Zalizniak-2024-4583-775	775	dependant	dependant		
Zalizniak-2024-4583-776	776	deprived of, lacking	deprived of, lacking	2329	LACK (NOT HAVE)
Zalizniak-2024-4583-777	777	descendant	descendant	490	DESCENDANTS
Zalizniak-2024-4583-778	778	desert (n.)	desert (n.)	3687	DESERT
Zalizniak-2024-4583-779	779	destiny	destiny		
Zalizniak-2024-4583-780	780	detailed, thorough	detailed, thorough		
Zalizniak-2024-4583-781	781	*detective	detective		
Zalizniak-2024-4583-782	782	devil, satan	devil, satan	3917	DEVIL
Zalizniak-2024-4583-783	783	dew	dew	1977	DEW
Zalizniak-2024-4583-784	784	*dew	dew		
Zalizniak-2024-4583-785	785	diabetes	diabetes		
Zalizniak-2024-4583-786	786	dialect	dialect	2815	DIALECT
Zalizniak-2024-4583-787	787	*dialect	dialect		
Zalizniak-2024-4583-788	788	diamond	diamond	3878	DIAMOND
Zalizniak-2024-4583-789	789	diamonds (in cards)	diamonds (in cards)		
Zalizniak-2024-4583-790	790	diaphragm	diaphragm		
Zalizniak-2024-4583-791	791	dictionary	dictionary		
Zalizniak-2024-4583-792	792	different	different	2504	DIFFERENT
Zalizniak-2024-4583-793	793	difficult	difficult	584	DIFFICULT
Zalizniak-2024-4583-794	794	digit (mathematics)	digit (mathematics)	1356	NUMBER
Zalizniak-2024-4583-795	795	dimple	dimple		
Zalizniak-2024-4583-796	796	dinner fork	dinner fork	1302	FORK
Zalizniak-2024-4583-797	797	dinner, evening meal	dinner, evening meal	1833	DINNER (SUPPER)
Zalizniak-2024-4583-798	798	direction	direction	3427	DIRECTION
Zalizniak-2024-4583-799	799	*directly	directly		
Zalizniak-2024-4583-800	800	dirty	dirty	1230	DIRTY
Zalizniak-2024-4583-801	801	disc	disc		
Zalizniak-2024-4583-802	802	*disease	disease		
Zalizniak-2024-4583-803	803	disgrace	disgrace		
Zalizniak-2024-4583-804	804	disgusting	disgusting	2507	DISGUSTING
Zalizniak-2024-4583-805	805	dishonest	dishonest		
Zalizniak-2024-4583-806	806	disorder, mess	disorder, mess	1083	MESS
Zalizniak-2024-4583-807	807	dispute, discussion	dispute, discussion	3956	DISPUTE
Zalizniak-2024-4583-808	808	*dissimilar, distinct	dissimilar, distinct		
Zalizniak-2024-4583-809	809	dissolute	dissolute		
Zalizniak-2024-4583-810	810	distance	distance	2978	DISTANCE
Zalizniak-2024-4583-811	811	distilled alcohol	distilled alcohol		
Zalizniak-2024-4583-812	812	distressing event	distressing event		
Zalizniak-2024-4583-813	813	diver	diver		
Zalizniak-2024-4583-814	814	do not see	do not see		
Zalizniak-2024-4583-815	815	dock-tailed, tailless	dock-tailed, tailless		
Zalizniak-2024-4583-816	816	doctor, physician	doctor, physician	597	PHYSICIAN
Zalizniak-2024-4583-817	817	document (n.)	document (n.)		
Zalizniak-2024-4583-818	818	dog	dog	2009	DOG
Zalizniak-2024-4583-819	819	dog-rose	dog-rose	527	DOG-ROSE
Zalizniak-2024-4583-820	820	doll	doll	1659	DOLL
Zalizniak-2024-4583-821	821	dolphin	dolphin	1479	DOLPHIN
Zalizniak-2024-4583-822	822	domestic (animal)	domestic (animal)		
Zalizniak-2024-4583-823	823	donkey	donkey	1862	DONKEY
Zalizniak-2024-4583-824	824	donut	donut		
Zalizniak-2024-4583-825	825	doomsday	doomsday		
Zalizniak-2024-4583-826	826	door	door	1567	DOOR
Zalizniak-2024-4583-827	827	door bolt	door bolt	1012	LATCH
Zalizniak-2024-4583-828	828	doorpost	doorpost	80	DOORPOST
Zalizniak-2024-4583-829	829	dormouse	dormouse		
Zalizniak-2024-4583-830	830	dough	dough	273	DOUGH
Zalizniak-2024-4583-831	831	downriver	downriver		
Zalizniak-2024-4583-832	832	*downstream	downstream		
Zalizniak-2024-4583-833	833	downy birch	downy birch		
Zalizniak-2024-4583-834	834	dowry	dowry	3168	DOWRY
Zalizniak-2024-4583-835	835	dragon	dragon	2038	DRAGON
Zalizniak-2024-4583-836	836	dragonfly	dragonfly	2352	DRAGONFLY
Zalizniak-2024-4583-837	837	drama (theatre)	drama (theatre)		
Zalizniak-2024-4583-838	838	draught animal	draught animal		
Zalizniak-2024-4583-839	839	dream (during sleep)	dream (during sleep)	2374	DREAM
Zalizniak-2024-4583-840	840	dress (feminine)	dress (feminine)	474	DRESS
Zalizniak-2024-4583-841	841	*drinking vessel	drinking vessel		
Zalizniak-2024-4583-842	842	driver (of a motorized vehicle)	driver (of a motorized vehicle)		
Zalizniak-2024-4583-843	843	driver's seat	driver&#39;s seat		
Zalizniak-2024-4583-844	844	drone	drone		
Zalizniak-2024-4583-845	845	drop (n.)	drop (n.)	3748	DROP (OF A LIQUID)
Zalizniak-2024-4583-846	846	drug, medicine	drug, medicine	1372	MEDICINE
Zalizniak-2024-4583-847	847	drum	drum	908	DRUM
Zalizniak-2024-4583-848	848	drunk	drunk	1463	DRUNK
Zalizniak-2024-4583-849	849	drunkard	drunkard		
Zalizniak-2024-4583-850	850	dry	dry	1398	DRY
Zalizniak-2024-4583-851	851	*dry	dry		
Zalizniak-2024-4583-852	852	dry (wine)	dry (wine)		
Zalizniak-2024-4583-853	853	dry sandy soil	dry sandy soil		
Zalizniak-2024-4583-854	854	dry season	dry season	452	DRY SEASON
Zalizniak-2024-4583-855	855	duck	duck	1360	DUCK
Zalizniak-2024-4583-856	856	duckweed	duckweed		
Zalizniak-2024-4583-857	857	*duffer	duffer		
Zalizniak-2024-4583-858	858	dump	dump		
Zalizniak-2024-4583-859	859	dumpling	dumpling		
Zalizniak-2024-4583-860	860	dung	dung	2057	DUNG (ANIMAL FAECES)
Zalizniak-2024-4583-861	861	dung-beetle	dung-beetle		
Zalizniak-2024-4583-862	862	dust	dust	2	DUST
Zalizniak-2024-4583-863	863	*dust	dust		
Zalizniak-2024-4583-864	864	duty, responsibility	duty, responsibility	3471	OBLIGATION (DUTY)
Zalizniak-2024-4583-865	865	dwarf	dwarf		
Zalizniak-2024-4583-866	866	dyer's greenweed (Genista tinctoria)	dyer&#39;s greenweed (Genista tinctoria)		
Zalizniak-2024-4583-867	867	dysentery	dysentery		
Zalizniak-2024-4583-868	868	ethnic group	&lt;ethnic group&gt;		
Zalizniak-2024-4583-869	869	exclamation of surprise, pain or sorrow	&lt;exclamation of surprise, pain or sorrow&gt;		
Zalizniak-2024-4583-870	870	expletive	&lt;expletive&gt;		
Zalizniak-2024-4583-871	871	expression of anger	&lt;expression of anger&gt;		
Zalizniak-2024-4583-872	872	eagle	eagle	1905	EAGLE
Zalizniak-2024-4583-873	873	eagle-owl (Bubo bubo)	eagle-owl (Bubo bubo)		
Zalizniak-2024-4583-874	874	ear	ear	1247	EAR
Zalizniak-2024-4583-875	875	ear, spike (of a grain plant)	ear, spike (of a grain plant)	1249	SPIKE
Zalizniak-2024-4583-876	876	earlier	earlier		
Zalizniak-2024-4583-877	877	early	early	672	EARLY
Zalizniak-2024-4583-878	878	earnest, serious	earnest, serious		
Zalizniak-2024-4583-879	879	earring	earring	770	EARRING
Zalizniak-2024-4583-880	880	earth	earth		
Zalizniak-2024-4583-881	881	earth oven	earth oven		
Zalizniak-2024-4583-882	882	earth, soil	earth, soil	1228	EARTH (SOIL)
Zalizniak-2024-4583-883	883	earthworm	earthworm	2350	EARTHWORM
Zalizniak-2024-4583-884	884	East	East	1877	EAST
Zalizniak-2024-4583-885	885	*East	East		
Zalizniak-2024-4583-886	886	Easter	Easter		
Zalizniak-2024-4583-887	887	eater	eater		
Zalizniak-2024-4583-888	888	eaves	eaves		
Zalizniak-2024-4583-889	889	echo	echo	2816	ECHO
Zalizniak-2024-4583-890	890	eclipse	eclipse	2285	ECLIPSE
Zalizniak-2024-4583-891	891	edge (of an instrument)	edge (of an instrument)		
Zalizniak-2024-4583-892	892	edge, border	edge, border	863	EDGE
Zalizniak-2024-4583-893	893	eel (Anguilla anguilla)	eel (Anguilla anguilla)	1013	FRESHWATER EEL
Zalizniak-2024-4583-894	894	effeminate	effeminate		
Zalizniak-2024-4583-895	895	egg	egg	744	EGG
Zalizniak-2024-4583-896	896	eggplant (Solanum melongena)	eggplant (Solanum melongena)	1146	AUBERGINE
Zalizniak-2024-4583-897	897	Egyptian vulture	Egyptian vulture		
Zalizniak-2024-4583-898	898	eight	eight	1705	EIGHT
Zalizniak-2024-4583-899	899	elbow	elbow	981	ELBOW
Zalizniak-2024-4583-900	900	elbow piece (tube)	elbow piece (tube)		
Zalizniak-2024-4583-901	901	elder	elder		
Zalizniak-2024-4583-902	902	elder (Sambucus)	elder (Sambucus)		
Zalizniak-2024-4583-903	903	elder brother	elder brother	1759	OLDER BROTHER
Zalizniak-2024-4583-904	904	elder brother's wife	elder brother&#39;s wife	2695	SISTER-IN-LAW (OLDER BROTHER'S WIFE)
Zalizniak-2024-4583-905	905	elder sister	elder sister	1758	OLDER SISTER
Zalizniak-2024-4583-906	906	electric lamp	electric lamp	625	LAMP
Zalizniak-2024-4583-907	907	electrical fan	electrical fan		
Zalizniak-2024-4583-908	908	electricity	electricity	59	ELECTRICITY
Zalizniak-2024-4583-909	909	elephant	elephant	1290	ELEPHANT
Zalizniak-2024-4583-910	910	eleven	eleven	1706	ELEVEN
Zalizniak-2024-4583-911	911	elm	elm	3317	ELM
Zalizniak-2024-4583-912	912	elongated object	elongated object		
Zalizniak-2024-4583-913	913	ember	ember	67	EMBERS
Zalizniak-2024-4583-914	914	embroidery on the hem	embroidery on the hem		
Zalizniak-2024-4583-915	915	eminent man	eminent man		
Zalizniak-2024-4583-916	916	emotionless	emotionless		
Zalizniak-2024-4583-917	917	empty	empty	1624	EMPTY
Zalizniak-2024-4583-918	918	Emu (Dromaius novaehollandiae)	Emu (Dromaius novaehollandiae)	2817	EMU
Zalizniak-2024-4583-919	919	end	end	742	END (OF SPACE)
Zalizniak-2024-4583-920	920	ending (in grammar)	ending (in grammar)		
Zalizniak-2024-4583-921	921	endless, infinite	endless, infinite		
Zalizniak-2024-4583-922	922	enemy	enemy	1358	ENEMY
Zalizniak-2024-4583-923	923	*engaged, bridegroom	engaged, bridegroom		
Zalizniak-2024-4583-924	924	Englishman	Englishman		
Zalizniak-2024-4583-925	925	enough	enough	1881	ENOUGH
Zalizniak-2024-4583-926	926	entada (plant)	entada (plant)		
Zalizniak-2024-4583-927	927	enthusiastic person	enthusiastic person		
Zalizniak-2024-4583-928	928	entire	entire	2277	WHOLE
Zalizniak-2024-4583-929	929	entirely	entirely		
Zalizniak-2024-4583-930	930	envious	envious		
Zalizniak-2024-4583-931	931	epidemic	epidemic		
Zalizniak-2024-4583-932	932	equal	equal	1570	EQUAL
Zalizniak-2024-4583-933	933	ermine; stoat (Mustela erminea)	ermine; stoat (Mustela erminea)		
Zalizniak-2024-4583-934	934	error	error	1293	MISTAKE
Zalizniak-2024-4583-935	935	erysipelas	erysipelas		
Zalizniak-2024-4583-936	936	essay (in school)	essay (in school)		
Zalizniak-2024-4583-937	937	essence	essence		
Zalizniak-2024-4583-938	938	eternal	eternal		
Zalizniak-2024-4583-939	939	eternity	eternity		
Zalizniak-2024-4583-940	940	*ethnic group	ethnic group		
Zalizniak-2024-4583-941	941	eunuch	eunuch		
Zalizniak-2024-4583-942	942	Eurasian hoopoe	Eurasian hoopoe		
Zalizniak-2024-4583-943	943	Eurasian nuthatch	Eurasian nuthatch		
Zalizniak-2024-4583-944	944	Eurasian scops owl	Eurasian scops owl		
Zalizniak-2024-4583-945	945	Eurasian skylark	Eurasian skylark		
Zalizniak-2024-4583-946	946	Eurasian woodcock	Eurasian woodcock		
Zalizniak-2024-4583-947	947	Eurasian wryneck	Eurasian wryneck		
Zalizniak-2024-4583-948	948	Europe	Europe		
Zalizniak-2024-4583-949	949	*European blueberry	European blueberry		
Zalizniak-2024-4583-950	950	european kingfisher (Alcedo atthis)	european kingfisher (Alcedo atthis)	2444	KINGFISHER
Zalizniak-2024-4583-951	951	European robin	European robin	2402	ROBIN
Zalizniak-2024-4583-952	952	European whitefish	European whitefish		
Zalizniak-2024-4583-953	953	evening	evening	1629	EVENING
Zalizniak-2024-4583-954	954	event, occurrence	event, occurrence		
Zalizniak-2024-4583-955	955	evident	evident		
Zalizniak-2024-4583-956	956	evil (adj.)	evil (adj.)	45	EVIL
Zalizniak-2024-4583-957	957	evil eye	evil eye		
Zalizniak-2024-4583-958	958	evil spirit	evil spirit		
Zalizniak-2024-4583-959	959	*evil spirit	evil spirit		
Zalizniak-2024-4583-960	960	exact	exact	1466	EXACT
Zalizniak-2024-4583-961	961	exactly	exactly		
Zalizniak-2024-4583-962	962	excellent	excellent		
Zalizniak-2024-4583-963	963	exceptional	exceptional		
Zalizniak-2024-4583-964	964	excessive, extra	excessive, extra		
Zalizniak-2024-4583-965	965	exchange	exchange	2509	EXCHANGE
Zalizniak-2024-4583-966	966	executioner	executioner		
Zalizniak-2024-4583-967	967	expensive	expensive	1426	EXPENSIVE
Zalizniak-2024-4583-968	968	experience of great suffering	experience of great suffering		
Zalizniak-2024-4583-969	969	experienced	experienced	2218	EXPERIENCED
Zalizniak-2024-4583-970	970	extinct	extinct		
Zalizniak-2024-4583-971	971	extortioner	extortioner		
Zalizniak-2024-4583-972	972	eye	eye	1248	EYE
Zalizniak-2024-4583-973	973	eye (of potato)	eye (of potato)		
Zalizniak-2024-4583-974	974	eye of a needle	eye of a needle		
Zalizniak-2024-4583-975	975	eye of typhoon	eye of typhoon		
Zalizniak-2024-4583-976	976	eye socket	eye socket		
Zalizniak-2024-4583-977	977	eyeball	eyeball	3807	EYEBALL
Zalizniak-2024-4583-978	978	eyebright (Euphrasia officinalis)	eyebright (Euphrasia officinalis)		
Zalizniak-2024-4583-979	979	eyebrow	eyebrow	1173	EYEBROW
Zalizniak-2024-4583-980	980	eyelash	eyelash	1540	EYELASH
Zalizniak-2024-4583-981	981	eyelid	eyelid	17	EYELID
Zalizniak-2024-4583-982	982	(fishing) sinker	(fishing) sinker		
Zalizniak-2024-4583-983	983	female animal	&lt;female animal&gt;	3923	FEMALE ANIMAL
Zalizniak-2024-4583-984	984	fish	&lt;fish&gt;	227	FISH
Zalizniak-2024-4583-985	985	foot-wear	&lt;foot-wear&gt;	1381	SHOE
Zalizniak-2024-4583-986	986	foreign country	&lt;foreign country&gt;		
Zalizniak-2024-4583-987	987	foreigner	&lt;foreigner&gt;	791	STRANGER
Zalizniak-2024-4583-988	988	fruit	&lt;fruit&gt;	1507	FRUIT
Zalizniak-2024-4583-989	989	furniture	&lt;furniture&gt;		
Zalizniak-2024-4583-990	990	fable	fable		
Zalizniak-2024-4583-991	991	face	face	1560	FACE
Zalizniak-2024-4583-992	992	faeces	faeces	675	FAECES (EXCREMENT)
Zalizniak-2024-4583-993	993	fairy tale	fairy tale	2937	FAIRY TALE
Zalizniak-2024-4583-994	994	faith	faith		
Zalizniak-2024-4583-995	995	falcon	falcon	3258	FALCON
Zalizniak-2024-4583-996	996	fallen woman	fallen woman		
Zalizniak-2024-4583-997	997	fallow	fallow		
Zalizniak-2024-4583-998	998	fallow deer	fallow deer		
Zalizniak-2024-4583-999	999	false, wrong	false, wrong	1390	WRONG
Zalizniak-2024-4583-1000	1000	falsified, fake	falsified, fake	3069	FALSE
Zalizniak-2024-4583-1001	1001	fame	fame	865	FAME
Zalizniak-2024-4583-1002	1002	family	family	194	FAMILY
Zalizniak-2024-4583-1003	1003	*family	family		
Zalizniak-2024-4583-1004	1004	famous	famous		
Zalizniak-2024-4583-1005	1005	fan (hand-held)	fan (hand-held)	1971	FAN (OBJECT)
Zalizniak-2024-4583-1006	1006	fan (sport)	fan (sport)		
Zalizniak-2024-4583-1007	1007	fan palm (Pritchardia pacifica)	fan palm (Pritchardia pacifica)		
Zalizniak-2024-4583-1008	1008	fanatic	fanatic		
Zalizniak-2024-4583-1009	1009	fang	fang		
Zalizniak-2024-4583-1010	1010	far away	far away	1406	FAR
Zalizniak-2024-4583-1011	1011	farm laborer	farm laborer		
Zalizniak-2024-4583-1012	1012	farmer	farmer	979	FARMER
Zalizniak-2024-4583-1013	1013	fascicle (cluster of flowers or berries)	fascicle (cluster of flowers or berries)		
Zalizniak-2024-4583-1014	1014	fast (n.)	fast (n.)		
Zalizniak-2024-4583-1015	1015	fat (adj.) (of food)	fat (adj.) (of food)	2449	FAT (OF MEAT AND FOOD)
Zalizniak-2024-4583-1016	1016	fat (adj.)(of a person)	fat (adj.)(of a person)	1279	FAT (OBESE)
Zalizniak-2024-4583-1017	1017	fat (n.)	fat (n.)	323	FAT (ORGANIC SUBSTANCE)
Zalizniak-2024-4583-1018	1018	Fat Tuesday	Fat Tuesday		
Zalizniak-2024-4583-1019	1019	father	father	1217	FATHER
Zalizniak-2024-4583-1020	1020	father's brother	father&#39;s brother	1985	PATERNAL UNCLE (FATHER'S BROTHER)
Zalizniak-2024-4583-1021	1021	father-in-law	father-in-law	1055	FATHER-IN-LAW
Zalizniak-2024-4583-1022	1022	fatless	fatless		
Zalizniak-2024-4583-1023	1023	*favourite	favourite		
Zalizniak-2024-4583-1024	1024	fearful, dreadful	fearful, dreadful	528	DREADFUL
Zalizniak-2024-4583-1025	1025	feast	feast	131	FESTIVAL
Zalizniak-2024-4583-1026	1026	feast (at a table)	feast (at a table)		
Zalizniak-2024-4583-1027	1027	feather	feather	1201	FEATHER
Zalizniak-2024-4583-1028	1028	feathering	feathering		
Zalizniak-2024-4583-1029	1029	February	February	2037	FEBRUARY
Zalizniak-2024-4583-1030	1030	fellow traveller	fellow traveller		
Zalizniak-2024-4583-1031	1031	female ascetic	female ascetic		
Zalizniak-2024-4583-1032	1032	*female breast	female breast		
Zalizniak-2024-4583-1033	1033	female calf	female calf		
Zalizniak-2024-4583-1034	1034	female maral	female maral		
Zalizniak-2024-4583-1035	1035	female servant, maid	female servant, maid		
Zalizniak-2024-4583-1036	1036	fence	fence	1690	FENCE
Zalizniak-2024-4583-1037	1037	fenugreek	fenugreek		
Zalizniak-2024-4583-1038	1038	ferment, leaven	ferment, leaven		
Zalizniak-2024-4583-1039	1039	fern	fern	3802	FERN
Zalizniak-2024-4583-1040	1040	fertile (soil)	fertile (soil)		
Zalizniak-2024-4583-1041	1041	fetlock	fetlock		
Zalizniak-2024-4583-1042	1042	fetters	fetters		
Zalizniak-2024-4583-1043	1043	fetus	fetus		
Zalizniak-2024-4583-1044	1044	fever	fever	1534	FEVER
Zalizniak-2024-4583-1045	1045	few, little	few, little	1242	FEW
Zalizniak-2024-4583-1046	1046	fibres prepared for spinning	fibres prepared for spinning		
Zalizniak-2024-4583-1047	1047	fibula (anat.)	fibula (anat.)		
Zalizniak-2024-4583-1048	1048	field	field	212	FIELD
Zalizniak-2024-4583-1049	1049	field bindweed	field bindweed		
Zalizniak-2024-4583-1050	1050	field sowthistle	field sowthistle		
Zalizniak-2024-4583-1051	1051	fieldfare	fieldfare		
Zalizniak-2024-4583-1052	1052	fifth	fifth		
Zalizniak-2024-4583-1053	1053	fig	fig	322	FIG
Zalizniak-2024-4583-1054	1054	fighter plane	fighter plane		
Zalizniak-2024-4583-1055	1055	figuratively	figuratively		
Zalizniak-2024-4583-1056	1056	figure, stature	figure, stature	1945	IDOL
Zalizniak-2024-4583-1057	1057	film, movie	film, movie	216	MOVIE
Zalizniak-2024-4583-1058	1058	fin	fin	213	FIN
Zalizniak-2024-4583-1059	1059	fine (fee as a punishment)	fine (fee as a punishment)	218	FINE (PENALTY)
Zalizniak-2024-4583-1060	1060	fine, powder-like	fine, powder-like	2157	FINE OR THIN
Zalizniak-2024-4583-1061	1061	finger-ring	finger-ring	1374	RING
Zalizniak-2024-4583-1062	1062	finger/toe	finger/toe	2120	FINGER OR TOE
Zalizniak-2024-4583-1063	1063	fire	fire	221	FIRE
Zalizniak-2024-4583-1064	1064	fire (accident)	fire (accident)		
Zalizniak-2024-4583-1065	1065	fire striker	fire striker		
Zalizniak-2024-4583-1066	1066	fire-arms	fire-arms		
Zalizniak-2024-4583-1067	1067	firearm	firearm		
Zalizniak-2024-4583-1068	1068	firebug, Pyrrhocoris apterus	firebug, Pyrrhocoris apterus		
Zalizniak-2024-4583-1069	1069	firefly	firefly	206	FIREFLY
Zalizniak-2024-4583-1070	1070	fireplace	fireplace	185	FIREPLACE
Zalizniak-2024-4583-1071	1071	firewood	firewood	10	FIREWOOD
Zalizniak-2024-4583-1072	1072	fireworks	fireworks		
Zalizniak-2024-4583-1073	1073	firm, solid	firm, solid	3003	SOLID
Zalizniak-2024-4583-1074	1074	first	first	728	FIRST
Zalizniak-2024-4583-1075	1075	first time	first time		
Zalizniak-2024-4583-1076	1076	firstborn	firstborn		
Zalizniak-2024-4583-1077	1077	*fish	fish		
Zalizniak-2024-4583-1078	1078	fishbone	fishbone	3799	FISHBONE
Zalizniak-2024-4583-1079	1079	fisherman	fisherman	1858	FISHERMAN
Zalizniak-2024-4583-1080	1080	fishing float (bobber)	fishing float (bobber)		
Zalizniak-2024-4583-1081	1081	fist	fist	1473	FIST
Zalizniak-2024-4583-1082	1082	five	five	493	FIVE
Zalizniak-2024-4583-1083	1083	five-finger (Potentilla)	five-finger (Potentilla)		
Zalizniak-2024-4583-1084	1084	flag	flag	2623	FLAG
Zalizniak-2024-4583-1085	1085	flagellate	flagellate		
Zalizniak-2024-4583-1086	1086	flagellum	flagellum		
Zalizniak-2024-4583-1087	1087	flank (body part)	flank (body part)		
Zalizniak-2024-4583-1088	1088	flank (military)	flank (military)	529	FLANK
Zalizniak-2024-4583-1089	1089	flat (adj)	flat (adj)	1633	FLAT
Zalizniak-2024-4583-1090	1090	flat cake	flat cake		
Zalizniak-2024-4583-1091	1091	flatbread	flatbread		
Zalizniak-2024-4583-1092	1092	flattery	flattery		
Zalizniak-2024-4583-1093	1093	flatus	flatus		
Zalizniak-2024-4583-1094	1094	flax	flax	3315	FLAX
Zalizniak-2024-4583-1095	1095	flea	flea	232	FLEA
Zalizniak-2024-4583-1096	1096	flexible	flexible	1691	FLEXIBLE
Zalizniak-2024-4583-1097	1097	flint	flint		
Zalizniak-2024-4583-1098	1098	flood, overflow (of the river)	flood, overflow (of the river)		
Zalizniak-2024-4583-1099	1099	floor (vs. ceiling)	floor (vs. ceiling)	1632	FLOOR
Zalizniak-2024-4583-1100	1100	flower	flower	239	FLOWER
Zalizniak-2024-4583-1101	1101	flower cup	flower cup		
Zalizniak-2024-4583-1102	1102	fluff, down (of feather)	fluff, down (of feather)		
Zalizniak-2024-4583-1103	1103	flute	flute	777	FLUTE
Zalizniak-2024-4583-1104	1104	fly (n.)	fly (n.)	1504	FLY (INSECT)
Zalizniak-2024-4583-1105	1105	fly agaric (Amanita muscaria)	fly agaric (Amanita muscaria)		
Zalizniak-2024-4583-1106	1106	flying fish	flying fish		
Zalizniak-2024-4583-1107	1107	foal	foal	1647	FOAL
Zalizniak-2024-4583-1108	1108	foam	foam	1768	FOAM
Zalizniak-2024-4583-1109	1109	*fodder	fodder		
Zalizniak-2024-4583-1110	1110	follower (of guru, leader)	follower (of guru, leader)		
Zalizniak-2024-4583-1111	1111	fontanelle	fontanelle		
Zalizniak-2024-4583-1112	1112	food	food	256	FOOD
Zalizniak-2024-4583-1113	1113	fool	fool	1438	FOOL
Zalizniak-2024-4583-1114	1114	foot	foot	1301	FOOT
Zalizniak-2024-4583-1115	1115	*foot	foot		
Zalizniak-2024-4583-1116	1116	*foot-wear	foot-wear		
Zalizniak-2024-4583-1117	1117	foot/leg	foot/leg	2098	FOOT OR LEG
Zalizniak-2024-4583-1118	1118	*football fan	football fan		
Zalizniak-2024-4583-1119	1119	footprint, track	footprint, track	318	FOOTPRINT
Zalizniak-2024-4583-1120	1120	*for removal 1	for removal 1		
Zalizniak-2024-4583-1121	1121	forbidden	forbidden		
Zalizniak-2024-4583-1122	1122	ford	ford	2818	FORD (CROSSING)
Zalizniak-2024-4583-1123	1123	forearm	forearm	446	LOWER ARM
Zalizniak-2024-4583-1124	1124	forehead	forehead	123	FOREHEAD
Zalizniak-2024-4583-1125	1125	foreign	foreign	109	FOREIGN
Zalizniak-2024-4583-1126	1126	forelock	forelock		
Zalizniak-2024-4583-1127	1127	foreskin	foreskin		
Zalizniak-2024-4583-1128	1128	forest	forest	420	FOREST
Zalizniak-2024-4583-1129	1129	forget-me-not (flower)	forget-me-not (flower)		
Zalizniak-2024-4583-1130	1130	fortress	fortress	1938	FORTRESS
Zalizniak-2024-4583-1131	1131	forty	forty	1716	FORTY
Zalizniak-2024-4583-1132	1132	foster-father	foster-father		
Zalizniak-2024-4583-1133	1133	foundation ditch	foundation ditch		
Zalizniak-2024-4583-1134	1134	foundation, basement	foundation, basement		
Zalizniak-2024-4583-1135	1135	founder	founder		
Zalizniak-2024-4583-1136	1136	fourth	fourth		
Zalizniak-2024-4583-1137	1137	fox (Vulpes vulpes)	fox (Vulpes vulpes)	1312	FOX
Zalizniak-2024-4583-1138	1138	foxglove (Digitalis L.)	foxglove (Digitalis L.)		
Zalizniak-2024-4583-1139	1139	fragile	fragile		
Zalizniak-2024-4583-1140	1140	francolin	francolin		
Zalizniak-2024-4583-1141	1141	frank	frank		
Zalizniak-2024-4583-1142	1142	frankincense	frankincense		
Zalizniak-2024-4583-1143	1143	fraud, cheat	fraud, cheat	3055	SWINDLE
Zalizniak-2024-4583-1144	1144	fraudster	fraudster		
Zalizniak-2024-4583-1145	1145	fraught with consequences	fraught with consequences		
Zalizniak-2024-4583-1146	1146	freak, oddity	freak, oddity		
Zalizniak-2024-4583-1147	1147	freckle	freckle	530	FRECKLE
Zalizniak-2024-4583-1148	1148	free	free	2316	FREE
Zalizniak-2024-4583-1149	1149	free of charge	free of charge	130	GRATIS (OF CHARGE)
Zalizniak-2024-4583-1150	1150	freedom	freedom	4086	FREEDOM
Zalizniak-2024-4583-1151	1151	*Freemason	Freemason		
Zalizniak-2024-4583-1152	1152	frequent	frequent		
Zalizniak-2024-4583-1153	1153	fresh	fresh	243	FRESH
Zalizniak-2024-4583-1154	1154	fresh (of water)	fresh (of water)	2195	FRESH (OF WATER)
Zalizniak-2024-4583-1155	1155	Friday	Friday	1692	FRIDAY
Zalizniak-2024-4583-1156	1156	fried eggs	fried eggs		
Zalizniak-2024-4583-1157	1157	friend	friend	1325	FRIEND
Zalizniak-2024-4583-1158	1158	friendly, amicable	friendly, amicable		
Zalizniak-2024-4583-1159	1159	frigidity	frigidity	2932	COLD (CHILL)
Zalizniak-2024-4583-1160	1160	frivolous	frivolous		
Zalizniak-2024-4583-1161	1161	frog	frog	503	FROG
Zalizniak-2024-4583-1162	1162	from land to shore	from land to shore		
Zalizniak-2024-4583-1163	1163	from the top to the bottom of the mountain	from the top to the bottom of the mountain		
Zalizniak-2024-4583-1164	1164	front (during the war)	front (during the war)		
Zalizniak-2024-4583-1165	1165	front leg	front leg		
Zalizniak-2024-4583-1166	1166	front part	front part	2194	FRONT (PART)
Zalizniak-2024-4583-1167	1167	front part of foot	front part of foot		
Zalizniak-2024-4583-1168	1168	frost	frost	2034	FROST
Zalizniak-2024-4583-1169	1169	frozen	frozen		
Zalizniak-2024-4583-1170	1170	*fruit	fruit		
Zalizniak-2024-4583-1171	1171	fruit pulp	fruit pulp		
Zalizniak-2024-4583-1172	1172	fuel	fuel		
Zalizniak-2024-4583-1173	1173	full	full	1429	FULL
Zalizniak-2024-4583-1174	1174	full age	full age		
Zalizniak-2024-4583-1175	1175	full stop	full stop		
Zalizniak-2024-4583-1176	1176	fun, gaiety	fun, gaiety		
Zalizniak-2024-4583-1177	1177	funnel	funnel	2602	FUNNEL
Zalizniak-2024-4583-1178	1178	funny	funny	4038	FUNNY
Zalizniak-2024-4583-1179	1179	furious	furious	2223	BE ANGRY
Zalizniak-2024-4583-1180	1180	furnace	furnace		
Zalizniak-2024-4583-1181	1181	further	further		
Zalizniak-2024-4583-1182	1182	furuncle	furuncle		
Zalizniak-2024-4583-1183	1183	future	future	2427	FUTURE
Zalizniak-2024-4583-1184	1184	(gun)powder	(gun)powder	1798	GUNPOWDER
Zalizniak-2024-4583-1185	1185	game	&lt;game&gt;	2467	GAME
Zalizniak-2024-4583-1186	1186	God	&lt;God&gt;	1944	GOD
Zalizniak-2024-4583-1187	1187	going, walking	&lt;going, walking&gt;	1443	WALK
Zalizniak-2024-4583-1188	1188	gall bladder	gall bladder	3372	GALL BLADDER
Zalizniak-2024-4583-1189	1189	galloon	galloon		
Zalizniak-2024-4583-1190	1190	*game	game		
Zalizniak-2024-4583-1191	1191	garbage	garbage	909	GARBAGE
Zalizniak-2024-4583-1192	1192	garden	garden	586	GARDEN
Zalizniak-2024-4583-1193	1193	garden bed	garden bed		
Zalizniak-2024-4583-1194	1194	gardener	gardener		
Zalizniak-2024-4583-1195	1195	garlic (Allium sativum)	garlic (Allium sativum)	2368	GARLIC
Zalizniak-2024-4583-1196	1196	garlic-scented agaric	garlic-scented agaric		
Zalizniak-2024-4583-1197	1197	gas	gas		
Zalizniak-2024-4583-1198	1198	gate	gate	2940	GATE
Zalizniak-2024-4583-1199	1199	gay	gay		
Zalizniak-2024-4583-1200	1200	Gemini (constellation)	Gemini (constellation)		
Zalizniak-2024-4583-1201	1201	general (military)	general (military)		
Zalizniak-2024-4583-1202	1202	generation	generation		
Zalizniak-2024-4583-1203	1203	genitalia	genitalia	198	GENITALIA
Zalizniak-2024-4583-1204	1204	genuine, true	genuine, true	1657	TRUE
Zalizniak-2024-4583-1205	1205	geometrid	geometrid		
Zalizniak-2024-4583-1206	1206	german (brother or sister)	german (brother or sister)	1640	SIBLING
Zalizniak-2024-4583-1207	1207	giant	giant		
Zalizniak-2024-4583-1208	1208	giant panda	giant panda		
Zalizniak-2024-4583-1209	1209	gills	gills	1916	GILL
Zalizniak-2024-4583-1210	1210	gilt	gilt		
Zalizniak-2024-4583-1211	1211	giraffe	giraffe	3089	GIRAFFE
Zalizniak-2024-4583-1212	1212	girl	girl	1646	GIRL
Zalizniak-2024-4583-1213	1213	girth	girth		
Zalizniak-2024-4583-1214	1214	glad	glad	1495	HAPPY
Zalizniak-2024-4583-1215	1215	gladiolus	gladiolus		
Zalizniak-2024-4583-1216	1216	glans penis	glans penis		
Zalizniak-2024-4583-1217	1217	glass (material)	glass (material)	604	GLASS
Zalizniak-2024-4583-1218	1218	glasswort	glasswort		
Zalizniak-2024-4583-1219	1219	glaucoma	glaucoma		
Zalizniak-2024-4583-1220	1220	globeflower	globeflower		
Zalizniak-2024-4583-1221	1221	globus cruciger	globus cruciger		
Zalizniak-2024-4583-1222	1222	gloomy, depressed	gloomy, depressed	1552	GLOOMY
Zalizniak-2024-4583-1223	1223	glue	glue	1069	GLUE
Zalizniak-2024-4583-1224	1224	glutton	glutton	533	GLUTTON
Zalizniak-2024-4583-1225	1225	gnarl	gnarl		
Zalizniak-2024-4583-1226	1226	goad	goad		
Zalizniak-2024-4583-1227	1227	goal (sport result)	goal (sport result)		
Zalizniak-2024-4583-1228	1228	goal frame (sport)	goal frame (sport)		
Zalizniak-2024-4583-1229	1229	goat	goat	1502	GOAT
Zalizniak-2024-4583-1230	1230	*god	god		
Zalizniak-2024-4583-1231	1231	goddess	goddess		
Zalizniak-2024-4583-1232	1232	godmother	godmother		
Zalizniak-2024-4583-1233	1233	gold	gold	1369	GOLD
Zalizniak-2024-4583-1234	1234	goldcrest	goldcrest		
Zalizniak-2024-4583-1235	1235	*golden	golden		
Zalizniak-2024-4583-1236	1236	golden oriole	golden oriole		
Zalizniak-2024-4583-1237	1237	goldenrod	goldenrod		
Zalizniak-2024-4583-1238	1238	goldfinch (Carduelis)	goldfinch (Carduelis)		
Zalizniak-2024-4583-1239	1239	goldsmith	goldsmith		
Zalizniak-2024-4583-1240	1240	good	good	1035	GOOD
Zalizniak-2024-4583-1241	1241	good (about weather)	good (about weather)		
Zalizniak-2024-4583-1242	1242	*good (ethically)	good (ethically)		
Zalizniak-2024-4583-1243	1243	good manners	good manners		
Zalizniak-2024-4583-1244	1244	good weather	good weather		
Zalizniak-2024-4583-1245	1245	goosander	goosander		
Zalizniak-2024-4583-1246	1246	goose	goose	1187	GOOSE
Zalizniak-2024-4583-1247	1247	gooseberry	gooseberry		
Zalizniak-2024-4583-1248	1248	gossiper	gossiper		
Zalizniak-2024-4583-1249	1249	grain, seed	grain, seed	605	GRAIN
Zalizniak-2024-4583-1250	1250	grandchild	grandchild	1617	GRANDCHILD
Zalizniak-2024-4583-1251	1251	granddaughter	granddaughter	1619	GRANDDAUGHTER
Zalizniak-2024-4583-1252	1252	grandfather	grandfather	1383	GRANDFATHER
Zalizniak-2024-4583-1253	1253	grandmother	grandmother	1496	GRANDMOTHER
Zalizniak-2024-4583-1254	1254	grandparent	grandparent	305	GRANDPARENTS
Zalizniak-2024-4583-1255	1255	grandson	grandson	1618	GRANDSON
Zalizniak-2024-4583-1256	1256	granule	granule		
Zalizniak-2024-4583-1257	1257	grape (plant)	grape (plant)		
Zalizniak-2024-4583-1258	1258	grape harvest	grape harvest		
Zalizniak-2024-4583-1259	1259	grass	grass	606	GRASS
Zalizniak-2024-4583-1260	1260	*grass warbler	grass warbler		
Zalizniak-2024-4583-1261	1261	grasshopper (Tettigonioidea)	grasshopper (Tettigonioidea)	607	GRASSHOPPER
Zalizniak-2024-4583-1262	1262	gratuity	gratuity		
Zalizniak-2024-4583-1263	1263	grave	grave	1773	GRAVE
Zalizniak-2024-4583-1264	1264	greasy	greasy	955	GREASY
Zalizniak-2024-4583-1265	1265	great	great		
Zalizniak-2024-4583-1266	1266	*great bilberry (Vaccinium uliginosum)	great bilberry (Vaccinium uliginosum)		
Zalizniak-2024-4583-1267	1267	great-grandmother	great-grandmother		
Zalizniak-2024-4583-1268	1268	greater celandine	greater celandine		
Zalizniak-2024-4583-1269	1269	greediness	greediness		
Zalizniak-2024-4583-1270	1270	greedy	greedy	2018	GREEDY
Zalizniak-2024-4583-1271	1271	green	green	1425	GREEN
Zalizniak-2024-4583-1272	1272	grey	grey	153	GREY
Zalizniak-2024-4583-1273	1273	grey hair	grey hair		
Zalizniak-2024-4583-1274	1274	grey-haired	grey-haired		
Zalizniak-2024-4583-1275	1275	grief, sorrow	grief, sorrow	1668	GRIEF
Zalizniak-2024-4583-1276	1276	grimace	grimace		
Zalizniak-2024-4583-1277	1277	group of men	group of men		
Zalizniak-2024-4583-1278	1278	grown-up, adult	grown-up, adult	3635	ADULT
Zalizniak-2024-4583-1279	1279	guava	guava		
Zalizniak-2024-4583-1280	1280	*gubgeon	gubgeon		
Zalizniak-2024-4583-1281	1281	guest	guest	1782	GUEST
Zalizniak-2024-4583-1282	1282	guileful, crafty person	guileful, crafty person		
Zalizniak-2024-4583-1283	1283	guilt	guilt	4125	GUILT
Zalizniak-2024-4583-1284	1284	guilty	guilty	1682	GUILTY
Zalizniak-2024-4583-1285	1285	guinea fowl	guinea fowl	456	GUINEA FOWL
Zalizniak-2024-4583-1286	1286	guinea pig (Cavia porcellus)	guinea pig (Cavia porcellus)	3718	GUINEA PIG
Zalizniak-2024-4583-1287	1287	gulf	gulf	608	GULF
Zalizniak-2024-4583-1288	1288	gum, gingiva	gum, gingiva	139	GUMS
Zalizniak-2024-4583-1289	1289	hat	&lt;hat&gt;	771	HAT
Zalizniak-2024-4583-1290	1290	headgear	&lt;headgear&gt;	2130	HEADGEAR
Zalizniak-2024-4583-1291	1291	high rank officail in the Catholic Church	&lt;high rank officail in the Catholic Church&gt;		
Zalizniak-2024-4583-1292	1292	honorific title	&lt;honorific title&gt;		
Zalizniak-2024-4583-1293	1293	horned animal	&lt;horned animal&gt;		
Zalizniak-2024-4583-1294	1294	*habit	habit		
Zalizniak-2024-4583-1295	1295	hail	hail	609	HAIL
Zalizniak-2024-4583-1296	1296	hair	hair	1040	HAIR
Zalizniak-2024-4583-1297	1297	hair (of animals)	hair (of animals)	580	FUR
Zalizniak-2024-4583-1298	1298	hajji	hajji		
Zalizniak-2024-4583-1299	1299	half	half	816	HALF
Zalizniak-2024-4583-1300	1300	hammer	hammer	1481	HAMMER
Zalizniak-2024-4583-1301	1301	hammer bone, malleus	hammer bone, malleus		
Zalizniak-2024-4583-1302	1302	hand	hand	1277	HAND
Zalizniak-2024-4583-1303	1303	hand (of a clock)	hand (of a clock)		
Zalizniak-2024-4583-1304	1304	hand grenade	hand grenade		
Zalizniak-2024-4583-1305	1305	hand/arm	hand/arm	2121	ARM OR HAND
Zalizniak-2024-4583-1306	1306	handful	handful		
Zalizniak-2024-4583-1307	1307	handle, gripe	handle, gripe	1254	HANDLE
Zalizniak-2024-4583-1308	1308	handwriting	handwriting		
Zalizniak-2024-4583-1309	1309	happiness, luck	happiness, luck	2941	HAPPINESS
Zalizniak-2024-4583-1310	1310	*happy	happy		
Zalizniak-2024-4583-1311	1311	harbour	harbour		
Zalizniak-2024-4583-1312	1312	hard	hard	1884	HARD
Zalizniak-2024-4583-1313	1313	*hard, solid	hard, solid		
Zalizniak-2024-4583-1314	1314	hard-working, laborious	hard-working, laborious		
Zalizniak-2024-4583-1315	1315	hardship	hardship		
Zalizniak-2024-4583-1316	1316	hare (Lepus)	hare (Lepus)	1190	HARE
Zalizniak-2024-4583-1317	1317	*hare (Lepus)	hare (Lepus)		
Zalizniak-2024-4583-1318	1318	harm, damage	harm, damage	2947	DAMAGE (INJURY)
Zalizniak-2024-4583-1319	1319	harrow	harrow	2545	HARROW (TOOL)
Zalizniak-2024-4583-1320	1320	harvest	harvest	611	HARVEST
Zalizniak-2024-4583-1321	1321	harvest time	harvest time		
Zalizniak-2024-4583-1322	1322	hatched egg without embryo	hatched egg without embryo		
Zalizniak-2024-4583-1323	1323	having no milk	having no milk		
Zalizniak-2024-4583-1324	1324	hawk (Accipiter)	hawk (Accipiter)	307	HAWK
Zalizniak-2024-4583-1325	1325	hawkweed (Hieracium)	hawkweed (Hieracium)		
Zalizniak-2024-4583-1326	1326	hawthorn	hawthorn	1168	HAWTHORN
Zalizniak-2024-4583-1327	1327	hay	hay	342	HAY
Zalizniak-2024-4583-1328	1328	haymaking (time)	haymaking (time)		
Zalizniak-2024-4583-1329	1329	haystack	haystack		
Zalizniak-2024-4583-1330	1330	hazel grouse (Tetrastes bonasia)	hazel grouse (Tetrastes bonasia)		
Zalizniak-2024-4583-1331	1331	hazy, turbid, opaque	hazy, turbid, opaque		
Zalizniak-2024-4583-1332	1332	he	he	1211	HE
Zalizniak-2024-4583-1333	1333	head	head	1256	HEAD
Zalizniak-2024-4583-1334	1334	heading, title	heading, title		
Zalizniak-2024-4583-1335	1335	headlight (of a car)	headlight (of a car)		
Zalizniak-2024-4583-1336	1336	headscarf	headscarf		
Zalizniak-2024-4583-1337	1337	headstream	headstream		
Zalizniak-2024-4583-1338	1338	healed	healed		
Zalizniak-2024-4583-1339	1339	health	health		
Zalizniak-2024-4583-1340	1340	healthy	healthy	1364	HEALTHY
Zalizniak-2024-4583-1341	1341	heap, pile	heap, pile	2984	HEAP
Zalizniak-2024-4583-1342	1342	hearing	hearing	2518	HEARING (AURAL SENSE)
Zalizniak-2024-4583-1343	1343	heart	heart	1223	HEART
Zalizniak-2024-4583-1344	1344	hearts (in cards)	hearts (in cards)		
Zalizniak-2024-4583-1345	1345	heat (n.)	heat (n.)	612	HEAT
Zalizniak-2024-4583-1346	1346	heathen, pagan	heathen, pagan		
Zalizniak-2024-4583-1347	1347	heather	heather		
Zalizniak-2024-4583-1348	1348	heavenly body	heavenly body		
Zalizniak-2024-4583-1349	1349	heavy (of weight)	heavy (of weight)	1210	HEAVY
Zalizniak-2024-4583-1350	1350	hedgehog (Еrinaceus)	hedgehog (Еrinaceus)	1797	HEDGEHOG
Zalizniak-2024-4583-1351	1351	heel (of a foot)	heel (of a foot)	980	HEEL
Zalizniak-2024-4583-1352	1352	heel (of a shoe)	heel (of a shoe)		
Zalizniak-2024-4583-1353	1353	heel (of bread)	heel (of bread)		
Zalizniak-2024-4583-1354	1354	height (of a person)	height (of a person)	2528	SIZE (OF PERSON)
Zalizniak-2024-4583-1355	1355	*helicopter	helicopter		
Zalizniak-2024-4583-1356	1356	hell	hell	878	HELL
Zalizniak-2024-4583-1357	1357	helmet	helmet	1680	HELMET
Zalizniak-2024-4583-1358	1358	help, aid (n.)	help, aid (n.)	3467	HELP (ASSISTANCE)
Zalizniak-2024-4583-1359	1359	hem (of a skirt)	hem (of a skirt)		
Zalizniak-2024-4583-1360	1360	hemlock (plant)	hemlock (plant)		
Zalizniak-2024-4583-1361	1361	hemorrhoids	hemorrhoids		
Zalizniak-2024-4583-1362	1362	hen	hen	1514	HEN
Zalizniak-2024-4583-1363	1363	henbane	henbane		
Zalizniak-2024-4583-1364	1364	hepatitis	hepatitis		
Zalizniak-2024-4583-1365	1365	*her	her		
Zalizniak-2024-4583-1366	1366	herald, messenger	herald, messenger		
Zalizniak-2024-4583-1367	1367	*herbaceous plant	herbaceous plant		
Zalizniak-2024-4583-1368	1368	herd	herd		
Zalizniak-2024-4583-1369	1369	here	here	136	HERE
Zalizniak-2024-4583-1370	1370	hermaphrodite	hermaphrodite		
Zalizniak-2024-4583-1371	1371	hermit	hermit		
Zalizniak-2024-4583-1372	1372	hernia (medical)	hernia (medical)		
Zalizniak-2024-4583-1373	1373	heron	heron	758	HERON
Zalizniak-2024-4583-1374	1374	herring	herring		
Zalizniak-2024-4583-1375	1375	Heterodon nasicus	Heterodon nasicus		
Zalizniak-2024-4583-1376	1376	heterosexual	heterosexual		
Zalizniak-2024-4583-1377	1377	hibiscus	hibiscus		
Zalizniak-2024-4583-1378	1378	high (location)	high (location)	1265	HIGH
Zalizniak-2024-4583-1379	1379	high (size), tall	high (size), tall	711	TALL
Zalizniak-2024-4583-1380	1380	high-pitched	high-pitched		
Zalizniak-2024-4583-1381	1381	hill	hill	614	HILL
Zalizniak-2024-4583-1382	1382	hind leg	hind leg		
Zalizniak-2024-4583-1383	1383	hinge	hinge		
Zalizniak-2024-4583-1384	1384	hip joint	hip joint		
Zalizniak-2024-4583-1385	1385	hippopotamus	hippopotamus	3145	HIPPOPOTAMUS
Zalizniak-2024-4583-1386	1386	historical tale	historical tale		
Zalizniak-2024-4583-1387	1387	history	history		
Zalizniak-2024-4583-1388	1388	hoar-frost	hoar-frost	2942	HOARFROST
Zalizniak-2024-4583-1389	1389	hoarse	hoarse		
Zalizniak-2024-4583-1390	1390	hoe	hoe	284	HOE
Zalizniak-2024-4583-1391	1391	holiday	holiday		
Zalizniak-2024-4583-1392	1392	hollow tree	hollow tree		
Zalizniak-2024-4583-1393	1393	hollyhock	hollyhock		
Zalizniak-2024-4583-1394	1394	homosexual	homosexual		
Zalizniak-2024-4583-1395	1395	honest	honest	1120	HONEST
Zalizniak-2024-4583-1396	1396	honey	honey	942	HONEY
Zalizniak-2024-4583-1397	1397	*honey	honey		
Zalizniak-2024-4583-1398	1398	honey badger	honey badger		
Zalizniak-2024-4583-1399	1399	honey mushroom (Armillaria mellea)	honey mushroom (Armillaria mellea)		
Zalizniak-2024-4583-1400	1400	honeycomb	honeycomb	3947	HONEYCOMB
Zalizniak-2024-4583-1401	1401	honeysuckle	honeysuckle		
Zalizniak-2024-4583-1402	1402	honour	honour		
Zalizniak-2024-4583-1403	1403	hood	hood		
Zalizniak-2024-4583-1404	1404	hood (of car)	hood (of car)		
Zalizniak-2024-4583-1405	1405	hoof	hoof	152	HOOF
Zalizniak-2024-4583-1406	1406	hook	hook	1071	HOOK
Zalizniak-2024-4583-1407	1407	hooligan	hooligan		
Zalizniak-2024-4583-1408	1408	hoop	hoop		
Zalizniak-2024-4583-1409	1409	*hoopoe	hoopoe		
Zalizniak-2024-4583-1410	1410	hope, expectation	hope, expectation	3211	HOPE (FAITH)
Zalizniak-2024-4583-1411	1411	horizon	horizon	2287	HORIZON
Zalizniak-2024-4583-1412	1412	horn	horn	1393	HORN (ANATOMY)
Zalizniak-2024-4583-1413	1413	hornbeam	hornbeam		
Zalizniak-2024-4583-1414	1414	horned	horned		
Zalizniak-2024-4583-1415	1415	hornet	hornet	3261	HORNET
Zalizniak-2024-4583-1416	1416	horse	horse	615	HORSE
Zalizniak-2024-4583-1417	1417	horse-bird	horse-bird		
Zalizniak-2024-4583-1418	1418	horse-fly (Tabanidae)	horse-fly (Tabanidae)	3262	HORSEFLY
Zalizniak-2024-4583-1419	1419	horsehair	horsehair		
Zalizniak-2024-4583-1420	1420	horsehair worm	horsehair worm		
Zalizniak-2024-4583-1421	1421	horseman, rider	horseman, rider		
Zalizniak-2024-4583-1422	1422	horseradish	horseradish		
Zalizniak-2024-4583-1423	1423	horseshoe	horseshoe		
Zalizniak-2024-4583-1424	1424	horsetail, equisetum	horsetail, equisetum		
Zalizniak-2024-4583-1425	1425	hose	hose	4161	HOSE
Zalizniak-2024-4583-1426	1426	host	host	1545	HOST
Zalizniak-2024-4583-1427	1427	hostile	hostile		
Zalizniak-2024-4583-1428	1428	hot	hot	1286	HOT
Zalizniak-2024-4583-1429	1429	hot-tempered	hot-tempered		
Zalizniak-2024-4583-1430	1430	hour	hour	1353	HOUR
Zalizniak-2024-4583-1431	1431	house	house	1252	HOUSE
Zalizniak-2024-4583-1432	1432	*house	house		
Zalizniak-2024-4583-1433	1433	*house	house		
Zalizniak-2024-4583-1434	1434	house spirit	house spirit		
Zalizniak-2024-4583-1435	1435	how many?	how many?	822	HOW MANY
Zalizniak-2024-4583-1436	1436	hull (of a ship)	hull (of a ship)		
Zalizniak-2024-4583-1437	1437	human temper, character	human temper, character		
Zalizniak-2024-4583-1438	1438	human, person	human, person	683	PERSON
Zalizniak-2024-4583-1439	1439	hummel, hornless	hummel, hornless		
Zalizniak-2024-4583-1440	1440	hummingbird	hummingbird	1589	HUMMINGBIRD
Zalizniak-2024-4583-1441	1441	humor	humor		
Zalizniak-2024-4583-1442	1442	hump (of a person or camel)	hump (of a person or camel)	534	HUMP
Zalizniak-2024-4583-1443	1443	humpbacked	humpbacked	99	HUNCHBACK
Zalizniak-2024-4583-1444	1444	hundred	hundred	1634	HUNDRED
Zalizniak-2024-4583-1445	1445	hungry	hungry	1533	BE HUNGRY
Zalizniak-2024-4583-1446	1446	hunt (n.), hunting	hunt (n.), hunting		
Zalizniak-2024-4583-1447	1447	hunt down	hunt down		
Zalizniak-2024-4583-1448	1448	hunter	hunter	1053	HUNTER
Zalizniak-2024-4583-1449	1449	husband	husband	1200	HUSBAND
Zalizniak-2024-4583-1450	1450	husband / wife	husband / wife	2514	SPOUSE
Zalizniak-2024-4583-1451	1451	husband's brother	husband&#39;s brother		
Zalizniak-2024-4583-1452	1452	husband's elder brother	husband&#39;s elder brother	2698	BROTHER-IN-LAW (HUSBAND'S OLDER BROTHER)
Zalizniak-2024-4583-1453	1453	husband's father	husband&#39;s father	2254	FATHER-IN-LAW (OF WOMAN)
Zalizniak-2024-4583-1454	1454	hybrid	hybrid		
Zalizniak-2024-4583-1455	1455	hyena	hyena	1799	HYENA
Zalizniak-2024-4583-1456	1456	hypocrite, dissembler	hypocrite, dissembler		
Zalizniak-2024-4583-1457	1457	hypotenuse	hypotenuse		
Zalizniak-2024-4583-1458	1458	insect	&lt;insect&gt;	620	INSECT
Zalizniak-2024-4583-1459	1459	I	I	1209	I
Zalizniak-2024-4583-1460	1460	ice	ice	617	ICE
Zalizniak-2024-4583-1461	1461	*ice	ice		
Zalizniak-2024-4583-1462	1462	ice-crusted ground	ice-crusted ground		
Zalizniak-2024-4583-1463	1463	icicle	icicle		
Zalizniak-2024-4583-1464	1464	icon (christianity)	icon (christianity)		
Zalizniak-2024-4583-1465	1465	ide (fish)	ide (fish)		
Zalizniak-2024-4583-1466	1466	idle	idle	2756	IDLE
Zalizniak-2024-4583-1467	1467	idler, loafer	idler, loafer		
Zalizniak-2024-4583-1468	1468	if	if	1459	IF
Zalizniak-2024-4583-1469	1469	ignorant	ignorant	2651	BE IGNORANT
Zalizniak-2024-4583-1470	1470	illegal	illegal		
Zalizniak-2024-4583-1471	1471	illiterate	illiterate		
Zalizniak-2024-4583-1472	1472	image	image		
Zalizniak-2024-4583-1473	1473	immature fish	immature fish		
Zalizniak-2024-4583-1474	1474	immediately	immediately	1963	IMMEDIATELY
Zalizniak-2024-4583-1475	1475	implement for ramming	implement for ramming		
Zalizniak-2024-4583-1476	1476	impolite	impolite	1412	RUDE
Zalizniak-2024-4583-1477	1477	important	important	1285	IMPORTANT
Zalizniak-2024-4583-1478	1478	importunate	importunate		
Zalizniak-2024-4583-1479	1479	impossible	impossible		
Zalizniak-2024-4583-1480	1480	impudence	impudence		
Zalizniak-2024-4583-1481	1481	impudent	impudent		
Zalizniak-2024-4583-1482	1482	impulsive	impulsive		
Zalizniak-2024-4583-1483	1483	in addition to	in addition to		
Zalizniak-2024-4583-1484	1484	in front of	in front of	1883	IN FRONT OF
Zalizniak-2024-4583-1485	1485	in the standing position	in the standing position		
Zalizniak-2024-4583-1486	1486	in this way	in this way	3413	IN THIS WAY
Zalizniak-2024-4583-1487	1487	inaccessible	inaccessible		
Zalizniak-2024-4583-1488	1488	inattentive person	inattentive person		
Zalizniak-2024-4583-1489	1489	incantation, spell	incantation, spell		
Zalizniak-2024-4583-1490	1490	inclination to smth	inclination to smth	918	INCLINATION
Zalizniak-2024-4583-1491	1491	inclined	inclined		
Zalizniak-2024-4583-1492	1492	incomplete	incomplete		
Zalizniak-2024-4583-1493	1493	incomprehensible	incomprehensible		
Zalizniak-2024-4583-1494	1494	increase (n.)	increase (n.)		
Zalizniak-2024-4583-1495	1495	incus, anvil bone	incus, anvil bone		
Zalizniak-2024-4583-1496	1496	index finger	index finger	577	FOREFINGER
Zalizniak-2024-4583-1497	1497	indifferent	indifferent		
Zalizniak-2024-4583-1498	1498	indulgent	indulgent		
Zalizniak-2024-4583-1499	1499	industrious, diligent person	industrious, diligent person		
Zalizniak-2024-4583-1500	1500	inert, passive	inert, passive		
Zalizniak-2024-4583-1501	1501	inevitable	inevitable		
Zalizniak-2024-4583-1502	1502	inexperienced	inexperienced		
Zalizniak-2024-4583-1503	1503	infertile (soil)	infertile (soil)		
Zalizniak-2024-4583-1504	1504	inflammation	inflammation		
Zalizniak-2024-4583-1505	1505	inflated	inflated	535	INFLATED
Zalizniak-2024-4583-1506	1506	influential person	influential person		
Zalizniak-2024-4583-1507	1507	informer	informer		
Zalizniak-2024-4583-1508	1508	inhabitant	inhabitant	4048	INHABITANT
Zalizniak-2024-4583-1509	1509	inheritance	inheritance		
Zalizniak-2024-4583-1510	1510	ink	ink	2643	INK
Zalizniak-2024-4583-1511	1511	inkwell	inkwell		
Zalizniak-2024-4583-1512	1512	inland	inland		
Zalizniak-2024-4583-1513	1513	inner side of hide	inner side of hide		
Zalizniak-2024-4583-1514	1514	innocent	innocent	90	INNOCENT
Zalizniak-2024-4583-1515	1515	insane	insane	1899	MAD
Zalizniak-2024-4583-1516	1516	inscription	inscription		
Zalizniak-2024-4583-1517	1517	*insect	insect		
Zalizniak-2024-4583-1518	1518	inside	inside	1606	INSIDE
Zalizniak-2024-4583-1519	1519	insolent	insolent	91	INSOLENT
Zalizniak-2024-4583-1520	1520	instant, moment	instant, moment		
Zalizniak-2024-4583-1521	1521	instead of	instead of	1652	INSTEAD
Zalizniak-2024-4583-1522	1522	instep	instep	3736	INSTEP
Zalizniak-2024-4583-1523	1523	institution	institution		
Zalizniak-2024-4583-1524	1524	instrument, tool	instrument, tool	1361	TOOL
Zalizniak-2024-4583-1525	1525	insulting	insulting		
Zalizniak-2024-4583-1526	1526	intact	intact	220	INTACT
Zalizniak-2024-4583-1527	1527	*intact	intact		
Zalizniak-2024-4583-1528	1528	intellect	intellect		
Zalizniak-2024-4583-1529	1529	intensive	intensive		
Zalizniak-2024-4583-1530	1530	interest	interest	3847	INTEREST (FEELING)
Zalizniak-2024-4583-1531	1531	interest (finance)	interest (finance)	2062	INTEREST
Zalizniak-2024-4583-1532	1532	internal monologue	internal monologue		
Zalizniak-2024-4583-1533	1533	interval	interval		
Zalizniak-2024-4583-1534	1534	intestinal worm	intestinal worm	3623	INTESTINAL WORM
Zalizniak-2024-4583-1535	1535	intrigue	intrigue		
Zalizniak-2024-4583-1536	1536	iris (anatomy)	iris (anatomy)		
Zalizniak-2024-4583-1537	1537	iron	iron	621	IRON
Zalizniak-2024-4583-1538	1538	iron (for pressing clothes)	iron (for pressing clothes)		
Zalizniak-2024-4583-1539	1539	island	island	622	ISLAND
Zalizniak-2024-4583-1540	1540	isthmus	isthmus		
Zalizniak-2024-4583-1541	1541	it's a pity	it&#39;s a pity		
Zalizniak-2024-4583-1542	1542	jack (playing card)	jack (playing card)	50	JACK
Zalizniak-2024-4583-1543	1543	jackal	jackal	3313	JACKAL
Zalizniak-2024-4583-1544	1544	jackdaw	jackdaw		
Zalizniak-2024-4583-1545	1545	jackfruit	jackfruit	2655	JACKFRUIT
Zalizniak-2024-4583-1546	1546	jamb (of a door, window)	jamb (of a door, window)		
Zalizniak-2024-4583-1547	1547	January	January	2036	JANUARY
Zalizniak-2024-4583-1548	1548	Japanese	Japanese		
Zalizniak-2024-4583-1549	1549	jaw	jaw	798	JAW
Zalizniak-2024-4583-1550	1550	jay	jay		
Zalizniak-2024-4583-1551	1551	jealous	jealous	2821	JEALOUS
Zalizniak-2024-4583-1552	1552	*jealousy	jealousy		
Zalizniak-2024-4583-1553	1553	jerboa	jerboa		
Zalizniak-2024-4583-1554	1554	Jerusalem artichoke	Jerusalem artichoke		
Zalizniak-2024-4583-1555	1555	jester	jester		
Zalizniak-2024-4583-1556	1556	Jesuit	Jesuit		
Zalizniak-2024-4583-1557	1557	Jesus Christ	Jesus Christ		
Zalizniak-2024-4583-1558	1558	jewel, precious stone	jewel, precious stone	1029	JEWEL
Zalizniak-2024-4583-1559	1559	jewelry, precious thing	jewelry, precious thing		
Zalizniak-2024-4583-1560	1560	Jewish	Jewish		
Zalizniak-2024-4583-1561	1561	jingle bell	jingle bell		
Zalizniak-2024-4583-1562	1562	John the Baptist	John the Baptist		
Zalizniak-2024-4583-1563	1563	joiner; cabinetmaker	joiner; cabinetmaker		
Zalizniak-2024-4583-1564	1564	joint, articulation	joint, articulation	999	JOINT
Zalizniak-2024-4583-1565	1565	joke	joke	3425	JOKE
Zalizniak-2024-4583-1566	1566	journal, magazine	journal, magazine		
Zalizniak-2024-4583-1567	1567	joy	joy	2524	JOY
Zalizniak-2024-4583-1568	1568	juice	juice	1499	JUICE
Zalizniak-2024-4583-1569	1569	July	July	2850	JULY
Zalizniak-2024-4583-1570	1570	jumper	jumper		
Zalizniak-2024-4583-1571	1571	June	June	2849	JUNE
Zalizniak-2024-4583-1572	1572	jungle	jungle	3808	JUNGLE
Zalizniak-2024-4583-1573	1573	juniper	juniper		
Zalizniak-2024-4583-1574	1574	Jupiter	Jupiter		
Zalizniak-2024-4583-1575	1575	just now	just now		
Zalizniak-2024-4583-1576	1576	keel	keel		
Zalizniak-2024-4583-1577	1577	keen (of senses, mind)	keen (of senses, mind)	2232	KEEN OR SUBTLE
Zalizniak-2024-4583-1578	1578	key (of a door)	key (of a door)	1472	KEY
Zalizniak-2024-4583-1579	1579	keystone	keystone		
Zalizniak-2024-4583-1580	1580	khash	khash		
Zalizniak-2024-4583-1581	1581	kidney	kidney	489	KIDNEY
Zalizniak-2024-4583-1582	1582	kilogram	kilogram		
Zalizniak-2024-4583-1583	1583	kind (n.)	kind (n.)	844	KIND (THING)
Zalizniak-2024-4583-1584	1584	kind, good-hearted	kind, good-hearted	3299	KIND
Zalizniak-2024-4583-1585	1585	kindergarten	kindergarten		
Zalizniak-2024-4583-1586	1586	king (a playing card)	king (a playing card)		
Zalizniak-2024-4583-1587	1587	kinkajou	kinkajou		
Zalizniak-2024-4583-1588	1588	kinship	kinship		
Zalizniak-2024-4583-1589	1589	*kite	kite		
Zalizniak-2024-4583-1590	1590	kite (lightweight toy)	kite (lightweight toy)		
Zalizniak-2024-4583-1591	1591	knee	knee	1371	KNEE
Zalizniak-2024-4583-1592	1592	knee-cap	knee-cap		
Zalizniak-2024-4583-1593	1593	kneepit	kneepit		
Zalizniak-2024-4583-1594	1594	knife	knife	1352	KNIFE
Zalizniak-2024-4583-1595	1595	knight (chess)	knight (chess)		
Zalizniak-2024-4583-1596	1596	knot	knot	760	KNOT
Zalizniak-2024-4583-1597	1597	knowledge	knowledge		
Zalizniak-2024-4583-1598	1598	koala	koala		
Zalizniak-2024-4583-1599	1599	kshatriya	kshatriya		
Zalizniak-2024-4583-1600	1600	ladle	ladle	2657	LADLE
Zalizniak-2024-4583-1601	1601	lady	lady	2471	LADY
Zalizniak-2024-4583-1602	1602	lady's slipper (Cypripedium)	lady&#39;s slipper (Cypripedium)		
Zalizniak-2024-4583-1603	1603	ladybird	ladybird	3139	LADYBUG
Zalizniak-2024-4583-1604	1604	*lair	lair		
Zalizniak-2024-4583-1605	1605	lake	lake	624	LAKE
Zalizniak-2024-4583-1606	1606	lamb	lamb	820	LAMB
Zalizniak-2024-4583-1607	1607	lame	lame	320	LAME
Zalizniak-2024-4583-1608	1608	*lamp	lamp		
Zalizniak-2024-4583-1609	1609	lamprey (Petromyzontidae)	lamprey (Petromyzontidae)		
Zalizniak-2024-4583-1610	1610	Lampropeltis triangulum	Lampropeltis triangulum		
Zalizniak-2024-4583-1611	1611	land (vs. sea)	land (vs. sea)	626	LAND
Zalizniak-2024-4583-1612	1612	language	language	1307	LANGUAGE
Zalizniak-2024-4583-1613	1613	lap	lap	3263	LAP
Zalizniak-2024-4583-1614	1614	lap (of clothes)	lap (of clothes)		
Zalizniak-2024-4583-1615	1615	lapwing (Vanellus)	lapwing (Vanellus)		
Zalizniak-2024-4583-1616	1616	larch	larch		
Zalizniak-2024-4583-1617	1617	large quantity	large quantity		
Zalizniak-2024-4583-1618	1618	larva	larva	2640	LARVA
Zalizniak-2024-4583-1619	1619	larynx	larynx	3714	LARYNX
Zalizniak-2024-4583-1620	1620	last	last		
Zalizniak-2024-4583-1621	1621	late	late	477	LATE
Zalizniak-2024-4583-1622	1622	latitude	latitude		
Zalizniak-2024-4583-1623	1623	lattice, grid	lattice, grid		
Zalizniak-2024-4583-1624	1624	lavish, generous	lavish, generous	3632	GENEROUS
Zalizniak-2024-4583-1625	1625	laxative	laxative		
Zalizniak-2024-4583-1626	1626	layer	layer		
Zalizniak-2024-4583-1627	1627	laziness	laziness		
Zalizniak-2024-4583-1628	1628	*laziness	laziness		
Zalizniak-2024-4583-1629	1629	lazy	lazy	1564	LAZY
Zalizniak-2024-4583-1630	1630	lazy person	lazy person		
Zalizniak-2024-4583-1631	1631	lead, plumbum	lead, plumbum	627	LEAD (CHEMICAL ELEMENT)
Zalizniak-2024-4583-1632	1632	leaf	leaf	628	LEAF
Zalizniak-2024-4583-1633	1633	leaf (of door, window)	leaf (of door, window)		
Zalizniak-2024-4583-1634	1634	leaf spring	leaf spring		
Zalizniak-2024-4583-1635	1635	leafy tops of root vegetables	leafy tops of root vegetables		
Zalizniak-2024-4583-1636	1636	lean	lean	2219	LEAN (MEAT)
Zalizniak-2024-4583-1637	1637	leaves of root vegetables	leaves of root vegetables		
Zalizniak-2024-4583-1638	1638	leech	leech	2273	LEECH
Zalizniak-2024-4583-1639	1639	leek	leek		
Zalizniak-2024-4583-1640	1640	leeward	leeward		
Zalizniak-2024-4583-1641	1641	left	left	244	LEFT
Zalizniak-2024-4583-1642	1642	left (political)	left (political)		
Zalizniak-2024-4583-1643	1643	left-handed	left-handed	2825	LEFT HANDED
Zalizniak-2024-4583-1644	1644	leg (furniture)	leg (furniture)		
Zalizniak-2024-4583-1645	1645	lemming	lemming		
Zalizniak-2024-4583-1646	1646	lemon	lemon	3091	LEMON
Zalizniak-2024-4583-1647	1647	lemon balm	lemon balm		
Zalizniak-2024-4583-1648	1648	length	length	2537	LENGTH
Zalizniak-2024-4583-1649	1649	lenient	lenient		
Zalizniak-2024-4583-1650	1650	lens	lens		
Zalizniak-2024-4583-1651	1651	lenten (fare)	lenten (fare)		
Zalizniak-2024-4583-1652	1652	lentil	lentil	3330	LENTILS
Zalizniak-2024-4583-1653	1653	Leo (constellation)	Leo (constellation)		
Zalizniak-2024-4583-1654	1654	leper	leper		
Zalizniak-2024-4583-1655	1655	leprosy	leprosy	3624	LEPROSY
Zalizniak-2024-4583-1656	1656	lesbian	lesbian		
Zalizniak-2024-4583-1657	1657	letter (character)	letter (character)		
Zalizniak-2024-4583-1658	1658	letter (text)	letter (text)	1612	LETTER
Zalizniak-2024-4583-1659	1659	lettuce	lettuce	3729	LETTUCE
Zalizniak-2024-4583-1660	1660	level	level	3469	LEVEL
Zalizniak-2024-4583-1661	1661	Libra	Libra		
Zalizniak-2024-4583-1662	1662	lichen	lichen		
Zalizniak-2024-4583-1663	1663	lie (n.), untruth	lie (n.), untruth	2826	LIE (FALSEHOOD)
Zalizniak-2024-4583-1664	1664	lier	lier		
Zalizniak-2024-4583-1665	1665	life	life	210	LIFE
Zalizniak-2024-4583-1666	1666	lifting machine	lifting machine		
Zalizniak-2024-4583-1667	1667	ligament (anat.)	ligament (anat.)		
Zalizniak-2024-4583-1668	1668	light (n.)	light (n.)	630	LIGHT (RADIATION)
Zalizniak-2024-4583-1669	1669	light (of weight)	light (of weight)	1052	LIGHT (WEIGHT)
Zalizniak-2024-4583-1670	1670	light, bright, clear	light, bright, clear	679	BRIGHT
Zalizniak-2024-4583-1671	1671	light-headed	light-headed		
Zalizniak-2024-4583-1672	1672	lightning	lightning	1654	LIGHTNING
Zalizniak-2024-4583-1673	1673	*lightning	lightning		
Zalizniak-2024-4583-1674	1674	lily-of-the-valley (Convallaria majalis)	lily-of-the-valley (Convallaria majalis)		
Zalizniak-2024-4583-1675	1675	limit	limit		
Zalizniak-2024-4583-1676	1676	linden	linden		
Zalizniak-2024-4583-1677	1677	line	line	1048	LINE
Zalizniak-2024-4583-1678	1678	line (in poetry)	line (in poetry)		
Zalizniak-2024-4583-1679	1679	lineage	lineage		
Zalizniak-2024-4583-1680	1680	lingonberry	lingonberry		
Zalizniak-2024-4583-1681	1681	lion (Panthera leo)	lion (Panthera leo)	1386	LION
Zalizniak-2024-4583-1682	1682	lip	lip	478	LIP
Zalizniak-2024-4583-1683	1683	liquid	liquid		
Zalizniak-2024-4583-1684	1684	liquid (adj.)	liquid (adj.)	58	LIQUID
Zalizniak-2024-4583-1685	1685	liquid food	liquid food		
Zalizniak-2024-4583-1686	1686	listener	listener		
Zalizniak-2024-4583-1687	1687	literacy	literacy		
Zalizniak-2024-4583-1688	1688	literally	literally		
Zalizniak-2024-4583-1689	1689	little finger	little finger	2774	LITTLE FINGER
Zalizniak-2024-4583-1690	1690	little, small	little, small	1246	SMALL
Zalizniak-2024-4583-1691	1691	live-in son-in-law	live-in son-in-law		
Zalizniak-2024-4583-1692	1692	livelihood	livelihood		
Zalizniak-2024-4583-1693	1693	lively person	lively person		
Zalizniak-2024-4583-1694	1694	liver	liver	1224	LIVER
Zalizniak-2024-4583-1695	1695	lizard	lizard	632	LIZARD
Zalizniak-2024-4583-1696	1696	loach (fish, Misgurnus)	loach (fish, Misgurnus)		
Zalizniak-2024-4583-1697	1697	location of emotions	location of emotions	2198	LOCATION OF EMOTIONS
Zalizniak-2024-4583-1698	1698	lock (n.)	lock (n.)	1596	LOCK
Zalizniak-2024-4583-1699	1699	locked	locked		
Zalizniak-2024-4583-1700	1700	locust	locust	810	LOCUST
Zalizniak-2024-4583-1701	1701	log	log		
Zalizniak-2024-4583-1702	1702	loins	loins	187	LOIN
Zalizniak-2024-4583-1703	1703	long (period of time)	long (period of time)	418	FOR A LONG TIME
Zalizniak-2024-4583-1704	1704	long (size)	long (size)	1203	LONG
Zalizniak-2024-4583-1705	1705	long ago	long ago	373	LONG AGO
Zalizniak-2024-4583-1706	1706	*long ago	long ago		
Zalizniak-2024-4583-1707	1707	long-armed	long-armed		
Zalizniak-2024-4583-1708	1708	long-fibred flax (Linum usitatissimum)	long-fibred flax (Linum usitatissimum)		
Zalizniak-2024-4583-1709	1709	longitude	longitude		
Zalizniak-2024-4583-1710	1710	*look (n.)	look (n.)		
Zalizniak-2024-4583-1711	1711	loop	loop		
Zalizniak-2024-4583-1712	1712	lord, master	lord, master	383	MASTER
Zalizniak-2024-4583-1713	1713	lose weight	lose weight		
Zalizniak-2024-4583-1714	1714	lost	lost	3667	LOST
Zalizniak-2024-4583-1715	1715	lot	lot		
Zalizniak-2024-4583-1716	1716	lotus	lotus	2359	LOTUS
Zalizniak-2024-4583-1717	1717	loud	loud	377	LOUD
Zalizniak-2024-4583-1718	1718	loud sound	loud sound		
Zalizniak-2024-4583-1719	1719	louse	louse	1392	LOUSE
Zalizniak-2024-4583-1720	1720	love	love	923	LOVE
Zalizniak-2024-4583-1721	1721	low (location)	low (location)	721	LOW
Zalizniak-2024-4583-1722	1722	low (size)	low (size)	2191	LOW (HEIGHT)
Zalizniak-2024-4583-1723	1723	low (social)	low (social)		
Zalizniak-2024-4583-1724	1724	lower part	lower part	2199	LOWER PART
Zalizniak-2024-4583-1725	1725	lower reach (of river)	lower reach (of river)		
Zalizniak-2024-4583-1726	1726	luck	luck	720	GOOD LUCK
Zalizniak-2024-4583-1727	1727	lump	lump		
Zalizniak-2024-4583-1728	1728	lumpen	lumpen		
Zalizniak-2024-4583-1729	1729	lunch, midday meal	lunch, midday meal	768	LUNCH
Zalizniak-2024-4583-1730	1730	lung	lung	688	LUNG
Zalizniak-2024-4583-1731	1731	lynx	lynx	3314	LYNX
Zalizniak-2024-4583-1732	1732	lyre	lyre		
Zalizniak-2024-4583-1733	1733	(masonry) mortar	(masonry) mortar	1731	MORTAR BINDER
Zalizniak-2024-4583-1734	1734	male animal	&lt;male animal&gt;	2263	MALE (OF ANIMAL)
Zalizniak-2024-4583-1735	1735	metal	&lt;metal&gt;	2244	METAL
Zalizniak-2024-4583-1736	1736	military rank	&lt;military rank&gt;		
Zalizniak-2024-4583-1737	1737	money	&lt;money&gt;	1559	MONEY
Zalizniak-2024-4583-1738	1738	mushroom, fungus	&lt;mushroom, fungus&gt;	641	MUSHROOM
Zalizniak-2024-4583-1739	1739	musician	&lt;musician&gt;		
Zalizniak-2024-4583-1740	1740	macereed (Typha)	macereed (Typha)		
Zalizniak-2024-4583-1741	1741	*mad	mad		
Zalizniak-2024-4583-1742	1742	magic	magic	392	MAGIC
Zalizniak-2024-4583-1743	1743	magical remedy	magical remedy		
Zalizniak-2024-4583-1744	1744	magnet	magnet		
Zalizniak-2024-4583-1745	1745	magpie (Pica pica)	magpie (Pica pica)	2039	MAGPIE
Zalizniak-2024-4583-1746	1746	main	main	1078	MAIN
Zalizniak-2024-4583-1747	1747	maize	maize	506	MAIZE
Zalizniak-2024-4583-1748	1748	makara	makara		
Zalizniak-2024-4583-1749	1749	*male (animal)	male (animal)		
Zalizniak-2024-4583-1750	1750	malignant (of tumor)	malignant (of tumor)		
Zalizniak-2024-4583-1751	1751	mallow	mallow		
Zalizniak-2024-4583-1752	1752	man (male)	man (male)	2106	MALE PERSON
Zalizniak-2024-4583-1753	1753	man with a big moustache	man with a big moustache		
Zalizniak-2024-4583-1754	1754	mandrake	mandrake		
Zalizniak-2024-4583-1755	1755	mandrel (technology)	mandrel (technology)		
Zalizniak-2024-4583-1756	1756	mane	mane	1918	MANE
Zalizniak-2024-4583-1757	1757	mango	mango	2398	MANGO
Zalizniak-2024-4583-1758	1758	mangy, scabby	mangy, scabby		
Zalizniak-2024-4583-1759	1759	manner, way	manner, way	488	MANNER
Zalizniak-2024-4583-1760	1760	mantis	mantis	3279	MANTIS
Zalizniak-2024-4583-1761	1761	manufacturer, producer	manufacturer, producer		
Zalizniak-2024-4583-1762	1762	many, much	many, much	1198	MANY
Zalizniak-2024-4583-1763	1763	many-coloured, motley	many-coloured, motley	2997	COLORFUL
Zalizniak-2024-4583-1764	1764	maple	maple	3248	MAPLE TREE
Zalizniak-2024-4583-1765	1765	maple sugar	maple sugar		
Zalizniak-2024-4583-1766	1766	marble goby (Oxyeleotris marmorata)	marble goby (Oxyeleotris marmorata)		
Zalizniak-2024-4583-1767	1767	March	March	2846	MARCH
Zalizniak-2024-4583-1768	1768	mare	mare	938	MARE
Zalizniak-2024-4583-1769	1769	mark of wheels on the ground	mark of wheels on the ground		
Zalizniak-2024-4583-1770	1770	mark, grade (at school)	mark, grade (at school)		
Zalizniak-2024-4583-1771	1771	market	market	633	MARKET
Zalizniak-2024-4583-1772	1772	marmot	marmot	3719	MARMOT
Zalizniak-2024-4583-1773	1773	marriage	marriage	2432	MARRIAGE
Zalizniak-2024-4583-1774	1774	married	married		
Zalizniak-2024-4583-1775	1775	Mars	Mars		
Zalizniak-2024-4583-1776	1776	marsh mallow	marsh mallow		
Zalizniak-2024-4583-1777	1777	marten	marten	3739	MARTEN
Zalizniak-2024-4583-1778	1778	martyr	martyr		
Zalizniak-2024-4583-1779	1779	Mary, mother of Jesus	Mary, mother of Jesus		
Zalizniak-2024-4583-1780	1780	mask	mask	2005	MASK
Zalizniak-2024-4583-1781	1781	mat	mat	195	MAT
Zalizniak-2024-4583-1782	1782	match	match		
Zalizniak-2024-4583-1783	1783	match (for fire)	match (for fire)	1133	MATCH
Zalizniak-2024-4583-1784	1784	matchmaker	matchmaker		
Zalizniak-2024-4583-1785	1785	matter, affair	matter, affair	2214	AFFAIR
Zalizniak-2024-4583-1786	1786	mattress	mattress	105	MATTRESS
Zalizniak-2024-4583-1787	1787	May	May	2848	MAY (MONTH)
Zalizniak-2024-4583-1788	1788	may, to be allowed	may, to be allowed		
Zalizniak-2024-4583-1789	1789	meadow	meadow	2819	GRASSLAND
Zalizniak-2024-4583-1790	1790	meadow-sweet	meadow-sweet		
Zalizniak-2024-4583-1791	1791	meal (process)	meal (process)	1526	MEAL
Zalizniak-2024-4583-1792	1792	meandering, winding	meandering, winding		
Zalizniak-2024-4583-1793	1793	meaning, sense	meaning, sense	2950	MEANING
Zalizniak-2024-4583-1794	1794	meaningless	meaningless		
Zalizniak-2024-4583-1795	1795	means	means		
Zalizniak-2024-4583-1796	1796	measles	measles	3389	MEASLES
Zalizniak-2024-4583-1797	1797	measure of volume	measure of volume		
Zalizniak-2024-4583-1798	1798	measure of weight	measure of weight		
Zalizniak-2024-4583-1799	1799	meat	meat	634	MEAT
Zalizniak-2024-4583-1800	1800	meat jelly	meat jelly		
Zalizniak-2024-4583-1801	1801	mediator	mediator		
Zalizniak-2024-4583-1802	1802	medlar	medlar		
Zalizniak-2024-4583-1803	1803	medusa, jellyfish	medusa, jellyfish		
Zalizniak-2024-4583-1804	1804	meek	meek	1954	GENTLE
Zalizniak-2024-4583-1805	1805	meeting of witches	meeting of witches		
Zalizniak-2024-4583-1806	1806	melancholy	melancholy		
Zalizniak-2024-4583-1807	1807	melody, tune	melody, tune		
Zalizniak-2024-4583-1808	1808	melon (Cucumis melo)	melon (Cucumis melo)	507	MELON
Zalizniak-2024-4583-1809	1809	member	member	2424	MEMBER
Zalizniak-2024-4583-1810	1810	member of a retinue	member of a retinue		
Zalizniak-2024-4583-1811	1811	member of criminal organisation	member of criminal organisation		
Zalizniak-2024-4583-1812	1812	member of religious organisation	member of religious organisation		
Zalizniak-2024-4583-1813	1813	memory	memory	1018	MEMORY
Zalizniak-2024-4583-1814	1814	menstruation	menstruation	766	MENSTRUATION
Zalizniak-2024-4583-1815	1815	mental hospital	mental hospital		
Zalizniak-2024-4583-1816	1816	merchant	merchant	1082	MERCHANT
Zalizniak-2024-4583-1817	1817	Mercury	Mercury		
Zalizniak-2024-4583-1818	1818	mercury	mercury		
Zalizniak-2024-4583-1819	1819	mesentery	mesentery		
Zalizniak-2024-4583-1820	1820	messenger	messenger		
Zalizniak-2024-4583-1821	1821	*metal	metal		
Zalizniak-2024-4583-1822	1822	metal spike	metal spike	502	NAIL (TOOL)
Zalizniak-2024-4583-1823	1823	metalworker	metalworker		
Zalizniak-2024-4583-1824	1824	meteor shower	meteor shower		
Zalizniak-2024-4583-1825	1825	meteorite	meteorite		
Zalizniak-2024-4583-1826	1826	meter (device)	meter (device)		
Zalizniak-2024-4583-1827	1827	*mica	mica		
Zalizniak-2024-4583-1828	1828	Michael (archangel)	Michael (archangel)		
Zalizniak-2024-4583-1829	1829	Mid-Autumn	Mid-Autumn		
Zalizniak-2024-4583-1830	1830	middle	middle	1093	MIDDLE
Zalizniak-2024-4583-1831	1831	middle finger	middle finger	3387	MIDDLE FINGER
Zalizniak-2024-4583-1832	1832	middle of nowhere, periphery	middle of nowhere, periphery		
Zalizniak-2024-4583-1833	1833	midnight	midnight	2656	MIDNIGHT
Zalizniak-2024-4583-1834	1834	midwife	midwife	3859	MIDWIFE
Zalizniak-2024-4583-1835	1835	milk	milk	635	MILK
Zalizniak-2024-4583-1836	1836	milk-tooth, deciduous tooth	milk-tooth, deciduous tooth		
Zalizniak-2024-4583-1837	1837	Milky Way	Milky Way	2289	MILKY WAY
Zalizniak-2024-4583-1838	1838	mill (n.)	mill (n.)	636	MILL
Zalizniak-2024-4583-1839	1839	mill race	mill race		
Zalizniak-2024-4583-1840	1840	millerbird (Acrocephalus etc.)	millerbird (Acrocephalus etc.)		
Zalizniak-2024-4583-1841	1841	millet	millet	931	MILLET
Zalizniak-2024-4583-1842	1842	million	million	3533	ONE MILLION
Zalizniak-2024-4583-1843	1843	millstone	millstone		
Zalizniak-2024-4583-1844	1844	milt (of fish)	milt (of fish)		
Zalizniak-2024-4583-1845	1845	mind (n.)	mind (n.)	1562	MIND
Zalizniak-2024-4583-1846	1846	mine (explosive device)	mine (explosive device)		
Zalizniak-2024-4583-1847	1847	mine (underground tunnel)	mine (underground tunnel)		
Zalizniak-2024-4583-1848	1848	mink	mink		
Zalizniak-2024-4583-1849	1849	mint (coins producing)	mint (coins producing)		
Zalizniak-2024-4583-1850	1850	mint (Mentha)	mint (Mentha)		
Zalizniak-2024-4583-1851	1851	minute	minute		
Zalizniak-2024-4583-1852	1852	miracle	miracle	2541	MIRACLE
Zalizniak-2024-4583-1853	1853	mirror	mirror	1171	MIRROR
Zalizniak-2024-4583-1854	1854	mirror (website)	mirror (website)		
Zalizniak-2024-4583-1855	1855	mirror armour	mirror armour		
Zalizniak-2024-4583-1856	1856	mirror carp	mirror carp		
Zalizniak-2024-4583-1857	1857	mischievous person	mischievous person		
Zalizniak-2024-4583-1858	1858	miserable, unhappy	miserable, unhappy	3974	UNHAPPY
Zalizniak-2024-4583-1859	1859	*misfortune	misfortune		
Zalizniak-2024-4583-1860	1860	missing, failing	missing, failing		
Zalizniak-2024-4583-1861	1861	mist, fog	mist, fog	249	FOG
Zalizniak-2024-4583-1862	1862	mistress of a house	mistress of a house		
Zalizniak-2024-4583-1863	1863	mistress, paramour	mistress, paramour		
Zalizniak-2024-4583-1864	1864	mobile	mobile		
Zalizniak-2024-4583-1865	1865	mock-orange	mock-orange		
Zalizniak-2024-4583-1866	1866	model	model		
Zalizniak-2024-4583-1867	1867	moderate	moderate		
Zalizniak-2024-4583-1868	1868	moderlieschen	moderlieschen		
Zalizniak-2024-4583-1869	1869	moisture	moisture		
Zalizniak-2024-4583-1870	1870	molar (tooth)	molar (tooth)	1049	MOLAR TOOTH
Zalizniak-2024-4583-1871	1871	mold	mold	3251	MOLD (GET ROTTEN)
Zalizniak-2024-4583-1872	1872	mole (Talpa)	mole (Talpa)	1907	MOLE
Zalizniak-2024-4583-1873	1873	mole cricket (Gryllotalpa)	mole cricket (Gryllotalpa)		
Zalizniak-2024-4583-1874	1874	monarch	monarch		
Zalizniak-2024-4583-1875	1875	monastery	monastery		
Zalizniak-2024-4583-1876	1876	Monday	Monday	1697	MONDAY
Zalizniak-2024-4583-1877	1877	*money	money		
Zalizniak-2024-4583-1878	1878	*money	money		
Zalizniak-2024-4583-1879	1879	monitor lizard	monitor lizard	3017	MONITOR LIZARD
Zalizniak-2024-4583-1880	1880	monk	monk		
Zalizniak-2024-4583-1881	1881	monkey	monkey	1350	MONKEY
Zalizniak-2024-4583-1882	1882	monster (abnormal creature)	monster (abnormal creature)		
Zalizniak-2024-4583-1883	1883	monster (supernatural)	monster (supernatural)		
Zalizniak-2024-4583-1884	1884	month	month	1370	MONTH
Zalizniak-2024-4583-1885	1885	mood	mood		
Zalizniak-2024-4583-1886	1886	moon	moon	1313	MOON
Zalizniak-2024-4583-1887	1887	moose	moose	1772	ELK
Zalizniak-2024-4583-1888	1888	more probable	more probable		
Zalizniak-2024-4583-1889	1889	*more quickly	more quickly		
Zalizniak-2024-4583-1890	1890	morning	morning	1339	MORNING
Zalizniak-2024-4583-1891	1891	mortal	mortal		
Zalizniak-2024-4583-1892	1892	mortar (bowl)	mortar (bowl)	224	MORTAR
Zalizniak-2024-4583-1893	1893	moslem	moslem		
Zalizniak-2024-4583-1894	1894	mosquito larva	mosquito larva		
Zalizniak-2024-4583-1895	1895	mosquito, gnat	mosquito, gnat	1509	MOSQUITO
Zalizniak-2024-4583-1896	1896	moss	moss	637	MOSS
Zalizniak-2024-4583-1897	1897	moth	moth	2828	MOTH
Zalizniak-2024-4583-1898	1898	mother	mother	1216	MOTHER
Zalizniak-2024-4583-1899	1899	mother of one's husband	mother of one&#39;s husband	2256	MOTHER-IN-LAW (OF WOMAN)
Zalizniak-2024-4583-1900	1900	mother tongue	mother tongue		
Zalizniak-2024-4583-1901	1901	mother-in-law	mother-in-law	1050	MOTHER-IN-LAW
Zalizniak-2024-4583-1902	1902	motherland	motherland		
Zalizniak-2024-4583-1903	1903	motherwort	motherwort		
Zalizniak-2024-4583-1904	1904	motionless	motionless	1636	MOTIONLESS
Zalizniak-2024-4583-1905	1905	Mount Meru	Mount Meru		
Zalizniak-2024-4583-1906	1906	mountain	mountain	639	MOUNTAIN
Zalizniak-2024-4583-1907	1907	mountain foot	mountain foot	2122	MOUNTAIN FOOT
Zalizniak-2024-4583-1908	1908	mountain pass	mountain pass		
Zalizniak-2024-4583-1909	1909	mountain ridge, edge	mountain ridge, edge	2123	MOUNTAIN RIDGE
Zalizniak-2024-4583-1910	1910	mountain slope	mountain slope	3076	SLOPE
Zalizniak-2024-4583-1911	1911	mouse	mouse	1491	MOUSE
Zalizniak-2024-4583-1912	1912	moustache	moustache	1165	MOUSTACHE
Zalizniak-2024-4583-1913	1913	mouth	mouth	674	MOUTH
Zalizniak-2024-4583-1914	1914	mouth (of a river)	mouth (of a river)	1701	RIVER MOUTH
Zalizniak-2024-4583-1915	1915	move (board games)	move (board games)		
Zalizniak-2024-4583-1916	1916	mucus, slime	mucus, slime	4121	SLIME
Zalizniak-2024-4583-1917	1917	mud	mud	640	MUD
Zalizniak-2024-4583-1918	1918	muddy, turbid (of water)	muddy, turbid (of water)	537	TURBID
Zalizniak-2024-4583-1919	1919	muksun	muksun		
Zalizniak-2024-4583-1920	1920	mule	mule	890	MULE
Zalizniak-2024-4583-1921	1921	mumps	mumps		
Zalizniak-2024-4583-1922	1922	murder	murder	845	MURDER
Zalizniak-2024-4583-1923	1923	murderer	murderer		
Zalizniak-2024-4583-1924	1924	murine rodent	murine rodent	2139	MUROID (MOUSE OR RAT)
Zalizniak-2024-4583-1925	1925	muscle	muscle	1004	MUSCLE
Zalizniak-2024-4583-1926	1926	*mushroom	mushroom		
Zalizniak-2024-4583-1927	1927	mushroom cap	mushroom cap		
Zalizniak-2024-4583-1928	1928	music	music	642	MUSIC
Zalizniak-2024-4583-1929	1929	musk gland	musk gland		
Zalizniak-2024-4583-1930	1930	musk-deer (Moschus moschiferus)	musk-deer (Moschus moschiferus)		
Zalizniak-2024-4583-1931	1931	muskox	muskox		
Zalizniak-2024-4583-1932	1932	must	must	971	MUST
Zalizniak-2024-4583-1933	1933	mute, dumb	mute, dumb	1666	MUTE
Zalizniak-2024-4583-1934	1934	muzzle	muzzle	2200	SNOUT
Zalizniak-2024-4583-1935	1935	myriapod	myriapod		
Zalizniak-2024-4583-1936	1936	name of person	&lt;name of person&gt;	1405	NAME
Zalizniak-2024-4583-1937	1937	negative evaluation	&lt;negative evaluation&gt;		
Zalizniak-2024-4583-1938	1938	noble rank, title	&lt;noble rank, title&gt;		
Zalizniak-2024-4583-1939	1939	noise	&lt;noise&gt;	1182	NOISE
Zalizniak-2024-4583-1940	1940	*numeral	&lt;numeral&gt;		
Zalizniak-2024-4583-1941	1941	nail (body part)	nail (body part)	1896	FINGERNAIL OR TOENAIL
Zalizniak-2024-4583-1942	1942	*nail (metal spike)	nail (metal spike)		
Zalizniak-2024-4583-1943	1943	nail-head	nail-head		
Zalizniak-2024-4583-1944	1944	naked, bare	naked, bare	590	NAKED
Zalizniak-2024-4583-1945	1945	*name	name		
Zalizniak-2024-4583-1946	1946	nameless	nameless		
Zalizniak-2024-4583-1947	1947	nap, shag (of a carpet)	nap, shag (of a carpet)		
Zalizniak-2024-4583-1948	1948	nape	nape	1347	NAPE (OF NECK)
Zalizniak-2024-4583-1949	1949	naphthalene	naphthalene		
Zalizniak-2024-4583-1950	1950	narcotic drugs	narcotic drugs		
Zalizniak-2024-4583-1951	1951	narrow	narrow	1267	NARROW
Zalizniak-2024-4583-1952	1952	narrow, close	narrow, close	1942	NEAR
Zalizniak-2024-4583-1953	1953	narwhal (Monodon monoceros);	narwhal (Monodon monoceros);		
Zalizniak-2024-4583-1954	1954	*native	native		
Zalizniak-2024-4583-1955	1955	*native land	native land		
Zalizniak-2024-4583-1956	1956	nature	nature		
Zalizniak-2024-4583-1957	1957	nausea	nausea		
Zalizniak-2024-4583-1958	1958	navel	navel	1838	NAVEL
Zalizniak-2024-4583-1959	1959	navy	navy		
Zalizniak-2024-4583-1960	1960	*near	near		
Zalizniak-2024-4583-1961	1961	necessary	necessary	1030	NECESSARY
Zalizniak-2024-4583-1962	1962	neck	neck	1333	NECK
Zalizniak-2024-4583-1963	1963	neck (of a musical instrument)	neck (of a musical instrument)		
Zalizniak-2024-4583-1964	1964	neck (of bottle etc.)	neck (of bottle etc.)		
Zalizniak-2024-4583-1965	1965	nectar	nectar		
Zalizniak-2024-4583-1966	1966	needle	needle	1382	NEEDLE (FOR SEWING)
Zalizniak-2024-4583-1967	1967	needle-leaved forest	needle-leaved forest		
Zalizniak-2024-4583-1968	1968	neighbour	neighbour	1332	NEIGHBOUR
Zalizniak-2024-4583-1969	1969	nelma	nelma		
Zalizniak-2024-4583-1970	1970	nephew	nephew	1063	NEPHEW
Zalizniak-2024-4583-1971	1971	nest (n.)	nest (n.)	539	NEST
Zalizniak-2024-4583-1972	1972	nestling, baby bird	nestling, baby bird		
Zalizniak-2024-4583-1973	1973	net (n.)	net (n.)	2963	NET
Zalizniak-2024-4583-1974	1974	nettle (Urtica)	nettle (Urtica)	33	NETTLE
Zalizniak-2024-4583-1975	1975	nettle-rash	nettle-rash		
Zalizniak-2024-4583-1976	1976	nevertheless	nevertheless		
Zalizniak-2024-4583-1977	1977	new	new	1231	NEW
Zalizniak-2024-4583-1978	1978	new year	new year		
Zalizniak-2024-4583-1979	1979	New Zealand fur seal	New Zealand fur seal		
Zalizniak-2024-4583-1980	1980	newborn baby	newborn baby		
Zalizniak-2024-4583-1981	1981	newlywed	newlywed		
Zalizniak-2024-4583-1982	1982	news	news	2964	NEWS
Zalizniak-2024-4583-1983	1983	newspaper	newspaper	1298	NEWSPAPER
Zalizniak-2024-4583-1984	1984	newspaper hoax	newspaper hoax		
Zalizniak-2024-4583-1985	1985	next	next	1354	NEXT
Zalizniak-2024-4583-1986	1986	nickel	nickel		
Zalizniak-2024-4583-1987	1987	niece	niece	1642	NIECE
Zalizniak-2024-4583-1988	1988	night	night	1233	NIGHT
Zalizniak-2024-4583-1989	1989	night-blindness	night-blindness		
Zalizniak-2024-4583-1990	1990	nightingale	nightingale	3723	NIGHTINGALE
Zalizniak-2024-4583-1991	1991	nimble, deft, quick	nimble, deft, quick		
Zalizniak-2024-4583-1992	1992	nine	nine	1483	NINE
Zalizniak-2024-4583-1993	1993	nipple (part of the breast)	nipple (part of the breast)	796	NIPPLE
Zalizniak-2024-4583-1994	1994	no	no	1269	NO
Zalizniak-2024-4583-1995	1995	noble	noble	482	NOBLE
Zalizniak-2024-4583-1996	1996	node (part of a plant stem)	node (part of a plant stem)		
Zalizniak-2024-4583-1997	1997	*noise	noise		
Zalizniak-2024-4583-1998	1998	noisy place	noisy place		
Zalizniak-2024-4583-1999	1999	nonsense	nonsense		
Zalizniak-2024-4583-2000	2000	noon	noon	12	MIDDAY
Zalizniak-2024-4583-2001	2001	normal	normal		
Zalizniak-2024-4583-2002	2002	North	North	1598	NORTH
Zalizniak-2024-4583-2003	2003	northern fulmar (Fulmarus glacialis)	northern fulmar (Fulmarus glacialis)		
Zalizniak-2024-4583-2004	2004	nose	nose	1221	NOSE
Zalizniak-2024-4583-2005	2005	nostril	nostril	1178	NOSTRIL
Zalizniak-2024-4583-2006	2006	*not long	not long		
Zalizniak-2024-4583-2007	2007	not strong (of liquid or smell)	not strong (of liquid or smell)	2201	LIGHT (SMELL OR TASTE)
Zalizniak-2024-4583-2008	2008	not to do	not to do		
Zalizniak-2024-4583-2009	2009	not working	not working		
Zalizniak-2024-4583-2010	2010	note book	note book		
Zalizniak-2024-4583-2011	2011	noticeable	noticeable		
Zalizniak-2024-4583-2012	2012	noun (grammar)	noun (grammar)		
Zalizniak-2024-4583-2013	2013	November	November	2854	NOVEMBER
Zalizniak-2024-4583-2014	2014	novice	novice		
Zalizniak-2024-4583-2015	2015	now	now	1376	NOW
Zalizniak-2024-4583-2016	2016	Nowruz	Nowruz		
Zalizniak-2024-4583-2017	2017	nucleus (in physics)	nucleus (in physics)		
Zalizniak-2024-4583-2018	2018	*number	number		
Zalizniak-2024-4583-2019	2019	*numerous	numerous		
Zalizniak-2024-4583-2020	2020	nun	nun		
Zalizniak-2024-4583-2021	2021	nurse	nurse	1104	NURSE
Zalizniak-2024-4583-2022	2022	nurse (junior medical staff)	nurse (junior medical staff)		
Zalizniak-2024-4583-2023	2023	nut, hazel	nut, hazel		
Zalizniak-2024-4583-2024	2024	nutria, coypu	nutria, coypu		
Zalizniak-2024-4583-2025	2025	office	&lt;office&gt;	2430	OFFICE
Zalizniak-2024-4583-2026	2026	orthopteran	&lt;orthopteran&gt;		
Zalizniak-2024-4583-2027	2027	oak	oak	644	OAK
Zalizniak-2024-4583-2028	2028	oar	oar	3137	OAR
Zalizniak-2024-4583-2029	2029	oat	oat	60	OAT
Zalizniak-2024-4583-2030	2030	oath	oath	1712	OATH
Zalizniak-2024-4583-2031	2031	obedient	obedient	4102	OBEDIENT
Zalizniak-2024-4583-2032	2032	objection, contradiction	objection, contradiction		
Zalizniak-2024-4583-2033	2033	observer	observer		
Zalizniak-2024-4583-2034	2034	obstacle	obstacle		
Zalizniak-2024-4583-2035	2035	obstinate	obstinate	1842	OBSTINATE
Zalizniak-2024-4583-2036	2036	ocean	ocean	645	OCEAN
Zalizniak-2024-4583-2037	2037	ochre	ochre		
Zalizniak-2024-4583-2038	2038	October	October	2853	OCTOBER
Zalizniak-2024-4583-2039	2039	oesophagus	oesophagus		
Zalizniak-2024-4583-2040	2040	of high rank	of high rank	2202	HIGH-RANKING
Zalizniak-2024-4583-2041	2041	of low rank	of low rank		
Zalizniak-2024-4583-2042	2042	official (n.)	official (n.)	3361	OFFICIAL
Zalizniak-2024-4583-2043	2043	*offspring	offspring		
Zalizniak-2024-4583-2044	2044	often	often	1852	OFTEN
Zalizniak-2024-4583-2045	2045	oil (food)	oil (food)	1484	OIL (ORGANIC SUBSTANCE)
Zalizniak-2024-4583-2046	2046	oil particle	oil particle		
Zalizniak-2024-4583-2047	2047	ointment	ointment	1926	OINTMENT
Zalizniak-2024-4583-2048	2048	OK	OK		
Zalizniak-2024-4583-2049	2049	old (vs. new)	old (vs. new)	2113	OLD (USED)
Zalizniak-2024-4583-2050	2050	old (vs. young)	old (vs. young)	2112	OLD (AGED)
Zalizniak-2024-4583-2051	2051	old man	old man	406	OLD MAN
Zalizniak-2024-4583-2052	2052	*old man/grandfather	old man/grandfather		
Zalizniak-2024-4583-2053	2053	old woman	old woman	907	OLD WOMAN
Zalizniak-2024-4583-2054	2054	oleander	oleander		
Zalizniak-2024-4583-2055	2055	olive (Olea europaea)	olive (Olea europaea)	1154	OLIVE
Zalizniak-2024-4583-2056	2056	omen	omen	107	OMEN
Zalizniak-2024-4583-2057	2057	on all fours	on all fours		
Zalizniak-2024-4583-2058	2058	on the outside	on the outside		
Zalizniak-2024-4583-2059	2059	one (unit)	one (unit)		
Zalizniak-2024-4583-2060	2060	one hundred thousand	one hundred thousand	3532	ONE HUNDRED THOUSAND
Zalizniak-2024-4583-2061	2061	one piece (at counting)	one piece (at counting)		
Zalizniak-2024-4583-2062	2062	one's own	one&#39;s own		
Zalizniak-2024-4583-2063	2063	onion	onion	2366	ONION
Zalizniak-2024-4583-2064	2064	only, just	only, just	1580	ONLY
Zalizniak-2024-4583-2065	2065	open (adj.)	open (adj.)	3235	OPEN (STATE)
Zalizniak-2024-4583-2066	2066	open-eyed	open-eyed		
Zalizniak-2024-4583-2067	2067	opening of a sack	opening of a sack		
Zalizniak-2024-4583-2068	2068	opening, hole	opening, hole	1667	HOLE
Zalizniak-2024-4583-2069	2069	opinion	opinion	4113	OPINION
Zalizniak-2024-4583-2070	2070	opossum	opossum	309	OPOSSUM
Zalizniak-2024-4583-2071	2071	opportunity	opportunity		
Zalizniak-2024-4583-2072	2072	opposite	opposite	885	OPPOSITE
Zalizniak-2024-4583-2073	2073	orange (plant)	orange (plant)	2627	ORANGE (FRUIT)
Zalizniak-2024-4583-2074	2074	orator	orator		
Zalizniak-2024-4583-2075	2075	order	order	1128	ORDER
Zalizniak-2024-4583-2076	2076	ordinary, common	ordinary, common		
Zalizniak-2024-4583-2077	2077	oregano	oregano		
Zalizniak-2024-4583-2078	2078	organ (anatomy)	organ (anatomy)		
Zalizniak-2024-4583-2079	2079	origin	origin		
Zalizniak-2024-4583-2080	2080	original	original		
Zalizniak-2024-4583-2081	2081	orphan	orphan	1149	ORPHAN
Zalizniak-2024-4583-2082	2082	osprey (Pandion haliaёtus)	osprey (Pandion haliaёtus)		
Zalizniak-2024-4583-2083	2083	ostrich	ostrich	3797	OSTRICH
Zalizniak-2024-4583-2084	2084	other	other	197	OTHER
Zalizniak-2024-4583-2085	2085	other`s	other`s		
Zalizniak-2024-4583-2086	2086	otter (Lutra lutra)	otter (Lutra lutra)	15	OTTER
Zalizniak-2024-4583-2087	2087	outbuilding	outbuilding		
Zalizniak-2024-4583-2088	2088	outwards	outwards		
Zalizniak-2024-4583-2089	2089	oven	oven	1143	OVEN
Zalizniak-2024-4583-2090	2090	overcoat	overcoat		
Zalizniak-2024-4583-2091	2091	owl	owl	735	OWL
Zalizniak-2024-4583-2092	2092	own (of a relative)	own (of a relative)		
Zalizniak-2024-4583-2093	2093	owner	owner	1036	OWNER
Zalizniak-2024-4583-2094	2094	*owner (female)	owner (female)		
Zalizniak-2024-4583-2095	2095	owre, buffalo (Bubalus bubalis)	owre, buffalo (Bubalus bubalis)	934	BUFFALO
Zalizniak-2024-4583-2096	2096	ox	ox	1169	OX
Zalizniak-2024-4583-2097	2097	person of a different faith	&lt;person of a different faith&gt;		
Zalizniak-2024-4583-2098	2098	place name	&lt;place name&gt;		
Zalizniak-2024-4583-2099	2099	plant (biol.)	&lt;plant (biol.)&gt;	653	PLANT (VEGETATION)
Zalizniak-2024-4583-2100	2100	positive evaluation	&lt;positive evaluation&gt;		
Zalizniak-2024-4583-2101	2101	priest	&lt;priest&gt;	852	PRIEST
Zalizniak-2024-4583-2102	2102	profession	&lt;profession&gt;		
Zalizniak-2024-4583-2103	2103	pacemaker (running)	pacemaker (running)		
Zalizniak-2024-4583-2104	2104	pack of cards	pack of cards		
Zalizniak-2024-4583-2105	2105	page	page		
Zalizniak-2024-4583-2106	2106	pain	pain	1783	PAIN
Zalizniak-2024-4583-2107	2107	paint, dye (n.)	paint, dye (n.)	647	PAINT (PIGMENTS)
Zalizniak-2024-4583-2108	2108	pair	pair	1888	PAIR
Zalizniak-2024-4583-2109	2109	pair of compasses	pair of compasses		
Zalizniak-2024-4583-2110	2110	palace	palace	4059	PALACE
Zalizniak-2024-4583-2111	2111	palatal (sound)	palatal (sound)		
Zalizniak-2024-4583-2112	2112	palate	palate	540	PALATE
Zalizniak-2024-4583-2113	2113	pale	pale		
Zalizniak-2024-4583-2114	2114	palm (body part)	palm (body part)	1183	PALM OF HAND
Zalizniak-2024-4583-2115	2115	palm (tree)	palm (tree)	1181	PALM TREE
Zalizniak-2024-4583-2116	2116	palmyra palm	palmyra palm		
Zalizniak-2024-4583-2117	2117	pancreas	pancreas	3252	PANCREAS
Zalizniak-2024-4583-2118	2118	pandanus	pandanus	469	PANDANUS
Zalizniak-2024-4583-2119	2119	paper	paper	648	PAPER
Zalizniak-2024-4583-2120	2120	papular eruption (on the skin)	papular eruption (on the skin)		
Zalizniak-2024-4583-2121	2121	parachute	parachute		
Zalizniak-2024-4583-2122	2122	*paragraph	paragraph		
Zalizniak-2024-4583-2123	2123	paralyzed	paralyzed		
Zalizniak-2024-4583-2124	2124	parents	parents	505	PARENTS
Zalizniak-2024-4583-2125	2125	parliament	parliament		
Zalizniak-2024-4583-2126	2126	parsley	parsley	4061	PARSLEY
Zalizniak-2024-4583-2127	2127	parsnip	parsnip		
Zalizniak-2024-4583-2128	2128	part	part	779	PART
Zalizniak-2024-4583-2129	2129	participant in the ritual wedding procession	participant in the ritual wedding procession		
Zalizniak-2024-4583-2130	2130	partridge	partridge	3681	PARTRIDGE
Zalizniak-2024-4583-2131	2131	*party, soiree	party, soiree		
Zalizniak-2024-4583-2132	2132	pass (document allowing admission)	pass (document allowing admission)		
Zalizniak-2024-4583-2133	2133	passageway	passageway		
Zalizniak-2024-4583-2134	2134	passion (in game)	passion (in game)		
Zalizniak-2024-4583-2135	2135	*passionate about	passionate about		
Zalizniak-2024-4583-2136	2136	passionate, zealous	passionate, zealous	1880	PASSIONATE
Zalizniak-2024-4583-2137	2137	password	password		
Zalizniak-2024-4583-2138	2138	patch	patch		
Zalizniak-2024-4583-2139	2139	patience	patience		
Zalizniak-2024-4583-2140	2140	patron, protector	patron, protector		
Zalizniak-2024-4583-2141	2141	paw	paw	2965	PAW
Zalizniak-2024-4583-2142	2142	pawn (in chess)	pawn (in chess)		
Zalizniak-2024-4583-2143	2143	payment	payment		
Zalizniak-2024-4583-2144	2144	pea	pea	2025	PEA
Zalizniak-2024-4583-2145	2145	peace	peace	1338	PEACE
Zalizniak-2024-4583-2146	2146	peach	peach	2043	PEACH
Zalizniak-2024-4583-2147	2147	peacock	peacock	3382	PEACOCK
Zalizniak-2024-4583-2148	2148	peak of mountain	peak of mountain	1614	SUMMIT
Zalizniak-2024-4583-2149	2149	peanut	peanut	595	GROUNDNUT (PEANUT)
Zalizniak-2024-4583-2150	2150	pear	pear	922	PEAR
Zalizniak-2024-4583-2151	2151	pearl	pearl	3325	PEARL
Zalizniak-2024-4583-2152	2152	pearl barley	pearl barley		
Zalizniak-2024-4583-2153	2153	pedestal	pedestal		
Zalizniak-2024-4583-2154	2154	*pedestrian	pedestrian		
Zalizniak-2024-4583-2155	2155	pedestrian crossing	pedestrian crossing		
Zalizniak-2024-4583-2156	2156	peephole	peephole		
Zalizniak-2024-4583-2157	2157	peer	peer		
Zalizniak-2024-4583-2158	2158	peled	peled		
Zalizniak-2024-4583-2159	2159	pelican (Pelecanus)	pelican (Pelecanus)	472	PELICAN
Zalizniak-2024-4583-2160	2160	pellicle, membrane	pellicle, membrane		
Zalizniak-2024-4583-2161	2161	pelvis	pelvis		
Zalizniak-2024-4583-2162	2162	pen (for writing)	pen (for writing)	794	PEN
Zalizniak-2024-4583-2163	2163	pencil	pencil	2578	PENCIL
Zalizniak-2024-4583-2164	2164	pendulum	pendulum		
Zalizniak-2024-4583-2165	2165	penis	penis	1222	PENIS
Zalizniak-2024-4583-2166	2166	people (pl.)	people (pl.)		
Zalizniak-2024-4583-2167	2167	people, nation	people, nation	789	PEOPLE
Zalizniak-2024-4583-2168	2168	pepperwort	pepperwort		
Zalizniak-2024-4583-2169	2169	perch (Perca fluviatilis)	perch (Perca fluviatilis)	2966	PERCH (FISH)
Zalizniak-2024-4583-2170	2170	perfect person	perfect person		
Zalizniak-2024-4583-2171	2171	perfect, complete	perfect, complete		
Zalizniak-2024-4583-2172	2172	*perfectr, complete	perfectr, complete		
Zalizniak-2024-4583-2173	2173	perfume, scent	perfume, scent		
Zalizniak-2024-4583-2174	2174	pericarp of a lotus	pericarp of a lotus		
Zalizniak-2024-4583-2175	2175	period of time	period of time	508	PERIOD
Zalizniak-2024-4583-2176	2176	permission	permission		
Zalizniak-2024-4583-2177	2177	persimmon	persimmon	2044	PERSIMMON
Zalizniak-2024-4583-2178	2178	persistent	persistent		
Zalizniak-2024-4583-2179	2179	person (grammar)	person (grammar)		
Zalizniak-2024-4583-2180	2180	person of small stature	person of small stature		
Zalizniak-2024-4583-2181	2181	petrel (Procellaria)	petrel (Procellaria)		
Zalizniak-2024-4583-2182	2182	petroleum, oil	petroleum, oil	650	PETROLEUM
Zalizniak-2024-4583-2183	2183	phantom, ghost	phantom, ghost	1175	GHOST
Zalizniak-2024-4583-2184	2184	pharaoh	pharaoh		
Zalizniak-2024-4583-2185	2185	pheasant	pheasant	3060	PHEASANT
Zalizniak-2024-4583-2186	2186	phosphorus	phosphorus		
Zalizniak-2024-4583-2187	2187	photograph	photograph	3304	PICTURE (PHOTOGRAPH)
Zalizniak-2024-4583-2188	2188	pickaxe	pickaxe		
Zalizniak-2024-4583-2189	2189	picture	picture	2401	PICTURE
Zalizniak-2024-4583-2190	2190	piece	piece	594	PIECE
Zalizniak-2024-4583-2191	2191	pig (Sus scrofa)	pig (Sus scrofa)	1337	PIG
Zalizniak-2024-4583-2192	2192	pigeon (Columba)	pigeon (Columba)	1853	DOVE
Zalizniak-2024-4583-2193	2193	piglet	piglet	2564	PIGLET
Zalizniak-2024-4583-2194	2194	pig`s snout	pig`s snout		
Zalizniak-2024-4583-2195	2195	pike (fish)	pike (fish)	2967	PIKE (FISH)
Zalizniak-2024-4583-2196	2196	*pill, tablet	pill, tablet		
Zalizniak-2024-4583-2197	2197	pillar	pillar	2045	COLUMN
Zalizniak-2024-4583-2198	2198	pillow	pillow	1044	PILLOW
Zalizniak-2024-4583-2199	2199	pillowcase	pillowcase		
Zalizniak-2024-4583-2200	2200	pilot sucker	pilot sucker		
Zalizniak-2024-4583-2201	2201	pimple	pimple	1809	PIMPLE
Zalizniak-2024-4583-2202	2202	*pincer (of a lobster, crab)	pincer (of a lobster, crab)		
Zalizniak-2024-4583-2203	2203	pine needle	pine needle		
Zalizniak-2024-4583-2204	2204	pine-tree	pine-tree	1740	PINE
Zalizniak-2024-4583-2205	2205	pineapple	pineapple	2440	PINEAPPLE
Zalizniak-2024-4583-2206	2206	pink	pink	3446	PINK
Zalizniak-2024-4583-2207	2207	pink salmon (Oncorhynchus gorbuscha)	pink salmon (Oncorhynchus gorbuscha)		
Zalizniak-2024-4583-2208	2208	pip (disease of birds)	pip (disease of birds)		
Zalizniak-2024-4583-2209	2209	piper (musician)	piper (musician)		
Zalizniak-2024-4583-2210	2210	Pisces	Pisces		
Zalizniak-2024-4583-2211	2211	pit	pit	2539	PIT (POTHOLE)
Zalizniak-2024-4583-2212	2212	pitchfork	pitchfork	337	PITCHFORK
Zalizniak-2024-4583-2213	2213	pith, medulla	pith, medulla		
Zalizniak-2024-4583-2214	2214	place	place	723	PLACE (POSITION)
Zalizniak-2024-4583-2215	2215	place of employment, job	place of employment, job		
Zalizniak-2024-4583-2216	2216	plaice (fish)	plaice (fish)		
Zalizniak-2024-4583-2217	2217	plaintive	plaintive		
Zalizniak-2024-4583-2218	2218	*plait, braid	plait, braid		
Zalizniak-2024-4583-2219	2219	planet	planet	4042	PLANET
Zalizniak-2024-4583-2220	2220	*plant (biol.)	plant (biol.)		
Zalizniak-2024-4583-2221	2221	*plant-louse ( Aphidae)	plant-louse ( Aphidae)		
Zalizniak-2024-4583-2222	2222	plantain (Plantago)	plantain (Plantago)	3221	PLANTAGO
Zalizniak-2024-4583-2223	2223	planting (in ground)	planting (in ground)	1486	PLANT (SOMETHING)
Zalizniak-2024-4583-2224	2224	plastic	plastic	654	PLASTIC
Zalizniak-2024-4583-2225	2225	platan	platan		
Zalizniak-2024-4583-2226	2226	plate (a serving dish)	plate (a serving dish)	480	PLATE
Zalizniak-2024-4583-2227	2227	plateau	plateau		
Zalizniak-2024-4583-2228	2228	platinum	platinum		
Zalizniak-2024-4583-2229	2229	playing cards	playing cards		
Zalizniak-2024-4583-2230	2230	pleasant	pleasant		
Zalizniak-2024-4583-2231	2231	pleasure	pleasure	3916	PLEASURE
Zalizniak-2024-4583-2232	2232	Pleiades	Pleiades		
Zalizniak-2024-4583-2233	2233	plot of land	plot of land		
Zalizniak-2024-4583-2234	2234	plough, ard	plough, ard	2154	PLOUGH (INSTRUMENT)
Zalizniak-2024-4583-2235	2235	ploughing	ploughing	1921	PLOUGH
Zalizniak-2024-4583-2236	2236	ploughshare	ploughshare		
Zalizniak-2024-4583-2237	2237	plum	plum	4063	PLUM
Zalizniak-2024-4583-2238	2238	plum blossom	plum blossom	2744	PLUM BLOSSOM
Zalizniak-2024-4583-2239	2239	pocket	pocket	1851	POCKET
Zalizniak-2024-4583-2240	2240	pockmarked	pockmarked		
Zalizniak-2024-4583-2241	2241	pod	pod		
Zalizniak-2024-4583-2242	2242	poet	poet	1045	POET
Zalizniak-2024-4583-2243	2243	poetry	poetry	541	POETRY
Zalizniak-2024-4583-2244	2244	poison	poison	655	POISON
Zalizniak-2024-4583-2245	2245	poisonous	poisonous	888	POISONOUS
Zalizniak-2024-4583-2246	2246	*poisonous	poisonous		
Zalizniak-2024-4583-2247	2247	polar night	polar night		
Zalizniak-2024-4583-2248	2248	pole (geographical)	pole (geographical)		
Zalizniak-2024-4583-2249	2249	pole (long stick)	pole (long stick)	281	POST
Zalizniak-2024-4583-2250	2250	*Pole Star	Pole Star		
Zalizniak-2024-4583-2251	2251	polecat, ferret (Mustela putorius)	polecat, ferret (Mustela putorius)		
Zalizniak-2024-4583-2252	2252	police officer	police officer		
Zalizniak-2024-4583-2253	2253	polite	polite	3300	POLITE
Zalizniak-2024-4583-2254	2254	political party	political party		
Zalizniak-2024-4583-2255	2255	pollen	pollen		
Zalizniak-2024-4583-2256	2256	pomegranate	pomegranate	3732	POMEGRANATE
Zalizniak-2024-4583-2257	2257	pondweed	pondweed		
Zalizniak-2024-4583-2258	2258	poor, needy	poor, needy	1674	POOR
Zalizniak-2024-4583-2259	2259	*poor, needy	poor, needy		
Zalizniak-2024-4583-2260	2260	popcorn	popcorn		
Zalizniak-2024-4583-2261	2261	pope	pope		
Zalizniak-2024-4583-2262	2262	poplar (Populus alba)	poplar (Populus alba)	821	POPLAR
Zalizniak-2024-4583-2263	2263	poppy (Papaver somniferum)	poppy (Papaver somniferum)		
Zalizniak-2024-4583-2264	2264	porcelain	porcelain		
Zalizniak-2024-4583-2265	2265	porcupine	porcupine	2510	PORCUPINE
Zalizniak-2024-4583-2266	2266	pot	pot	1462	POT
Zalizniak-2024-4583-2267	2267	potato	potato	593	POTATO
Zalizniak-2024-4583-2268	2268	pottery fragment	pottery fragment		
Zalizniak-2024-4583-2269	2269	poverty	poverty	4066	POVERTY
Zalizniak-2024-4583-2270	2270	powder	powder	3368	POWDER
Zalizniak-2024-4583-2271	2271	powdery mildew	powdery mildew		
Zalizniak-2024-4583-2272	2272	power, authority	power, authority	2526	POWER
Zalizniak-2024-4583-2273	2273	powerless	powerless		
Zalizniak-2024-4583-2274	2274	prayer (text)	prayer (text)		
Zalizniak-2024-4583-2275	2275	precipice, abyss	precipice, abyss	618	PRECIPICE
Zalizniak-2024-4583-2276	2276	precipitous	precipitous	2717	STEEP
Zalizniak-2024-4583-2277	2277	predator	predator		
Zalizniak-2024-4583-2278	2278	pregnant	pregnant	1123	PREGNANT
Zalizniak-2024-4583-2279	2279	present, gift	present, gift	2982	GIFT
Zalizniak-2024-4583-2280	2280	previous	previous		
Zalizniak-2024-4583-2281	2281	price	price	657	PRICE
Zalizniak-2024-4583-2282	2282	prickly, thorned	prickly, thorned		
Zalizniak-2024-4583-2283	2283	pride	pride	3915	PRIDE
Zalizniak-2024-4583-2284	2284	*priest (Christianity)	priest (Christianity)		
Zalizniak-2024-4583-2285	2285	*priest's headgear	priest&#39;s headgear		
Zalizniak-2024-4583-2286	2286	priest's wife	priest&#39;s wife		
Zalizniak-2024-4583-2287	2287	prince	prince	2554	PRINCE (RULER)
Zalizniak-2024-4583-2288	2288	princess	princess		
Zalizniak-2024-4583-2289	2289	prison	prison	1281	PRISON
Zalizniak-2024-4583-2290	2290	probably	probably		
Zalizniak-2024-4583-2291	2291	problem (mathematics)	problem (mathematics)	2425	PROBLEM
Zalizniak-2024-4583-2292	2292	*profession	profession		
Zalizniak-2024-4583-2293	2293	*profit, gain (n.)	profit, gain (n.)		
Zalizniak-2024-4583-2294	2294	profiteer	profiteer		
Zalizniak-2024-4583-2295	2295	*profound	profound		
Zalizniak-2024-4583-2296	2296	promise (n.)	promise (n.)		
Zalizniak-2024-4583-2297	2297	pronoun	pronoun		
Zalizniak-2024-4583-2298	2298	propeller (of boat engine)	propeller (of boat engine)		
Zalizniak-2024-4583-2299	2299	*proper arrangement, order	proper arrangement, order		
Zalizniak-2024-4583-2300	2300	property, possessions	property, possessions	3860	POSSESSIONS
Zalizniak-2024-4583-2301	2301	prophet	prophet		
Zalizniak-2024-4583-2302	2302	prose	prose		
Zalizniak-2024-4583-2303	2303	prosperity	prosperity		
Zalizniak-2024-4583-2304	2304	prostate	prostate		
Zalizniak-2024-4583-2305	2305	protection, patronage	protection, patronage	4083	PROTECTION
Zalizniak-2024-4583-2306	2306	protégé	protégé		
Zalizniak-2024-4583-2307	2307	protein	protein		
Zalizniak-2024-4583-2308	2308	protrusion at the end of a key	protrusion at the end of a key		
Zalizniak-2024-4583-2309	2309	proud	proud	174	PROUD
Zalizniak-2024-4583-2310	2310	proverb	proverb	3646	PROVERB
Zalizniak-2024-4583-2311	2311	puffball	puffball		
Zalizniak-2024-4583-2312	2312	pumpkin	pumpkin	864	PUMPKIN
Zalizniak-2024-4583-2313	2313	pungent (odour)	pungent (odour)		
Zalizniak-2024-4583-2314	2314	punishment	punishment	390	PUNISHMENT
Zalizniak-2024-4583-2315	2315	pupil (of an eye)	pupil (of an eye)	1658	PUPIL
Zalizniak-2024-4583-2316	2316	puppet, lay figure	puppet, lay figure		
Zalizniak-2024-4583-2317	2317	puppy (of a dog)	puppy (of a dog)	74	PUPPY
Zalizniak-2024-4583-2318	2318	pure	pure	1147	PURE
Zalizniak-2024-4583-2319	2319	purgative (medicine)	purgative (medicine)		
Zalizniak-2024-4583-2320	2320	pus	pus	1808	PUS
Zalizniak-2024-4583-2321	2321	push button	push button		
Zalizniak-2024-4583-2322	2322	pyrite	pyrite		
Zalizniak-2024-4583-2323	2323	quantity	quantity	2945	COUNT (QUANTITY)
Zalizniak-2024-4583-2324	2324	quarrel	quarrel	1848	QUARREL
Zalizniak-2024-4583-2325	2325	queen	queen	1306	QUEEN
Zalizniak-2024-4583-2326	2326	queen (bee)	queen (bee)		
Zalizniak-2024-4583-2327	2327	queen (playing card)	queen (playing card)		
Zalizniak-2024-4583-2328	2328	queen (termites and ants)	queen (termites and ants)		
Zalizniak-2024-4583-2329	2329	queen, princess	queen, princess		
Zalizniak-2024-4583-2330	2330	queue	queue		
Zalizniak-2024-4583-2331	2331	quick	quick	1631	FAST
Zalizniak-2024-4583-2332	2332	quiet (vs. loud)	quiet (vs. loud)	1314	QUIET
Zalizniak-2024-4583-2333	2333	quince	quince		
Zalizniak-2024-4583-2334	2334	quinsy	quinsy		
Zalizniak-2024-4583-2335	2335	quite, rather	quite, rather		
Zalizniak-2024-4583-2336	2336	quiver	quiver	995	QUIVER (FOR ARROWS)
Zalizniak-2024-4583-2337	2337	quotation mark	quotation mark		
Zalizniak-2024-4583-2338	2338	ready meal	&lt;ready meal&gt;		
Zalizniak-2024-4583-2339	2339	religious festival	&lt;religious festival&gt;		
Zalizniak-2024-4583-2340	2340	rural foot-wear	&lt;rural foot-wear&gt;		
Zalizniak-2024-4583-2341	2341	rabid	rabid	2203	RABID
Zalizniak-2024-4583-2342	2342	raccoon	raccoon	828	RACCOON
Zalizniak-2024-4583-2343	2343	race, ethnos	race, ethnos		
Zalizniak-2024-4583-2344	2344	radiointerference	radiointerference		
Zalizniak-2024-4583-2345	2345	radish	radish	2365	RADISH
Zalizniak-2024-4583-2346	2346	radius (bone)	radius (bone)		
Zalizniak-2024-4583-2347	2347	radius (geometry)	radius (geometry)		
Zalizniak-2024-4583-2348	2348	raft	raft	1664	RAFT
Zalizniak-2024-4583-2349	2349	rag, duster	rag, duster	332	RAG
Zalizniak-2024-4583-2350	2350	railcar	railcar		
Zalizniak-2024-4583-2351	2351	rain	rain	658	RAIN (PRECIPITATION)
Zalizniak-2024-4583-2352	2352	rainbow	rainbow	1733	RAINBOW
Zalizniak-2024-4583-2353	2353	rainbow smelt	rainbow smelt		
Zalizniak-2024-4583-2354	2354	raisin	raisin	4139	RAISIN
Zalizniak-2024-4583-2355	2355	rake	rake	338	RAKE
Zalizniak-2024-4583-2356	2356	ram	ram	1344	RAM
Zalizniak-2024-4583-2357	2357	Ranunculus	Ranunculus		
Zalizniak-2024-4583-2358	2358	rapids	rapids	1670	RAPIDS
Zalizniak-2024-4583-2359	2359	rare	rare	209	RARE
Zalizniak-2024-4583-2360	2360	rash, eruption	rash, eruption		
Zalizniak-2024-4583-2361	2361	raspberry	raspberry	3803	RASPBERRY
Zalizniak-2024-4583-2362	2362	rat	rat	1490	RAT
Zalizniak-2024-4583-2363	2363	rather (preference)	rather (preference)		
Zalizniak-2024-4583-2364	2364	raven	raven	2543	RAVEN
Zalizniak-2024-4583-2365	2365	ravine	ravine	1930	RAVINE
Zalizniak-2024-4583-2366	2366	raw	raw	1959	RAW
Zalizniak-2024-4583-2367	2367	*raw	raw		
Zalizniak-2024-4583-2368	2368	raw material	raw material		
Zalizniak-2024-4583-2369	2369	ray	ray		
Zalizniak-2024-4583-2370	2370	ready	ready	790	READY
Zalizniak-2024-4583-2371	2371	rear	rear		
Zalizniak-2024-4583-2372	2372	rear end	rear end		
Zalizniak-2024-4583-2373	2373	recent	recent		
Zalizniak-2024-4583-2374	2374	recently	recently		
Zalizniak-2024-4583-2375	2375	red	red	156	RED
Zalizniak-2024-4583-2376	2376	red panda	red panda		
Zalizniak-2024-4583-2377	2377	redfin dace	redfin dace		
Zalizniak-2024-4583-2378	2378	*reed	reed		
Zalizniak-2024-4583-2379	2379	reed (in loom)	reed (in loom)		
Zalizniak-2024-4583-2380	2380	reflection (in the mirror, water)	reflection (in the mirror, water)		
Zalizniak-2024-4583-2381	2381	region	region		
Zalizniak-2024-4583-2382	2382	reindeer	reindeer	1876	REINDEER
Zalizniak-2024-4583-2383	2383	reindeer calf	reindeer calf		
Zalizniak-2024-4583-2384	2384	relation, connection	relation, connection		
Zalizniak-2024-4583-2385	2385	relative (n.)	relative (n.)	1644	RELATIVES
Zalizniak-2024-4583-2386	2386	reliable, trustworthy	reliable, trustworthy		
Zalizniak-2024-4583-2387	2387	remembrance	remembrance		
Zalizniak-2024-4583-2388	2388	remote area	remote area		
Zalizniak-2024-4583-2389	2389	reputation	reputation	4098	REPUTATION
Zalizniak-2024-4583-2390	2390	resentment, offense	resentment, offense		
Zalizniak-2024-4583-2391	2391	resin, tar	resin, tar	664	RESIN
Zalizniak-2024-4583-2392	2392	respect (n.)	respect (n.)	1912	RESPECT (NOUN)
Zalizniak-2024-4583-2393	2393	respected, venerable	respected, venerable		
Zalizniak-2024-4583-2394	2394	*rest (n.)	rest (n.)		
Zalizniak-2024-4583-2395	2395	result, outcome	result, outcome	3969	RESULT
Zalizniak-2024-4583-2396	2396	resurrection	resurrection		
Zalizniak-2024-4583-2397	2397	retina	retina		
Zalizniak-2024-4583-2398	2398	revenge	revenge	495	REVENGE
Zalizniak-2024-4583-2399	2399	rheumatism	rheumatism		
Zalizniak-2024-4583-2400	2400	rhinoceros	rhinoceros	2591	RHINOCEROS
Zalizniak-2024-4583-2401	2401	*rhinoceros	rhinoceros		
Zalizniak-2024-4583-2402	2402	rhombus	rhombus		
Zalizniak-2024-4583-2403	2403	rhubarb	rhubarb		
Zalizniak-2024-4583-2404	2404	rib	rib	801	RIB
Zalizniak-2024-4583-2405	2405	rib (part of a ship’s framework)	rib (part of a ship’s framework)		
Zalizniak-2024-4583-2406	2406	rice	rice	926	RICE
Zalizniak-2024-4583-2407	2407	rich	rich	712	RICH
Zalizniak-2024-4583-2408	2408	riddle	riddle	2970	RIDDLE
Zalizniak-2024-4583-2409	2409	ridgepole	ridgepole	280	RIDGEPOLE
Zalizniak-2024-4583-2410	2410	*right	right		
Zalizniak-2024-4583-2411	2411	right (political)	right (political)		
Zalizniak-2024-4583-2412	2412	right (vs. left)	right (vs. left)	1019	RIGHT
Zalizniak-2024-4583-2413	2413	right side	right side		
Zalizniak-2024-4583-2414	2414	ring finger	ring finger		
Zalizniak-2024-4583-2415	2415	river	river	666	RIVER
Zalizniak-2024-4583-2416	2416	river-bed	river-bed	993	RIVER BED
Zalizniak-2024-4583-2417	2417	road	road	667	ROAD
Zalizniak-2024-4583-2418	2418	roasted	roasted		
Zalizniak-2024-4583-2419	2419	robbery	robbery		
Zalizniak-2024-4583-2420	2420	rock, crag, cliff	rock, crag, cliff	992	CLIFF
Zalizniak-2024-4583-2421	2421	rodent	rodent	669	RODENT
Zalizniak-2024-4583-2422	2422	rolling-pin	rolling-pin		
Zalizniak-2024-4583-2423	2423	Romani	Romani		
Zalizniak-2024-4583-2424	2424	roof	roof	769	ROOF
Zalizniak-2024-4583-2425	2425	rook	rook		
Zalizniak-2024-4583-2426	2426	rook (chess)	rook (chess)		
Zalizniak-2024-4583-2427	2427	room	room	1450	ROOM
Zalizniak-2024-4583-2428	2428	rooster	rooster	1511	ROOSTER
Zalizniak-2024-4583-2429	2429	root (arithmetic)	root (arithmetic)		
Zalizniak-2024-4583-2430	2430	root (of a plant)	root (of a plant)	670	ROOT
Zalizniak-2024-4583-2431	2431	root (of a word)	root (of a word)		
Zalizniak-2024-4583-2432	2432	root of equation	root of equation		
Zalizniak-2024-4583-2433	2433	root of tooth	root of tooth		
Zalizniak-2024-4583-2434	2434	root vegetable	root vegetable		
Zalizniak-2024-4583-2435	2435	rope, cord	rope, cord	1218	ROPE
Zalizniak-2024-4583-2436	2436	rose	rose	3882	ROSE
Zalizniak-2024-4583-2437	2437	rose apple (Syzygium)	rose apple (Syzygium)		
Zalizniak-2024-4583-2438	2438	rose chafer	rose chafer		
Zalizniak-2024-4583-2439	2439	rotten	rotten	1728	ROTTEN
Zalizniak-2024-4583-2440	2440	rough wool	rough wool		
Zalizniak-2024-4583-2441	2441	rough, uneven	rough, uneven	1923	ROUGH
Zalizniak-2024-4583-2442	2442	round (adj.)	round (adj.)	1395	ROUND
Zalizniak-2024-4583-2443	2443	round object	round object		
Zalizniak-2024-4583-2444	2444	rowan	rowan		
Zalizniak-2024-4583-2445	2445	rubber	rubber	4064	RUBBER
Zalizniak-2024-4583-2446	2446	ruby (stone)	ruby (stone)		
Zalizniak-2024-4583-2447	2447	rudder (of a boat)	rudder (of a boat)	108	RUDDER
Zalizniak-2024-4583-2448	2448	*rude, impolite	rude, impolite		
Zalizniak-2024-4583-2449	2449	ruff	ruff		
Zalizniak-2024-4583-2450	2450	ruff (bird)	ruff (bird)		
Zalizniak-2024-4583-2451	2451	ruff (fish)	ruff (fish)		
Zalizniak-2024-4583-2452	2452	rule, regulations	rule, regulations		
Zalizniak-2024-4583-2453	2453	rumour	rumour	63	RUMOUR
Zalizniak-2024-4583-2454	2454	runner	runner		
Zalizniak-2024-4583-2455	2455	rural	rural		
Zalizniak-2024-4583-2456	2456	rush (plant)	rush (plant)		
Zalizniak-2024-4583-2457	2457	Russian	Russian		
Zalizniak-2024-4583-2458	2458	Russian desman	Russian desman		
Zalizniak-2024-4583-2459	2459	rust (n.)	rust (n.)	3064	RUST
Zalizniak-2024-4583-2460	2460	rust (plant disease)	rust (plant disease)		
Zalizniak-2024-4583-2461	2461	rusty	rusty		
Zalizniak-2024-4583-2462	2462	rut	rut		
Zalizniak-2024-4583-2463	2463	rye	rye	23	RYE
Zalizniak-2024-4583-2464	2464	rye bread	rye bread		
Zalizniak-2024-4583-2465	2465	salmon	&lt;salmon&gt;	944	SALMON
Zalizniak-2024-4583-2466	2466	small artifact	&lt;small artifact&gt;		
Zalizniak-2024-4583-2467	2467	*small insect	&lt;small insect&gt;		
Zalizniak-2024-4583-2468	2468	sturgeon	&lt;sturgeon&gt;	3606	STURGEON
Zalizniak-2024-4583-2469	2469	swimming bird	&lt;swimming bird&gt;		
Zalizniak-2024-4583-2470	2470	sabbath	sabbath		
Zalizniak-2024-4583-2471	2471	sable	sable		
Zalizniak-2024-4583-2472	2472	sabrefish	sabrefish		
Zalizniak-2024-4583-2473	2473	sack, bag	sack, bag		
Zalizniak-2024-4583-2474	2474	sacred, holy	sacred, holy	1702	HOLY
Zalizniak-2024-4583-2475	2475	sacrifice	sacrifice	1103	SACRIFICE
Zalizniak-2024-4583-2476	2476	sacrum (bone)	sacrum (bone)		
Zalizniak-2024-4583-2477	2477	sad	sad	699	SAD
Zalizniak-2024-4583-2478	2478	saddle	saddle	3065	SADDLE
Zalizniak-2024-4583-2479	2479	saddleback	saddleback		
Zalizniak-2024-4583-2480	2480	sadness	sadness	3854	SADNESS
Zalizniak-2024-4583-2481	2481	safety	safety	4085	SAFETY
Zalizniak-2024-4583-2482	2482	saffron	saffron		
Zalizniak-2024-4583-2483	2483	Sagittarius	Sagittarius		
Zalizniak-2024-4583-2484	2484	saiga antelope	saiga antelope		
Zalizniak-2024-4583-2485	2485	sail (n.)	sail (n.)	786	SAILCLOTH
Zalizniak-2024-4583-2486	2486	*sailor	sailor	4050	SAILOR
Zalizniak-2024-4583-2487	2487	saint	saint		
Zalizniak-2024-4583-2488	2488	Saint Demetrius	Saint Demetrius		
Zalizniak-2024-4583-2489	2489	Saint George’s Day	Saint George’s Day		
Zalizniak-2024-4583-2490	2490	Saint Nicholas	Saint Nicholas	2404	SANTA CLAUS
Zalizniak-2024-4583-2491	2491	Saint-John's-wort (Hypericum)	Saint-John&#39;s-wort (Hypericum)		
Zalizniak-2024-4583-2492	2492	salad	salad	4041	SALAD
Zalizniak-2024-4583-2493	2493	salary	salary	1122	WAGES
Zalizniak-2024-4583-2494	2494	salsify	salsify		
Zalizniak-2024-4583-2495	2495	salt	salt	1274	SALT
Zalizniak-2024-4583-2496	2496	salty	salty	1091	SALTY
Zalizniak-2024-4583-2497	2497	Samhain	Samhain		
Zalizniak-2024-4583-2498	2498	Samsara	Samsara		
Zalizniak-2024-4583-2499	2499	sand	sand	671	SAND
Zalizniak-2024-4583-2500	2500	sap (of a plant)	sap (of a plant)	345	SAP
Zalizniak-2024-4583-2501	2501	sapling	sapling		
Zalizniak-2024-4583-2502	2502	sapwood, alburnum	sapwood, alburnum		
Zalizniak-2024-4583-2503	2503	sarcastic	sarcastic		
Zalizniak-2024-4583-2504	2504	sated with food	sated with food		
Zalizniak-2024-4583-2505	2505	satellite of a planet	satellite of a planet		
Zalizniak-2024-4583-2506	2506	sati (Hindu practice)	sati (Hindu practice)		
Zalizniak-2024-4583-2507	2507	satintails (Imperata)	satintails (Imperata)		
Zalizniak-2024-4583-2508	2508	saturated (of colour)	saturated (of colour)		
Zalizniak-2024-4583-2509	2509	saturated (with something)	saturated (with something)		
Zalizniak-2024-4583-2510	2510	Saturday	Saturday	1700	SATURDAY
Zalizniak-2024-4583-2511	2511	Saturn	Saturn		
Zalizniak-2024-4583-2512	2512	sausage	sausage	1874	SAUSAGE
Zalizniak-2024-4583-2513	2513	saw	saw	1948	SAW
Zalizniak-2024-4583-2514	2514	sawdust	sawdust		
Zalizniak-2024-4583-2515	2515	scale insect	scale insect		
Zalizniak-2024-4583-2516	2516	scale, squama	scale, squama	266	SCALE
Zalizniak-2024-4583-2517	2517	scales,  weighing machine	scales,  weighing machine	2783	SCALES (MEASURE INSTRUMENT)
Zalizniak-2024-4583-2518	2518	scandal	scandal		
Zalizniak-2024-4583-2519	2519	scanty, not numerous	scanty, not numerous	542	SCANTY
Zalizniak-2024-4583-2520	2520	*scanty, scarce	scanty, scarce		
Zalizniak-2024-4583-2521	2521	scar	scar	497	SCAR
Zalizniak-2024-4583-2522	2522	scarf	scarf	3066	SCARF OR TURBAN
Zalizniak-2024-4583-2523	2523	*scarlet fever	scarlet fever		
Zalizniak-2024-4583-2524	2524	scarlet pimpernel (Anagallis arvensis)	scarlet pimpernel (Anagallis arvensis)		
Zalizniak-2024-4583-2525	2525	scatterbrain	scatterbrain		
Zalizniak-2024-4583-2526	2526	scissors	scissors	356	SHEARS
Zalizniak-2024-4583-2527	2527	scorpion	scorpion	1538	SCORPION
Zalizniak-2024-4583-2528	2528	Scorpius	Scorpius		
Zalizniak-2024-4583-2529	2529	scoundrel	scoundrel		
Zalizniak-2024-4583-2530	2530	screen (in cinema)	screen (in cinema)		
Zalizniak-2024-4583-2531	2531	screen, cover	screen, cover		
Zalizniak-2024-4583-2532	2532	screw, screw-bolt	screw, screw-bolt	1802	SCREW
Zalizniak-2024-4583-2533	2533	scrotum	scrotum	2834	SCROTUM
Zalizniak-2024-4583-2534	2534	scythe	scythe	20	SCYTHE
Zalizniak-2024-4583-2535	2535	sea	sea	1474	SEA
Zalizniak-2024-4583-2536	2536	seagull	seagull	950	SEAGULL
Zalizniak-2024-4583-2537	2537	seahorse (Hippocampus)	seahorse (Hippocampus)	2586	SEAHORSE
Zalizniak-2024-4583-2538	2538	seal (animal)	seal (animal)	651	SEAL
Zalizniak-2024-4583-2539	2539	seal, stamp	seal, stamp		
Zalizniak-2024-4583-2540	2540	season (of the year)	season (of the year)	691	SEASON
Zalizniak-2024-4583-2541	2541	seasonal flooding	seasonal flooding		
Zalizniak-2024-4583-2542	2542	seat, chair	seat, chair	1476	CHAIR
Zalizniak-2024-4583-2543	2543	second (measure of time)	second (measure of time)		
Zalizniak-2024-4583-2544	2544	second (num.)	second (num.)	1384	SECOND
Zalizniak-2024-4583-2545	2545	second wife	second wife		
Zalizniak-2024-4583-2546	2546	secret	secret	1121	SECRET
Zalizniak-2024-4583-2547	2547	secret (n)	secret (n)		
Zalizniak-2024-4583-2548	2548	*secret; covert	secret; covert		
Zalizniak-2024-4583-2549	2549	sediment	sediment		
Zalizniak-2024-4583-2550	2550	seesaw	seesaw		
Zalizniak-2024-4583-2551	2551	self	self	1993	SELF
Zalizniak-2024-4583-2552	2552	sense of smell	sense of smell	2520	SMELLING (OLFACTORY SENSE)
Zalizniak-2024-4583-2553	2553	sense, perception	sense, perception		
Zalizniak-2024-4583-2554	2554	sensitive	sensitive		
Zalizniak-2024-4583-2555	2555	sensitive (instrument)	sensitive (instrument)		
Zalizniak-2024-4583-2556	2556	sensitive (person)	sensitive (person)		
Zalizniak-2024-4583-2557	2557	sensitive, keen (of hearing)	sensitive, keen (of hearing)		
Zalizniak-2024-4583-2558	2558	*sentence (by a court)	sentence (by a court)		
Zalizniak-2024-4583-2559	2559	separate (adj.)	separate (adj.)		
Zalizniak-2024-4583-2560	2560	separately	separately		
Zalizniak-2024-4583-2561	2561	September	September	2852	SEPTEMBER
Zalizniak-2024-4583-2562	2562	servant	servant	255	SERVANT
Zalizniak-2024-4583-2563	2563	service, good turn	service, good turn		
Zalizniak-2024-4583-2564	2564	seven	seven	1704	SEVEN
Zalizniak-2024-4583-2565	2565	seventy	seventy	1721	SEVENTY
Zalizniak-2024-4583-2566	2566	*several	several		
Zalizniak-2024-4583-2567	2567	severe (about pain)	severe (about pain)		
Zalizniak-2024-4583-2568	2568	severe, harsh	severe, harsh	419	SEVERE
Zalizniak-2024-4583-2569	2569	sexual partner	sexual partner		
Zalizniak-2024-4583-2570	2570	sexually attractive	sexually attractive		
Zalizniak-2024-4583-2571	2571	sexually transmitted disease	sexually transmitted disease		
Zalizniak-2024-4583-2572	2572	shadberry	shadberry		
Zalizniak-2024-4583-2573	2573	*shade	shade		
Zalizniak-2024-4583-2574	2574	shadow	shadow	2275	SHADOW
Zalizniak-2024-4583-2575	2575	*shadow	shadow		
Zalizniak-2024-4583-2576	2576	shadow side	shadow side		
Zalizniak-2024-4583-2577	2577	shadow theatre	shadow theatre		
Zalizniak-2024-4583-2578	2578	shahada	shahada		
Zalizniak-2024-4583-2579	2579	shallow	shallow	193	SHALLOW
Zalizniak-2024-4583-2580	2580	shaman	shaman	394	SHAMAN (FOLK HEALER)
Zalizniak-2024-4583-2581	2581	shaman hand drum	shaman hand drum		
Zalizniak-2024-4583-2582	2582	shame	shame	1776	SHAME
Zalizniak-2024-4583-2583	2583	shape, form	shape, form	3747	SHAPE
Zalizniak-2024-4583-2584	2584	shapeless	shapeless		
Zalizniak-2024-4583-2585	2585	share; stock	share; stock		
Zalizniak-2024-4583-2586	2586	shark	shark	1110	SHARK
Zalizniak-2024-4583-2587	2587	sharp	sharp	1396	SHARP
Zalizniak-2024-4583-2588	2588	sharp point	sharp point	2992	TIP (OF OBJECT)
Zalizniak-2024-4583-2589	2589	sharpshooter	sharpshooter		
Zalizniak-2024-4583-2590	2590	sheaf	sheaf		
Zalizniak-2024-4583-2591	2591	sheath	sheath	3424	SHEATH
Zalizniak-2024-4583-2592	2592	sheep	sheep	1331	SHEEP
Zalizniak-2024-4583-2593	2593	sheet of paper	sheet of paper		
Zalizniak-2024-4583-2594	2594	shell (of an egg)	shell (of an egg)		
Zalizniak-2024-4583-2595	2595	shell (of mollusc)	shell (of mollusc)	598	SHELL
Zalizniak-2024-4583-2596	2596	shepherd	shepherd	2544	SHEPHERD
Zalizniak-2024-4583-2597	2597	shepherd's pipe (musical instrument)	shepherd&#39;s pipe (musical instrument)		
Zalizniak-2024-4583-2598	2598	Shevat	Shevat		
Zalizniak-2024-4583-2599	2599	shield	shield	1064	SHIELD
Zalizniak-2024-4583-2600	2600	shin	shin	186	SHIN
Zalizniak-2024-4583-2601	2601	shinbone	shinbone		
Zalizniak-2024-4583-2602	2602	shine (n.)	shine (n.)	2236	SHINE (EMITTED LIGHT)
Zalizniak-2024-4583-2603	2603	ship's bells	ship&#39;s bells		
Zalizniak-2024-4583-2604	2604	ship, vessel	ship, vessel	740	SHIP
Zalizniak-2024-4583-2605	2605	shirt	shirt	1622	SHIRT
Zalizniak-2024-4583-2606	2606	shive	shive		
Zalizniak-2024-4583-2607	2607	shoal	shoal		
Zalizniak-2024-4583-2608	2608	shoehorn	shoehorn		
Zalizniak-2024-4583-2609	2609	shoes' soles	shoes&#39; soles		
Zalizniak-2024-4583-2610	2610	shooter	shooter		
Zalizniak-2024-4583-2611	2611	shooting target	shooting target		
Zalizniak-2024-4583-2612	2612	shop	shop	746	SHOP
Zalizniak-2024-4583-2613	2613	short (size)	short (size)	1645	SHORT
Zalizniak-2024-4583-2614	2614	short person	short person		
Zalizniak-2024-4583-2615	2615	*short, brief	short, brief		
Zalizniak-2024-4583-2616	2616	shortly	shortly		
Zalizniak-2024-4583-2617	2617	should, ought to	should, ought to		
Zalizniak-2024-4583-2618	2618	shoulder	shoulder	1482	SHOULDER
Zalizniak-2024-4583-2619	2619	shoulder pole	shoulder pole	3432	SHOULDER POLE
Zalizniak-2024-4583-2620	2620	shoulder-blade, scapula	shoulder-blade, scapula	172	SHOULDERBLADE
Zalizniak-2024-4583-2621	2621	shout, scream	shout, scream		
Zalizniak-2024-4583-2622	2622	shower head	shower head		
Zalizniak-2024-4583-2623	2623	shrike	shrike		
Zalizniak-2024-4583-2624	2624	shrimp, prawn	shrimp, prawn	2686	CRUSTACEANS (PRAWNS OR SHRIMP)
Zalizniak-2024-4583-2625	2625	shuttle (in a sewing machine)	shuttle (in a sewing machine)		
Zalizniak-2024-4583-2626	2626	shuttle (weaving instrument)	shuttle (weaving instrument)	543	SHUTTLE
Zalizniak-2024-4583-2627	2627	shy	shy	487	SHY
Zalizniak-2024-4583-2628	2628	Siberian cedar (kedar)	Siberian cedar (kedar)		
Zalizniak-2024-4583-2629	2629	Siberian flying squirrel	Siberian flying squirrel		
Zalizniak-2024-4583-2630	2630	siberian jay	siberian jay		
Zalizniak-2024-4583-2631	2631	Siberian weasel (Mustela sibirica)	Siberian weasel (Mustela sibirica)		
Zalizniak-2024-4583-2632	2632	*sibling	sibling		
Zalizniak-2024-4583-2633	2633	sibling of opposite sex	sibling of opposite sex		
Zalizniak-2024-4583-2634	2634	sick, ill	sick, ill	1847	SICK
Zalizniak-2024-4583-2635	2635	sickle	sickle	341	SICKLE
Zalizniak-2024-4583-2636	2636	side (n.)	side (n.)	682	SIDE
Zalizniak-2024-4583-2637	2637	side of a coin	side of a coin		
Zalizniak-2024-4583-2638	2638	siege engine	siege engine		
Zalizniak-2024-4583-2639	2639	sieve (n.)	sieve (n.)	3353	SIEVE (TOOL)
Zalizniak-2024-4583-2640	2640	sigh	sigh		
Zalizniak-2024-4583-2641	2641	sign, designation	sign, designation	1720	SIGN
Zalizniak-2024-4583-2642	2642	*sign, omen	sign, omen		
Zalizniak-2024-4583-2643	2643	signature	signature		
Zalizniak-2024-4583-2644	2644	silence	silence	3458	SILENCE
Zalizniak-2024-4583-2645	2645	silent	silent	48	BE SILENT
Zalizniak-2024-4583-2646	2646	silver	silver	759	SILVER
Zalizniak-2024-4583-2647	2647	simple	simple	686	EASY
Zalizniak-2024-4583-2648	2648	simultaneously	simultaneously		
Zalizniak-2024-4583-2649	2649	sin	sin	2971	SIN
Zalizniak-2024-4583-2650	2650	since	since		
Zalizniak-2024-4583-2651	2651	single-eyed	single-eyed		
Zalizniak-2024-4583-2652	2652	*sink (basin for holding water for washing)	sink (basin for holding water for washing)		
Zalizniak-2024-4583-2653	2653	sinus (math.)	sinus (math.)		
Zalizniak-2024-4583-2654	2654	sir	sir		
Zalizniak-2024-4583-2655	2655	siskin	siskin		
Zalizniak-2024-4583-2656	2656	sister	sister	1263	SISTER
Zalizniak-2024-4583-2657	2657	*sister's husband	sister&#39;s husband		
Zalizniak-2024-4583-2658	2658	sister-in-law	sister-in-law	2317	SISTER-IN-LAW
Zalizniak-2024-4583-2659	2659	sixth	sixth		
Zalizniak-2024-4583-2660	2660	sizing tool	sizing tool		
Zalizniak-2024-4583-2661	2661	skeleton	skeleton	2668	SKELETON
Zalizniak-2024-4583-2662	2662	skilful, dexterous	skilful, dexterous	1824	DEXTEROUS
Zalizniak-2024-4583-2663	2663	skill	skill		
Zalizniak-2024-4583-2664	2664	skilled artisan	skilled artisan		
Zalizniak-2024-4583-2665	2665	skin (of a person)	skin (of a person)	2613	SKIN (HUMAN)
Zalizniak-2024-4583-2666	2666	skin (of an animal)	skin (of an animal)	2614	SKIN (ANIMAL)
Zalizniak-2024-4583-2667	2667	skirt	skirt	1600	SKIRT
Zalizniak-2024-4583-2668	2668	skull	skull	1605	SKULL
Zalizniak-2024-4583-2669	2669	*skull	skull		
Zalizniak-2024-4583-2670	2670	skunk	skunk	3888	SKUNK
Zalizniak-2024-4583-2671	2671	sky	sky	1732	SKY
Zalizniak-2024-4583-2672	2672	slag, scoria	slag, scoria		
Zalizniak-2024-4583-2673	2673	*slander	slander		
Zalizniak-2024-4583-2674	2674	slattern	slattern		
Zalizniak-2024-4583-2675	2675	slaughter	slaughter		
Zalizniak-2024-4583-2676	2676	slave	slave	812	SLAVE
Zalizniak-2024-4583-2677	2677	sleeping	sleeping	1585	SLEEP
Zalizniak-2024-4583-2678	2678	sleeve	sleeve	2953	SLEEVE
Zalizniak-2024-4583-2679	2679	sleigh	sleigh	16	SLED
Zalizniak-2024-4583-2680	2680	sling (weapon)	sling (weapon)	387	SLING
Zalizniak-2024-4583-2681	2681	slingshot	slingshot	4146	SLINGSHOT
Zalizniak-2024-4583-2682	2682	slippery	slippery	3702	SLIPPERY
Zalizniak-2024-4583-2683	2683	slippery jack (Suillus luteus)	slippery jack (Suillus luteus)		
Zalizniak-2024-4583-2684	2684	sloth (South American mammal)	sloth (South American mammal)	2446	SLOTH
Zalizniak-2024-4583-2685	2685	slow (adj.)	slow (adj.)	701	SLOW
Zalizniak-2024-4583-2686	2686	slug	slug	1543	SNAIL
Zalizniak-2024-4583-2687	2687	small (amount)	small (amount)		
Zalizniak-2024-4583-2688	2688	small object	small object		
Zalizniak-2024-4583-2689	2689	small quantity of something	small quantity of something		
Zalizniak-2024-4583-2690	2690	small tortoise-shell (Aglais urticae)	small tortoise-shell (Aglais urticae)		
Zalizniak-2024-4583-2691	2691	smallpox	smallpox	1054	SMALLPOX
Zalizniak-2024-4583-2692	2692	*smart	smart		
Zalizniak-2024-4583-2693	2693	smell (n.)	smell (n.)	3704	ODOR (SMELL)
Zalizniak-2024-4583-2694	2694	smell of cattle	smell of cattle		
Zalizniak-2024-4583-2695	2695	smoke	smoke	778	SMOKE (EXHAUST)
Zalizniak-2024-4583-2696	2696	smoke hole in a tent-like home	smoke hole in a tent-like home		
Zalizniak-2024-4583-2697	2697	smooth	smooth	1234	SMOOTH
Zalizniak-2024-4583-2698	2698	smooth snake	smooth snake		
Zalizniak-2024-4583-2699	2699	smut (plant disease)	smut (plant disease)		
Zalizniak-2024-4583-2700	2700	*snail	snail		
Zalizniak-2024-4583-2701	2701	snake	snake	730	SNAKE
Zalizniak-2024-4583-2702	2702	snipe (Gallinago)	snipe (Gallinago)		
Zalizniak-2024-4583-2703	2703	snot	snot	208	NASAL MUCUS (SNOT)
Zalizniak-2024-4583-2704	2704	*snout	snout		
Zalizniak-2024-4583-2705	2705	snow	snow	784	SNOW
Zalizniak-2024-4583-2706	2706	snow bunting	snow bunting		
Zalizniak-2024-4583-2707	2707	snow-crust	snow-crust		
Zalizniak-2024-4583-2708	2708	snowball tree, guelder-rose, viburnum	snowball tree, guelder-rose, viburnum		
Zalizniak-2024-4583-2709	2709	snub-nosed	snub-nosed		
Zalizniak-2024-4583-2710	2710	*snuff (tobacco)	snuff (tobacco)		
Zalizniak-2024-4583-2711	2711	soaked in sauce	soaked in sauce		
Zalizniak-2024-4583-2712	2712	sober	sober	69	SOBER
Zalizniak-2024-4583-2713	2713	socialist or communist	socialist or communist		
Zalizniak-2024-4583-2714	2714	sock	sock	1522	SOCK
Zalizniak-2024-4583-2715	2715	sod (stratum of soil)	sod (stratum of soil)		
Zalizniak-2024-4583-2716	2716	soft (adj.)	soft (adj.)	1856	SOFT
Zalizniak-2024-4583-2717	2717	soldering iron	soldering iron		
Zalizniak-2024-4583-2718	2718	soldier	soldier	1941	SOLDIER
Zalizniak-2024-4583-2719	2719	*soldier	soldier		
Zalizniak-2024-4583-2720	2720	soldier (plan, Stratiotes)	soldier (plan, Stratiotes)		
Zalizniak-2024-4583-2721	2721	soldier who is approaching demobilization	soldier who is approaching demobilization		
Zalizniak-2024-4583-2722	2722	sole (of shoe)	sole (of shoe)		
Zalizniak-2024-4583-2723	2723	sole, unique	sole, unique		
Zalizniak-2024-4583-2724	2724	solid crust on snow	solid crust on snow		
Zalizniak-2024-4583-2725	2725	*solid, entire, continuous	solid, entire, continuous		
Zalizniak-2024-4583-2726	2726	some	some	1241	SOME
Zalizniak-2024-4583-2727	2727	something bad	something bad		
Zalizniak-2024-4583-2728	2728	son	son	1620	SON
Zalizniak-2024-4583-2729	2729	*son-in-law	son-in-law		
Zalizniak-2024-4583-2730	2730	song	song	1096	SONG
Zalizniak-2024-4583-2731	2731	sonorous	sonorous		
Zalizniak-2024-4583-2732	2732	soon	soon	703	SOON
Zalizniak-2024-4583-2733	2733	sooner	sooner		
Zalizniak-2024-4583-2734	2734	soot	soot	830	SOOT
Zalizniak-2024-4583-2735	2735	sorghum	sorghum	347	SORGHUM
Zalizniak-2024-4583-2736	2736	sorrel	sorrel		
Zalizniak-2024-4583-2737	2737	soul	soul	811	SOUL
Zalizniak-2024-4583-2738	2738	sound	sound	2879	SOUND (OF INSTRUMENT OR VOICE)
Zalizniak-2024-4583-2739	2739	sound of a kiss	sound of a kiss		
Zalizniak-2024-4583-2740	2740	*sour	sour		
Zalizniak-2024-4583-2741	2741	source (of a river)	source (of a river)	849	SPRING (OF WATER)
Zalizniak-2024-4583-2742	2742	sourdough	sourdough		
Zalizniak-2024-4583-2743	2743	soured milk	soured milk		
Zalizniak-2024-4583-2744	2744	South	South	1595	SOUTH
Zalizniak-2024-4583-2745	2745	space	space	3006	SPACE (AVAILABLE)
Zalizniak-2024-4583-2746	2746	*spacious	spacious		
Zalizniak-2024-4583-2747	2747	spade, shovel	spade, shovel	1176	SPADE
Zalizniak-2024-4583-2748	2748	spades (in cards)	spades (in cards)		
Zalizniak-2024-4583-2749	2749	spark	spark	518	SPARK
Zalizniak-2024-4583-2750	2750	spark plug	spark plug		
Zalizniak-2024-4583-2751	2751	sparkling wine	sparkling wine		
Zalizniak-2024-4583-2752	2752	sparrow	sparrow	1854	SPARROW
Zalizniak-2024-4583-2753	2753	sparse	sparse	207	SPARSE
Zalizniak-2024-4583-2754	2754	spawn, roe	spawn, roe		
Zalizniak-2024-4583-2755	2755	spawning	spawning		
Zalizniak-2024-4583-2756	2756	spear	spear	945	SPEAR
Zalizniak-2024-4583-2757	2757	spectacles	spectacles	1898	SPECTACLES
Zalizniak-2024-4583-2758	2758	speech	speech	1115	SPEECH
Zalizniak-2024-4583-2759	2759	speed, velocity	speed, velocity		
Zalizniak-2024-4583-2760	2760	sperm	sperm	1505	SPERM
Zalizniak-2024-4583-2761	2761	sphere; ball	sphere; ball	1845	BALL
Zalizniak-2024-4583-2762	2762	spice	spice		
Zalizniak-2024-4583-2763	2763	spicy	spicy	544	SPICY
Zalizniak-2024-4583-2764	2764	spider	spider	843	SPIDER
Zalizniak-2024-4583-2765	2765	spider web	spider web	1065	SPIDER WEB
Zalizniak-2024-4583-2766	2766	spinach (Spinacia)	spinach (Spinacia)	975	SPINACH
Zalizniak-2024-4583-2767	2767	spinal cord	spinal cord		
Zalizniak-2024-4583-2768	2768	spindle	spindle	277	SPINDLE
Zalizniak-2024-4583-2769	2769	spindle (Euonymus)	spindle (Euonymus)		
Zalizniak-2024-4583-2770	2770	*spine, backbone	spine, backbone		
Zalizniak-2024-4583-2771	2771	spineless person	spineless person		
Zalizniak-2024-4583-2772	2772	spiral	spiral		
Zalizniak-2024-4583-2773	2773	spirit (supernatural being)	spirit (supernatural being)	53	SPIRIT
Zalizniak-2024-4583-2774	2774	spit, saliva	spit, saliva	1503	SALIVA
Zalizniak-2024-4583-2775	2775	spleen (anat.)	spleen (anat.)	1744	SPLEEN
Zalizniak-2024-4583-2776	2776	splinter (group of people)	splinter (group of people)		
Zalizniak-2024-4583-2777	2777	splinter (wood fragment)	splinter (wood fragment)	124	THORN
Zalizniak-2024-4583-2778	2778	split (gymnastics)	split (gymnastics)		
Zalizniak-2024-4583-2779	2779	spoke of wheel	spoke of wheel	182	SPOKE
Zalizniak-2024-4583-2780	2780	sponge	sponge		
Zalizniak-2024-4583-2781	2781	spool	spool		
Zalizniak-2024-4583-2782	2782	spoon	spoon	1378	SPOON
Zalizniak-2024-4583-2783	2783	spot of reflected light	spot of reflected light		
Zalizniak-2024-4583-2784	2784	spot, pip (on playing cards or dice)	spot, pip (on playing cards or dice)		
Zalizniak-2024-4583-2785	2785	spot, stain	spot, stain	519	SPOT
Zalizniak-2024-4583-2786	2786	spotted	spotted		
Zalizniak-2024-4583-2787	2787	spout of vessel	spout of vessel		
Zalizniak-2024-4583-2788	2788	spring (mechanical device)	spring (mechanical device)		
Zalizniak-2024-4583-2789	2789	spring (season)	spring (season)	1537	SPRINGTIME
Zalizniak-2024-4583-2790	2790	spring ice drift	spring ice drift		
Zalizniak-2024-4583-2791	2791	*spring, fountain	spring, fountain		
Zalizniak-2024-4583-2792	2792	sprout	sprout	3358	SPROUT (SHOOT)
Zalizniak-2024-4583-2793	2793	spruce (Picea)	spruce (Picea)	545	SPRUCE
Zalizniak-2024-4583-2794	2794	spur (for horse)	spur (for horse)		
Zalizniak-2024-4583-2795	2795	spur of mountain	spur of mountain		
Zalizniak-2024-4583-2796	2796	spurge (Euphorbia)	spurge (Euphorbia)		
Zalizniak-2024-4583-2797	2797	spy	spy		
Zalizniak-2024-4583-2798	2798	square (geometrical)	square (geometrical)	850	SQUARE
Zalizniak-2024-4583-2799	2799	square (in a town)	square (in a town)		
Zalizniak-2024-4583-2800	2800	squid	squid	4142	SQUID
Zalizniak-2024-4583-2801	2801	squint-eyed	squint-eyed	87	SQUINT-EYED
Zalizniak-2024-4583-2802	2802	squirrel (Sciurus)	squirrel (Sciurus)	1628	SQUIRREL
Zalizniak-2024-4583-2803	2803	St. Andrew	St. Andrew		
Zalizniak-2024-4583-2804	2804	stable	stable	851	STABLE
Zalizniak-2024-4583-2805	2805	stage, phase	stage, phase		
Zalizniak-2024-4583-2806	2806	stairs, ladder	stairs, ladder	2689	LADDER OR STAIRS
Zalizniak-2024-4583-2807	2807	*stale	stale		
Zalizniak-2024-4583-2808	2808	stallion	stallion	936	STALLION
Zalizniak-2024-4583-2809	2809	stamen	stamen		
Zalizniak-2024-4583-2810	2810	stammerer	stammerer		
Zalizniak-2024-4583-2811	2811	standart-bearer	standart-bearer		
Zalizniak-2024-4583-2812	2812	star	star	1430	STAR
Zalizniak-2024-4583-2813	2813	starfish	starfish	3032	STARFISH
Zalizniak-2024-4583-2814	2814	state (sovereign polity)	state (sovereign polity)	2955	STATE (POLITICS)
Zalizniak-2024-4583-2815	2815	state, situation	state, situation		
Zalizniak-2024-4583-2816	2816	steam, vapour	steam, vapour	1193	STEAM
Zalizniak-2024-4583-2817	2817	steel	steel	2343	STEEL
Zalizniak-2024-4583-2818	2818	*steep	steep		
Zalizniak-2024-4583-2819	2819	stem (of a plant)	stem (of a plant)	2628	PLANT STEM
Zalizniak-2024-4583-2820	2820	*stench	stench		
Zalizniak-2024-4583-2821	2821	step (of a staircase, step-ladder)	step (of a staircase, step-ladder)	1158	STEP
Zalizniak-2024-4583-2822	2822	step, pace	step, pace		
Zalizniak-2024-4583-2823	2823	stepfather	stepfather	237	STEPFATHER
Zalizniak-2024-4583-2824	2824	stepmother	stepmother	236	STEPMOTHER
Zalizniak-2024-4583-2825	2825	steppe polecat (Mustela eversmanii)	steppe polecat (Mustela eversmanii)		
Zalizniak-2024-4583-2826	2826	steppe, plain	steppe, plain	652	PLAIN
Zalizniak-2024-4583-2827	2827	stepson	stepson	1059	STEPSON
Zalizniak-2024-4583-2828	2828	sterile	sterile		
Zalizniak-2024-4583-2829	2829	sterlet	sterlet		
Zalizniak-2024-4583-2830	2830	stern	stern		
Zalizniak-2024-4583-2831	2831	sternum, breastbone	sternum, breastbone	2810	BREASTBONE
Zalizniak-2024-4583-2832	2832	stick (n.)	stick (n.)	1295	STICK
Zalizniak-2024-4583-2833	2833	sticky	sticky	3703	STICKY
Zalizniak-2024-4583-2834	2834	still (adv.)	still (adv.)	2919	STILL (CONTINUING)
Zalizniak-2024-4583-2835	2835	sting (n.)	sting (n.)		
Zalizniak-2024-4583-2836	2836	stingray	stingray	1910	STINGRAY
Zalizniak-2024-4583-2837	2837	stingy	stingy	1774	STINGY
Zalizniak-2024-4583-2838	2838	stirrup	stirrup		
Zalizniak-2024-4583-2839	2839	stitch	stitch		
Zalizniak-2024-4583-2840	2840	stoker	stoker		
Zalizniak-2024-4583-2841	2841	stolen	stolen		
Zalizniak-2024-4583-2842	2842	stomach	stomach	819	STOMACH
Zalizniak-2024-4583-2843	2843	stone (material)	stone (material)	857	STONE
Zalizniak-2024-4583-2844	2844	stone (of a fruit)	stone (of a fruit)	1762	STONE (OF FRUIT)
Zalizniak-2024-4583-2845	2845	*stone (of a fruit)	stone (of a fruit)		
Zalizniak-2024-4583-2846	2846	stone (piece of rock)	stone (piece of rock)	2125	STONE OR ROCK
Zalizniak-2024-4583-2847	2847	stone in a ring	stone in a ring		
Zalizniak-2024-4583-2848	2848	stone loach (Barbatula barbatula)	stone loach (Barbatula barbatula)		
Zalizniak-2024-4583-2849	2849	stop, stand (n.)	stop, stand (n.)		
Zalizniak-2024-4583-2850	2850	stopper, plug	stopper, plug		
Zalizniak-2024-4583-2851	2851	storehouse; depo	storehouse; depo	3399	WAREHOUSE
Zalizniak-2024-4583-2852	2852	stork (Ciconia)	stork (Ciconia)	3724	STORK
Zalizniak-2024-4583-2853	2853	storm	storm	858	STORM
Zalizniak-2024-4583-2854	2854	*stormy (of weather)	stormy (of weather)		
Zalizniak-2024-4583-2855	2855	story	story	2060	STORY
Zalizniak-2024-4583-2856	2856	stove	stove	859	STOVE
Zalizniak-2024-4583-2857	2857	straight	straight	1404	STRAIGHT
Zalizniak-2024-4583-2858	2858	strain (microbiology)	strain (microbiology)		
Zalizniak-2024-4583-2859	2859	strait	strait	1661	STRAIT
Zalizniak-2024-4583-2860	2860	strange	strange	600	STRANGE
Zalizniak-2024-4583-2861	2861	*stranger, foreign	stranger, foreign		
Zalizniak-2024-4583-2862	2862	strangles (equine distemper)	strangles (equine distemper)		
Zalizniak-2024-4583-2863	2863	straw	straw	2299	STRAW
Zalizniak-2024-4583-2864	2864	strawberry (Fragaria moschata)	strawberry (Fragaria moschata)	3138	STRAWBERRY
Zalizniak-2024-4583-2865	2865	street	street	1362	STREET
Zalizniak-2024-4583-2866	2866	strength	strength	202	STRENGTH
Zalizniak-2024-4583-2867	2867	strike of lightning	strike of lightning	2007	BOLT (OF LIGHTNING)
Zalizniak-2024-4583-2868	2868	string (of a musical instrument)	string (of a musical instrument)		
Zalizniak-2024-4583-2869	2869	strong	strong	785	STRONG
Zalizniak-2024-4583-2870	2870	strong (of liquid or smell)	strong (of liquid or smell)	510	STRONG EFFECT
Zalizniak-2024-4583-2871	2871	strong (wind, frost)	strong (wind, frost)		
Zalizniak-2024-4583-2872	2872	strong man (?)	strong man (?)		
Zalizniak-2024-4583-2873	2873	stubborn	stubborn	3634	STUBBORN
Zalizniak-2024-4583-2874	2874	stubborn person	stubborn person		
Zalizniak-2024-4583-2875	2875	stuffy, close	stuffy, close		
Zalizniak-2024-4583-2876	2876	*stump (of tree)	stump (of tree)		
Zalizniak-2024-4583-2877	2877	stupid	stupid	1518	STUPID
Zalizniak-2024-4583-2878	2878	sty (on the eye)	sty (on the eye)		
Zalizniak-2024-4583-2879	2879	subject (education)	subject (education)		
Zalizniak-2024-4583-2880	2880	subject (grammar)	subject (grammar)		
Zalizniak-2024-4583-2881	2881	subordinate (n.)	subordinate (n.)		
Zalizniak-2024-4583-2882	2882	substance	substance		
Zalizniak-2024-4583-2883	2883	substitution	substitution		
Zalizniak-2024-4583-2884	2884	*succesful	succesful		
Zalizniak-2024-4583-2885	2885	sucker (botany)	sucker (botany)	546	SUCKER
Zalizniak-2024-4583-2886	2886	sucker-fish (Catostomidae)	sucker-fish (Catostomidae)		
Zalizniak-2024-4583-2887	2887	sudden	sudden		
Zalizniak-2024-4583-2888	2888	suddenly	suddenly	2920	SUDDENLY
Zalizniak-2024-4583-2889	2889	suet, fat, lard	suet, fat, lard	1282	FAT (FROM ANIMALS)
Zalizniak-2024-4583-2890	2890	suffering	suffering	1101	SUFFER
Zalizniak-2024-4583-2891	2891	suffocation	suffocation		
Zalizniak-2024-4583-2892	2892	sugar	sugar	862	SUGAR
Zalizniak-2024-4583-2893	2893	suitable	suitable		
Zalizniak-2024-4583-2894	2894	sulfur	sulfur		
Zalizniak-2024-4583-2895	2895	summer	summer	1342	SUMMER
Zalizniak-2024-4583-2896	2896	summer solstice, St John's Day	summer solstice, St John&#39;s Day		
Zalizniak-2024-4583-2897	2897	sun	sun	1343	SUN
Zalizniak-2024-4583-2898	2898	*sun	sun		
Zalizniak-2024-4583-2899	2899	sunbeam	sunbeam		
Zalizniak-2024-4583-2900	2900	Sunday	Sunday	1699	SUNDAY
Zalizniak-2024-4583-2901	2901	sundew (Drosera)	sundew (Drosera)		
Zalizniak-2024-4583-2902	2902	sunflower	sunflower	1956	SUNFLOWER
Zalizniak-2024-4583-2903	2903	sunrise	sunrise	2296	SUNRISE
Zalizniak-2024-4583-2904	2904	sunset	sunset	2295	SUNSET
Zalizniak-2024-4583-2905	2905	suntanned	suntanned		
Zalizniak-2024-4583-2906	2906	supervision	supervision		
Zalizniak-2024-4583-2907	2907	support (n.)	support (n.)		
Zalizniak-2024-4583-2908	2908	supporting device	supporting device		
Zalizniak-2024-4583-2909	2909	*sure, confident	sure, confident		
Zalizniak-2024-4583-2910	2910	surface	surface	547	SURFACE
Zalizniak-2024-4583-2911	2911	surface of water	surface of water		
Zalizniak-2024-4583-2912	2912	*surprise	surprise		
Zalizniak-2024-4583-2913	2913	*surprise (emotion)	surprise (emotion)		
Zalizniak-2024-4583-2914	2914	*surprise (stimulus)	surprise (stimulus)		
Zalizniak-2024-4583-2915	2915	surprising	surprising		
Zalizniak-2024-4583-2916	2916	surroundings	surroundings		
Zalizniak-2024-4583-2917	2917	suspicious, questionable	suspicious, questionable		
Zalizniak-2024-4583-2918	2918	swallow (bird)	swallow (bird)	3077	SWALLOW (BIRD)
Zalizniak-2024-4583-2919	2919	swamp	swamp	1145	SWAMP
Zalizniak-2024-4583-2920	2920	swan	swan	2837	SWAN
Zalizniak-2024-4583-2921	2921	swearword	swearword		
Zalizniak-2024-4583-2922	2922	sweat	sweat		
Zalizniak-2024-4583-2923	2923	sweet (taste)	sweet (taste)	717	SWEET
Zalizniak-2024-4583-2924	2924	sweet cherry	sweet cherry		
Zalizniak-2024-4583-2925	2925	sweet clover	sweet clover		
Zalizniak-2024-4583-2926	2926	sweet potato (Ipomoea batatas)	sweet potato (Ipomoea batatas)	159	SWEET POTATO
Zalizniak-2024-4583-2927	2927	sweet-smelling, fragrant	sweet-smelling, fragrant	376	FRAGRANT
Zalizniak-2024-4583-2928	2928	sweetheart	sweetheart		
Zalizniak-2024-4583-2929	2929	sweets, candy	sweets, candy	874	CANDY
Zalizniak-2024-4583-2930	2930	swelling (on skin)	swelling (on skin)	1903	SWELLING
Zalizniak-2024-4583-2931	2931	swift (bird)	swift (bird)		
Zalizniak-2024-4583-2932	2932	swim bladder	swim bladder		
Zalizniak-2024-4583-2933	2933	swing (hanging seat)	swing (hanging seat)	3101	SWING
Zalizniak-2024-4583-2934	2934	sword	sword	1535	SWORD
Zalizniak-2024-4583-2935	2935	syllable	syllable		
Zalizniak-2024-4583-2936	2936	synagogue	synagogue		
Zalizniak-2024-4583-2937	2937	syphilis	syphilis		
Zalizniak-2024-4583-2938	2938	*term of insult	&lt;term of insult&gt;		
Zalizniak-2024-4583-2939	2939	thorny plant	&lt;thorny plant&gt;		
Zalizniak-2024-4583-2940	2940	to treat with a sharp instrument	&lt;to treat with a sharp instrument&gt;		
Zalizniak-2024-4583-2941	2941	tree	&lt;tree&gt;	906	TREE
Zalizniak-2024-4583-2942	2942	*tree	&lt;tree&gt;		
Zalizniak-2024-4583-2943	2943	table (of data)	table (of data)		
Zalizniak-2024-4583-2944	2944	table of contents	table of contents		
Zalizniak-2024-4583-2945	2945	table, desk	table, desk	1775	TABLE
Zalizniak-2024-4583-2946	2946	tablecloth	tablecloth		
Zalizniak-2024-4583-2947	2947	*taciturn	taciturn		
Zalizniak-2024-4583-2948	2948	tactless	tactless		
Zalizniak-2024-4583-2949	2949	tadpole	tadpole	3979	TADPOLE
Zalizniak-2024-4583-2950	2950	Tahitian chestnut	Tahitian chestnut		
Zalizniak-2024-4583-2951	2951	tail	tail	1220	TAIL
Zalizniak-2024-4583-2952	2952	tail fat (of sheep)	tail fat (of sheep)		
Zalizniak-2024-4583-2953	2953	tailed	tailed		
Zalizniak-2024-4583-2954	2954	tailor's thimble	tailor&#39;s thimble		
Zalizniak-2024-4583-2955	2955	talc	talc		
Zalizniak-2024-4583-2956	2956	talent	talent	4084	TALENT
Zalizniak-2024-4583-2957	2957	talisman	talisman		
Zalizniak-2024-4583-2958	2958	talkative person	talkative person	2207	CHATTERER
Zalizniak-2024-4583-2959	2959	tall person	tall person		
Zalizniak-2024-4583-2960	2960	tamarind	tamarind	35	TAMARIND
Zalizniak-2024-4583-2961	2961	tamarisk	tamarisk		
Zalizniak-2024-4583-2962	2962	tambourine	tambourine	3141	TAMBOURINE
Zalizniak-2024-4583-2963	2963	tank (armour)	tank (armour)	3102	TANK
Zalizniak-2024-4583-2964	2964	tank (closed container for liquids)	tank (closed container for liquids)		
Zalizniak-2024-4583-2965	2965	tansy	tansy		
Zalizniak-2024-4583-2966	2966	tap, faucet	tap, faucet	1488	FAUCET
Zalizniak-2024-4583-2967	2967	tapir	tapir	312	TAPIR
Zalizniak-2024-4583-2968	2968	taro	taro	351	TARO
Zalizniak-2024-4583-2969	2969	*tart (taste)	tart (taste)		
Zalizniak-2024-4583-2970	2970	taste (n.)	taste (n.)	2190	TASTE
Zalizniak-2024-4583-2971	2971	tasteless	tasteless	1771	TASTELESS
Zalizniak-2024-4583-2972	2972	tasty	tasty	1813	TASTY
Zalizniak-2024-4583-2973	2973	Taurus	Taurus		
Zalizniak-2024-4583-2974	2974	tayra	tayra		
Zalizniak-2024-4583-2975	2975	tea	tea	1373	TEA
Zalizniak-2024-4583-2976	2976	teacher	teacher	1038	TEACHER
Zalizniak-2024-4583-2977	2977	tears	tears	1651	TEAR (OF EYE)
Zalizniak-2024-4583-2978	2978	telegram	telegram		
Zalizniak-2024-4583-2979	2979	template for making clothes	template for making clothes		
Zalizniak-2024-4583-2980	2980	temple (region of skull)	temple (region of skull)	1604	TEMPLES
Zalizniak-2024-4583-2981	2981	temptation	temptation		
Zalizniak-2024-4583-2982	2982	ten	ten	1515	TEN
Zalizniak-2024-4583-2983	2983	ten thousand	ten thousand	2078	TEN THOUSAND
Zalizniak-2024-4583-2984	2984	tender (adj.)	tender (adj.)		
Zalizniak-2024-4583-2985	2985	tendon	tendon	1137	TENDON
Zalizniak-2024-4583-2986	2986	tendril (of plant)	tendril (of plant)		
Zalizniak-2024-4583-2987	2987	tense (grammar)	tense (grammar)		
Zalizniak-2024-4583-2988	2988	tense, stressful	tense, stressful		
Zalizniak-2024-4583-2989	2989	tent	tent	1316	TENT
Zalizniak-2024-4583-2990	2990	tentacle (of animals)	tentacle (of animals)		
Zalizniak-2024-4583-2991	2991	term (chronological)	term (chronological)		
Zalizniak-2024-4583-2992	2992	term of address to a man	term of address to a man		
Zalizniak-2024-4583-2993	2993	term of address to a married woman	term of address to a married woman		
Zalizniak-2024-4583-2994	2994	term of address to a wife	term of address to a wife		
Zalizniak-2024-4583-2995	2995	term of address to a woman	term of address to a woman		
Zalizniak-2024-4583-2996	2996	term of address with endearment	term of address with endearment		
Zalizniak-2024-4583-2997	2997	term of respectful address among equals	term of respectful address among equals		
Zalizniak-2024-4583-2998	2998	territorial entity	territorial entity		
Zalizniak-2024-4583-2999	2999	testicle	testicle	797	TESTICLES
Zalizniak-2024-4583-3000	3000	textile, cloth	textile, cloth	1616	CLOTH
Zalizniak-2024-4583-3001	3001	Thai crape myrtle	Thai crape myrtle		
Zalizniak-2024-4583-3002	3002	the day after tomorrow	the day after tomorrow	1179	DAY AFTER TOMORROW
Zalizniak-2024-4583-3003	3003	then	then	2921	THEN
Zalizniak-2024-4583-3004	3004	there	there	1937	THERE
Zalizniak-2024-4583-3005	3005	thick	thick	1244	THICK
Zalizniak-2024-4583-3006	3006	thick (of a growth, hair)	thick (of a growth, hair)		
Zalizniak-2024-4583-3007	3007	thief	thief	1160	THIEF
Zalizniak-2024-4583-3008	3008	thigh / hip	thigh / hip		
Zalizniak-2024-4583-3009	3009	thin (of a person)	thin (of a person)	1400	THIN (SLIM)
Zalizniak-2024-4583-3010	3010	thin (of an object)	thin (of an object)	2249	THIN (OF SHAPE OF OBJECT)
Zalizniak-2024-4583-3011	3011	thing	thing	738	THING
Zalizniak-2024-4583-3012	3012	*thing	thing		
Zalizniak-2024-4583-3013	3013	third	third	1859	THIRD
Zalizniak-2024-4583-3014	3014	thirst	thirst	848	THIRST
Zalizniak-2024-4583-3015	3015	this way, like this	this way, like this	1558	SIMILAR
Zalizniak-2024-4583-3016	3016	*thorn	thorn		
Zalizniak-2024-4583-3017	3017	*thought	thought		
Zalizniak-2024-4583-3018	3018	thought, idea	thought, idea	1609	IDEA
Zalizniak-2024-4583-3019	3019	thousand	thousand	1843	THOUSAND
Zalizniak-2024-4583-3020	3020	thread	thread	1161	THREAD
Zalizniak-2024-4583-3021	3021	three times	three times	417	THREE TIMES
Zalizniak-2024-4583-3022	3022	threshing floor	threshing floor		
Zalizniak-2024-4583-3023	3023	threshold	threshold	1727	THRESHOLD
Zalizniak-2024-4583-3024	3024	throat	throat	1346	THROAT
Zalizniak-2024-4583-3025	3025	thrush	thrush		
Zalizniak-2024-4583-3026	3026	thumb	thumb	1781	THUMB
Zalizniak-2024-4583-3027	3027	thunder	thunder	1150	THUNDER
Zalizniak-2024-4583-3028	3028	thunderstorm	thunderstorm		
Zalizniak-2024-4583-3029	3029	Thursday	Thursday	1693	THURSDAY
Zalizniak-2024-4583-3030	3030	thymus	thymus		
Zalizniak-2024-4583-3031	3031	thyroid gland	thyroid gland		
Zalizniak-2024-4583-3032	3032	tick (Acarina)	tick (Acarina)	1527	TICK
Zalizniak-2024-4583-3033	3033	tidy, neat	tidy, neat		
Zalizniak-2024-4583-3034	3034	tiger	tiger	846	TIGER
Zalizniak-2024-4583-3035	3035	tight, taut	tight, taut	3053	TIGHT
Zalizniak-2024-4583-3036	3036	tile	tile	3404	TILE
Zalizniak-2024-4583-3037	3037	timbre	timbre		
Zalizniak-2024-4583-3038	3038	time	time	892	TIME
Zalizniak-2024-4583-3039	3039	time (instance)	time (instance)		
Zalizniak-2024-4583-3040	3040	tin (n.)	tin (n.)	893	TIN (METAL)
Zalizniak-2024-4583-3041	3041	tin, can	tin, can	1051	CAN
Zalizniak-2024-4583-3042	3042	tinea versicolor	tinea versicolor		
Zalizniak-2024-4583-3043	3043	tired	tired	1757	TIRED
Zalizniak-2024-4583-3044	3044	*to a great extent	to a great extent		
Zalizniak-2024-4583-3045	3045	to abate (about wind)	to abate (about wind)		
Zalizniak-2024-4583-3046	3046	to abduct, kidnap a bride	to abduct, kidnap a bride		
Zalizniak-2024-4583-3047	3047	to abolish	to abolish		
Zalizniak-2024-4583-3048	3048	to abscess, to fester (of wound)	to abscess, to fester (of wound)		
Zalizniak-2024-4583-3049	3049	to accelerate	to accelerate		
Zalizniak-2024-4583-3050	3050	to accompany (music)	to accompany (music)		
Zalizniak-2024-4583-3051	3051	to accuse, blame	to accuse, blame	1814	ACCUSE
Zalizniak-2024-4583-3052	3052	to ache	to ache	1815	ACHE
Zalizniak-2024-4583-3053	3053	to acquire	to acquire	3892	ACQUIRE (SOMETHING)
Zalizniak-2024-4583-3054	3054	to acquit	to acquit	988	ACQUIT
Zalizniak-2024-4583-3055	3055	to act according to	to act according to		
Zalizniak-2024-4583-3056	3056	*to act according to	to act according to		
Zalizniak-2024-4583-3057	3057	to add	to add	2882	ADD
Zalizniak-2024-4583-3058	3058	to address (someone)	to address (someone)		
Zalizniak-2024-4583-3059	3059	to adhere, support	to adhere, support		
Zalizniak-2024-4583-3060	3060	to admire	to admire		
Zalizniak-2024-4583-3061	3061	to adorn, decorate	to adorn, decorate	1739	DECORATE
Zalizniak-2024-4583-3062	3062	to advise	to advise		
Zalizniak-2024-4583-3063	3063	to agree	to agree	3643	AGREE
Zalizniak-2024-4583-3064	3064	to analyse	to analyse		
Zalizniak-2024-4583-3065	3065	to anchor	to anchor		
Zalizniak-2024-4583-3066	3066	to answer	to answer	1275	ANSWER
Zalizniak-2024-4583-3067	3067	to apologize	to apologize		
Zalizniak-2024-4583-3068	3068	to appear for a moment	to appear for a moment		
Zalizniak-2024-4583-3069	3069	to appear, emerge	to appear, emerge	1076	EMERGE (APPEAR)
Zalizniak-2024-4583-3070	3070	to appoint (to a position)	to appoint (to a position)		
Zalizniak-2024-4583-3071	3071	to approach suddenly	to approach suddenly		
Zalizniak-2024-4583-3072	3072	to approach, come near	to approach, come near	1778	APPROACH
Zalizniak-2024-4583-3073	3073	to argue, have a dispute	to argue, have a dispute	3302	QUARREL (VERB)
Zalizniak-2024-4583-3074	3074	to arrange a banquet	to arrange a banquet		
Zalizniak-2024-4583-3075	3075	to ascend (dough)	to ascend (dough)		
Zalizniak-2024-4583-3076	3076	to ask (for)	to ask (for)	1828	ASK (REQUEST)
Zalizniak-2024-4583-3077	3077	to ask for consent to marriage	to ask for consent to marriage		
Zalizniak-2024-4583-3078	3078	to ask, inquire	to ask, inquire	1309	ASK (INQUIRE)
Zalizniak-2024-4583-3079	3079	to astonish	to astonish		
Zalizniak-2024-4583-3080	3080	to attach to	to attach to		
Zalizniak-2024-4583-3081	3081	*to attack	to attack		
Zalizniak-2024-4583-3082	3082	to attain, achieve	to attain, achieve	694	GET
Zalizniak-2024-4583-3083	3083	to avoid	to avoid	3639	AVOID
Zalizniak-2024-4583-3084	3084	to awaken, wake up	to awaken, wake up	1602	WAKE UP
Zalizniak-2024-4583-3085	3085	to bake	to bake	183	BAKE
Zalizniak-2024-4583-3086	3086	to baptize	to baptize		
Zalizniak-2024-4583-3087	3087	to bargain	to bargain		
Zalizniak-2024-4583-3088	3088	to bark	to bark	1206	BARKING
Zalizniak-2024-4583-3089	3089	*to be a supporter	to be a supporter		
Zalizniak-2024-4583-3090	3090	*to be about to	to be about to		
Zalizniak-2024-4583-3091	3091	to be afraid	to be afraid	1419	FEAR (BE AFRAID)
Zalizniak-2024-4583-3092	3092	to be alive (about babies)	to be alive (about babies)		
Zalizniak-2024-4583-3093	3093	*to be angry	to be angry		
Zalizniak-2024-4583-3094	3094	to be appropriate (for)	to be appropriate (for)		
Zalizniak-2024-4583-3095	3095	to be ashamed	to be ashamed	1894	ASHAMED
Zalizniak-2024-4583-3096	3096	*to be awake	to be awake		
Zalizniak-2024-4583-3097	3097	to be born	to be born	1090	BE BORN
Zalizniak-2024-4583-3098	3098	*to be busy, to act	to be busy, to act		
Zalizniak-2024-4583-3099	3099	to be captured (of a fortress, etc.)	to be captured (of a fortress, etc.)		
Zalizniak-2024-4583-3100	3100	to be caught, found	to be caught, found		
Zalizniak-2024-4583-3101	3101	to be confused	to be confused		
Zalizniak-2024-4583-3102	3102	to be covered with leaves (buds)	to be covered with leaves (buds)		
Zalizniak-2024-4583-3103	3103	to be defeated	to be defeated	3535	BE DEFEATED
Zalizniak-2024-4583-3104	3104	to be delirious	to be delirious		
Zalizniak-2024-4583-3105	3105	to be disposed towards	to be disposed towards		
Zalizniak-2024-4583-3106	3106	*to be eager	to be eager		
Zalizniak-2024-4583-3107	3107	to be excited	to be excited		
Zalizniak-2024-4583-3108	3108	to be fast (of clocks, watches)	to be fast (of clocks, watches)		
Zalizniak-2024-4583-3109	3109	to be fed up with	to be fed up with		
Zalizniak-2024-4583-3110	3110	to be fired, dismissed	to be fired, dismissed		
Zalizniak-2024-4583-3111	3111	to be friends	to be friends		
Zalizniak-2024-4583-3112	3112	to be full (of the moon)	to be full (of the moon)		
Zalizniak-2024-4583-3113	3113	to be glad, happy	to be glad, happy	2192	REJOICE
Zalizniak-2024-4583-3114	3114	*to be guilty	to be guilty		
Zalizniak-2024-4583-3115	3115	*to be hungry	to be hungry		
Zalizniak-2024-4583-3116	3116	*to be ill, sick	to be ill, sick		
Zalizniak-2024-4583-3117	3117	to be imprisoned	to be imprisoned		
Zalizniak-2024-4583-3118	3118	to be in a hurry	to be in a hurry		
Zalizniak-2024-4583-3119	3119	to be in time	to be in time		
Zalizniak-2024-4583-3120	3120	to be in use	to be in use		
Zalizniak-2024-4583-3121	3121	to be in vertical position, to stand	to be in vertical position, to stand	1442	STAND
Zalizniak-2024-4583-3122	3122	to be inattentive	to be inattentive		
Zalizniak-2024-4583-3123	3123	to be interested in	to be interested in		
Zalizniak-2024-4583-3124	3124	to be late	to be late	425	BE LATE
Zalizniak-2024-4583-3125	3125	*to be mistaken	to be mistaken		
Zalizniak-2024-4583-3126	3126	to be naughty, mischievous	to be naughty, mischievous		
Zalizniak-2024-4583-3127	3127	*to be necessary	to be necessary		
Zalizniak-2024-4583-3128	3128	to be not frozen (water)	to be not frozen (water)		
Zalizniak-2024-4583-3129	3129	to be paid (e. g. debt)	to be paid (e. g. debt)		
Zalizniak-2024-4583-3130	3130	to be poisoned by fumes	to be poisoned by fumes		
Zalizniak-2024-4583-3131	3131	to be reluctant	to be reluctant		
Zalizniak-2024-4583-3132	3132	to be responsible for	to be responsible for		
Zalizniak-2024-4583-3133	3133	to be resurrected	to be resurrected		
Zalizniak-2024-4583-3134	3134	to be satisfied (sexually)	to be satisfied (sexually)		
Zalizniak-2024-4583-3135	3135	to be separated	to be separated		
Zalizniak-2024-4583-3136	3136	to be shining	to be shining		
Zalizniak-2024-4583-3137	3137	to be situated	to be situated	62	BE SITUATED
Zalizniak-2024-4583-3138	3138	to be sleepy	to be sleepy	3620	SLEEPY
Zalizniak-2024-4583-3139	3139	to be solved	to be solved		
Zalizniak-2024-4583-3140	3140	to be struck by lightning	to be struck by lightning		
Zalizniak-2024-4583-3141	3141	to be stubborn, obstinate	to be stubborn, obstinate		
Zalizniak-2024-4583-3142	3142	*to be stupid	to be stupid		
Zalizniak-2024-4583-3143	3143	to be surprised	to be surprised	1572	SURPRISED
Zalizniak-2024-4583-3144	3144	to be suspended	to be suspended		
Zalizniak-2024-4583-3145	3145	to be tamed, domesticated	to be tamed, domesticated		
Zalizniak-2024-4583-3146	3146	to be tied	to be tied		
Zalizniak-2024-4583-3147	3147	to be torn	to be torn		
Zalizniak-2024-4583-3148	3148	to be, exist	to be, exist	1579	BE
Zalizniak-2024-4583-3149	3149	to be, to take place	to be, to take place		
Zalizniak-2024-4583-3150	3150	to become	to become	1990	BECOME
Zalizniak-2024-4583-3151	3151	to become a member of	to become a member of		
Zalizniak-2024-4583-3152	3152	to become clear (of sky)	to become clear (of sky)		
Zalizniak-2024-4583-3153	3153	to become decrepit	to become decrepit		
Zalizniak-2024-4583-3154	3154	to become flat	to become flat		
Zalizniak-2024-4583-3155	3155	to become full	to become full		
Zalizniak-2024-4583-3156	3156	to become inevitable	to become inevitable		
Zalizniak-2024-4583-3157	3157	to become infected	to become infected		
Zalizniak-2024-4583-3158	3158	to become mute	to become mute		
Zalizniak-2024-4583-3159	3159	to become ready (of food)	to become ready (of food)	2210	BECOME PREPARED (OF FOOD)
Zalizniak-2024-4583-3160	3160	to become sober	to become sober		
Zalizniak-2024-4583-3161	3161	*to become stupid	to become stupid		
Zalizniak-2024-4583-3162	3162	to become tender (as of feelings, heart)	to become tender (as of feelings, heart)		
Zalizniak-2024-4583-3163	3163	to become tight	to become tight		
Zalizniak-2024-4583-3164	3164	to become untuned (of a musical instrument)	to become untuned (of a musical instrument)		
Zalizniak-2024-4583-3165	3165	to become visible	to become visible		
Zalizniak-2024-4583-3166	3166	to become warm	to become warm		
Zalizniak-2024-4583-3167	3167	to befit	to befit		
Zalizniak-2024-4583-3168	3168	*to beg one's pardon	to beg one&#39;s pardon		
Zalizniak-2024-4583-3169	3169	to begin	to begin	1806	BEGIN
Zalizniak-2024-4583-3170	3170	*to begin (tr.)	to begin (tr.)		
Zalizniak-2024-4583-3171	3171	to behave	to behave		
Zalizniak-2024-4583-3172	3172	to behave affectedly	to behave affectedly		
Zalizniak-2024-4583-3173	3173	to behave decently	to behave decently		
Zalizniak-2024-4583-3174	3174	to behave in a wrong way	to behave in a wrong way		
Zalizniak-2024-4583-3175	3175	to believe in	to believe in	1890	BELIEVE
Zalizniak-2024-4583-3176	3176	to bend	to bend	2004	BEND
Zalizniak-2024-4583-3177	3177	to bend (intr.)	to bend (intr.)	2761	BEND (ONESELF)
Zalizniak-2024-4583-3178	3178	*to bend, bow (intr.)	to bend, bow (intr.)		
Zalizniak-2024-4583-3179	3179	to bequeath	to bequeath		
Zalizniak-2024-4583-3180	3180	to betray	to betray	1902	BETRAY
Zalizniak-2024-4583-3181	3181	*to beware, be careful	to beware, be careful		
Zalizniak-2024-4583-3182	3182	to bid farewell	to bid farewell		
Zalizniak-2024-4583-3183	3183	to bind	to bind		
Zalizniak-2024-4583-3184	3184	*to bind to	to bind to		
Zalizniak-2024-4583-3185	3185	to bite	to bite	1403	BITE
Zalizniak-2024-4583-3186	3186	to bite (of a fish)	to bite (of a fish)		
Zalizniak-2024-4583-3187	3187	to bite one's finger	to bite one&#39;s finger		
Zalizniak-2024-4583-3188	3188	to bite one's lip	to bite one&#39;s lip		
Zalizniak-2024-4583-3189	3189	to bless	to bless	391	BLESS
Zalizniak-2024-4583-3190	3190	to blink (by eyes)	to blink (by eyes)	1655	BLINK
Zalizniak-2024-4583-3191	3191	to block	to block	2762	BLOCK (THE WAY)
Zalizniak-2024-4583-3192	3192	to blossom	to blossom	3287	BLOOM
Zalizniak-2024-4583-3193	3193	to blow	to blow		
Zalizniak-2024-4583-3194	3194	to blow (about wind)	to blow (about wind)	175	BLOW (OF WIND)
Zalizniak-2024-4583-3195	3195	to blow off	to blow off		
Zalizniak-2024-4583-3196	3196	to blow one's nose	to blow one&#39;s nose	2679	BLOW (WITH NOSE)
Zalizniak-2024-4583-3197	3197	to blunt	to blunt		
Zalizniak-2024-4583-3198	3198	to boast	to boast	101	BOAST
Zalizniak-2024-4583-3199	3199	to boil (intr.)	to boil (intr.)	792	BOIL (OF LIQUID)
Zalizniak-2024-4583-3200	3200	to bother, pester	to bother, pester	2869	BOTHER (HARASS)
Zalizniak-2024-4583-3201	3201	*to bow down	to bow down		
Zalizniak-2024-4583-3202	3202	to braid, plait, weave	to braid, plait, weave	3295	BRAID (VERB)
Zalizniak-2024-4583-3203	3203	to brake	to brake	966	BRAKE
Zalizniak-2024-4583-3204	3204	to breach an agreement	to breach an agreement		
Zalizniak-2024-4583-3205	3205	to bread animals	to bread animals		
Zalizniak-2024-4583-3206	3206	to break (intr.)	to break (intr.)	3020	BREAK (BREAKING)
Zalizniak-2024-4583-3207	3207	to break (of male voice)	to break (of male voice)		
Zalizniak-2024-4583-3208	3208	to break (tr.)	to break (tr.)	2558	BREAK (CLEAVE)
Zalizniak-2024-4583-3209	3209	to break deadline	to break deadline		
Zalizniak-2024-4583-3210	3210	to break down	to break down		
Zalizniak-2024-4583-3211	3211	*to breathe	to breathe		
Zalizniak-2024-4583-3212	3212	to breathe heavily	to breathe heavily		
Zalizniak-2024-4583-3213	3213	to bribe	to bribe	1164	BRIBE (SOMEBODY)
Zalizniak-2024-4583-3214	3214	to bridle	to bridle		
Zalizniak-2024-4583-3215	3215	to bring	to bring	692	BRING
Zalizniak-2024-4583-3216	3216	to bring into a good mood	to bring into a good mood		
Zalizniak-2024-4583-3217	3217	to bring into discussion	to bring into discussion		
Zalizniak-2024-4583-3218	3218	to bring to order	to bring to order		
Zalizniak-2024-4583-3219	3219	to bring up (children)	to bring up (children)	2134	RAISE (BRING UP)
Zalizniak-2024-4583-3220	3220	to browse through (a digital source)	to browse through (a digital source)		
Zalizniak-2024-4583-3221	3221	to build	to build	1840	BUILD
Zalizniak-2024-4583-3222	3222	to burn (intr.)	to burn (intr.)	1428	BURNING
Zalizniak-2024-4583-3223	3223	to burn (tr.)	to burn (tr.)	141	BURN (SOMETHING)
Zalizniak-2024-4583-3224	3224	*to burst	to burst		
Zalizniak-2024-4583-3225	3225	to burst / break	to burst / break	680	BREAK (DESTROY OR GET DESTROYED)
Zalizniak-2024-4583-3226	3226	to bury	to bury	1719	BURY
Zalizniak-2024-4583-3227	3227	to butt, to hit with the horns	to butt, to hit with the horns		
Zalizniak-2024-4583-3228	3228	to buy	to buy	1869	BUY
Zalizniak-2024-4583-3229	3229	to buzz	to buzz		
Zalizniak-2024-4583-3230	3230	to cackle, to cluck	to cackle, to cluck	3683	CACKLE
Zalizniak-2024-4583-3231	3231	to calculate, count	to calculate, count	1420	COUNT
Zalizniak-2024-4583-3232	3232	to calk, caulk	to calk, caulk		
Zalizniak-2024-4583-3233	3233	*to calk, caulk (ship)	to calk, caulk (ship)		
Zalizniak-2024-4583-3234	3234	to call	to call	1084	CALL
Zalizniak-2024-4583-3235	3235	to calm down	to calm down		
Zalizniak-2024-4583-3236	3236	to cancel	to cancel		
Zalizniak-2024-4583-3237	3237	to care for, look after	to care for, look after	253	CARE FOR
Zalizniak-2024-4583-3238	3238	to carp, find faults	to carp, find faults	2193	CARP
Zalizniak-2024-4583-3239	3239	to carry	to carry	700	CARRY
Zalizniak-2024-4583-3240	3240	to carry out	to carry out		
Zalizniak-2024-4583-3241	3241	to cast (e.g. metal)	to cast (e.g. metal)	211	CAST
Zalizniak-2024-4583-3242	3242	to cast a spell	to cast a spell		
Zalizniak-2024-4583-3243	3243	to cast out	to cast out		
Zalizniak-2024-4583-3244	3244	to castrate, geld	to castrate, geld	29	GELD
Zalizniak-2024-4583-3245	3245	to catch	to catch	702	CATCH
Zalizniak-2024-4583-3246	3246	to catch fire	to catch fire		
Zalizniak-2024-4583-3247	3247	to catch up	to catch up		
Zalizniak-2024-4583-3248	3248	*to cause	to cause		
Zalizniak-2024-4583-3249	3249	to cause moral suffering	to cause moral suffering		
Zalizniak-2024-4583-3250	3250	to cause to moving	to cause to moving		
Zalizniak-2024-4583-3251	3251	*to cause to want, desire	to cause to want, desire		
Zalizniak-2024-4583-3252	3252	to cease to be bent	to cease to be bent		
Zalizniak-2024-4583-3253	3253	to celebrate	to celebrate		
Zalizniak-2024-4583-3254	3254	to challenge	to challenge		
Zalizniak-2024-4583-3255	3255	to change (tr.)	to change (tr.)	1264	CHANGE
Zalizniak-2024-4583-3256	3256	to change clothes	to change clothes		
Zalizniak-2024-4583-3257	3257	to change direction of one's motion	to change direction of one&#39;s motion	1444	TURN AROUND
Zalizniak-2024-4583-3258	3258	to change money	to change money		
Zalizniak-2024-4583-3259	3259	to charm, to delight	to charm, to delight	1271	DELIGHT
Zalizniak-2024-4583-3260	3260	*to chase away	to chase away		
Zalizniak-2024-4583-3261	3261	to cheat on, be unfaithful to	to cheat on, be unfaithful to		
Zalizniak-2024-4583-3262	3262	to check, test	to check, test	1975	CHECK
Zalizniak-2024-4583-3263	3263	to chew	to chew	321	CHEW
Zalizniak-2024-4583-3264	3264	to choke	to choke	129	CHOKE
Zalizniak-2024-4583-3265	3265	to choose	to choose	1750	CHOOSE
Zalizniak-2024-4583-3266	3266	to clean	to clean	2235	CLEAN (SOMETHING)
Zalizniak-2024-4583-3267	3267	to clean up, tidy up	to clean up, tidy up		
Zalizniak-2024-4583-3268	3268	to clear (about sky)	to clear (about sky)		
Zalizniak-2024-4583-3269	3269	to clear away (fog, clouds)	to clear away (fog, clouds)		
Zalizniak-2024-4583-3270	3270	to clench fist	to clench fist		
Zalizniak-2024-4583-3271	3271	to climb	to climb	1102	CLIMB
Zalizniak-2024-4583-3272	3272	to close one's eyes	to close one&#39;s eyes	2063	CLOSE (EYES)
Zalizniak-2024-4583-3273	3273	to clothe	to clothe	158	PUT ON
Zalizniak-2024-4583-3274	3274	to coagulate, curdle	to coagulate, curdle	2395	CONGEAL (BLOOD)
Zalizniak-2024-4583-3275	3275	to coincide	to coincide		
Zalizniak-2024-4583-3276	3276	to collapse	to collapse		
Zalizniak-2024-4583-3277	3277	to come	to come	1446	COME
Zalizniak-2024-4583-3278	3278	to come loose (of rope, belt)	to come loose (of rope, belt)	1933	LOOSEN
Zalizniak-2024-4583-3279	3279	to come to end, to cease	to come to end, to cease	2115	CEASE OR FINISH
Zalizniak-2024-4583-3280	3280	to comfort	to comfort		
Zalizniak-2024-4583-3281	3281	to communicate, be on friendly terms	to communicate, be on friendly terms		
Zalizniak-2024-4583-3282	3282	to compare	to compare	3429	COMPARE
Zalizniak-2024-4583-3283	3283	to compete (with smn.)	to compete (with smn.)		
Zalizniak-2024-4583-3284	3284	to conceal, make secret	to conceal, make secret	602	HIDE (CONCEAL)
Zalizniak-2024-4583-3285	3285	to conceive, to become pregnant	to conceive, to become pregnant	1087	CONCEIVE
Zalizniak-2024-4583-3286	3286	to concern, be related to	to concern, be related to		
Zalizniak-2024-4583-3287	3287	to confess	to confess		
Zalizniak-2024-4583-3288	3288	to confuse (with)	to confuse (with)		
Zalizniak-2024-4583-3289	3289	to congratulate	to congratulate		
Zalizniak-2024-4583-3290	3290	to consider	to consider		
Zalizniak-2024-4583-3291	3291	to consist of	to consist of		
Zalizniak-2024-4583-3292	3292	to consume	to consume	2787	CONSUME (DRINK OR EAT)
Zalizniak-2024-4583-3293	3293	to contain	to contain	697	CONTAIN
Zalizniak-2024-4583-3294	3294	to continue	to continue	3699	CONTINUE
Zalizniak-2024-4583-3295	3295	to convalesce	to convalesce		
Zalizniak-2024-4583-3296	3296	to cook (prepare food)	to cook (prepare food)	1100	COOK (SOMETHING)
Zalizniak-2024-4583-3297	3297	*to cook, boil	to cook, boil		
Zalizniak-2024-4583-3298	3298	to cool down (intr.)	to cool down (intr.)	3068	COOL DOWN
Zalizniak-2024-4583-3299	3299	to cope (with)	to cope (with)		
Zalizniak-2024-4583-3300	3300	to copulate	to copulate	549	COPULATE
Zalizniak-2024-4583-3301	3301	to correct	to correct	2231	CORRECT (SOMETHING OR SOMEBODY)
Zalizniak-2024-4583-3302	3302	to correspond	to correspond		
Zalizniak-2024-4583-3303	3303	to corrode	to corrode		
Zalizniak-2024-4583-3304	3304	to cost	to cost	242	COST
Zalizniak-2024-4583-3305	3305	to cough	to cough	879	COUGH
Zalizniak-2024-4583-3306	3306	*to count	to count		
Zalizniak-2024-4583-3307	3307	to counterfeit	to counterfeit		
Zalizniak-2024-4583-3308	3308	to cover	to cover	761	COVER
Zalizniak-2024-4583-3309	3309	to cover ears	to cover ears		
Zalizniak-2024-4583-3310	3310	to crackle	to crackle		
Zalizniak-2024-4583-3311	3311	to crawl	to crawl	96	CRAWL
Zalizniak-2024-4583-3312	3312	to creak	to creak		
Zalizniak-2024-4583-3313	3313	to create a text	to create a text		
Zalizniak-2024-4583-3314	3314	to croak	to croak		
Zalizniak-2024-4583-3315	3315	to cross a mountain range	to cross a mountain range		
Zalizniak-2024-4583-3316	3316	to cross a river	to cross a river		
Zalizniak-2024-4583-3317	3317	to crucify	to crucify		
Zalizniak-2024-4583-3318	3318	to crumble (intr.)	to crumble (intr.)		
Zalizniak-2024-4583-3319	3319	to cry (of animals)	to cry (of animals)		
Zalizniak-2024-4583-3320	3320	to cry, weep	to cry, weep	1839	CRY
Zalizniak-2024-4583-3321	3321	to cure, treat (medically)	to cure, treat (medically)	499	CURE
Zalizniak-2024-4583-3322	3322	to cut	to cut	1432	CUT
Zalizniak-2024-4583-3323	3323	to cut off relationships	to cut off relationships		
Zalizniak-2024-4583-3324	3324	to cut one's hair	to cut one&#39;s hair		
Zalizniak-2024-4583-3325	3325	to cut out	to cut out		
Zalizniak-2024-4583-3326	3326	*to cut up	to cut up		
Zalizniak-2024-4583-3327	3327	to dance	to dance	1879	DANCE
Zalizniak-2024-4583-3328	3328	to dare	to dare	1779	DARE
Zalizniak-2024-4583-3329	3329	to dawn	to dawn		
Zalizniak-2024-4583-3330	3330	*to deal with	to deal with		
Zalizniak-2024-4583-3331	3331	to debauch	to debauch		
Zalizniak-2024-4583-3332	3332	to deceive	to deceive	3230	DECEIVE
Zalizniak-2024-4583-3333	3333	to decide	to decide	685	DECIDE
Zalizniak-2024-4583-3334	3334	to decline from the route	to decline from the route		
Zalizniak-2024-4583-3335	3335	to decorate, award	to decorate, award		
Zalizniak-2024-4583-3336	3336	to decorticate, debark	to decorticate, debark		
Zalizniak-2024-4583-3337	3337	to decrease (water level)	to decrease (water level)		
Zalizniak-2024-4583-3338	3338	to decrease drastically	to decrease drastically		
Zalizniak-2024-4583-3339	3339	to defeat, win	to defeat, win	866	WIN
Zalizniak-2024-4583-3340	3340	to defecate	to defecate	676	SHIT (DEFECATE)
Zalizniak-2024-4583-3341	3341	to defend	to defend	1330	DEFEND
Zalizniak-2024-4583-3342	3342	to deflorate	to deflorate		
Zalizniak-2024-4583-3343	3343	to demote	to demote		
Zalizniak-2024-4583-3344	3344	to dense	to dense		
Zalizniak-2024-4583-3345	3345	to depend	to depend	756	DEPEND
Zalizniak-2024-4583-3346	3346	to deprave	to deprave		
Zalizniak-2024-4583-3347	3347	to deprive	to deprive		
Zalizniak-2024-4583-3348	3348	to derive profit	to derive profit		
Zalizniak-2024-4583-3349	3349	to desire	to desire	2117	DESIRE
Zalizniak-2024-4583-3350	3350	to despair	to despair		
Zalizniak-2024-4583-3351	3351	to despise	to despise	2715	DESPISE
Zalizniak-2024-4583-3352	3352	to destroy, annihilate	to destroy, annihilate	681	DESTROY
Zalizniak-2024-4583-3353	3353	to detect	to detect	3895	DETECT
Zalizniak-2024-4583-3354	3354	to develop	to develop		
Zalizniak-2024-4583-3355	3355	to die	to die	1494	DIE
Zalizniak-2024-4583-3356	3356	*to differ, to make distinction	to differ, to make distinction		
Zalizniak-2024-4583-3357	3357	to dig	to dig	1418	DIG
Zalizniak-2024-4583-3358	3358	to digest (food)	to digest (food)		
Zalizniak-2024-4583-3359	3359	to dilute	to dilute	550	DILUTE
Zalizniak-2024-4583-3360	3360	to diminish	to diminish	1184	DIMINISH
Zalizniak-2024-4583-3361	3361	to dip	to dip	3697	DIP
Zalizniak-2024-4583-3362	3362	to disagree	to disagree		
Zalizniak-2024-4583-3363	3363	to disappear	to disappear	485	DISAPPEAR
Zalizniak-2024-4583-3364	3364	to disapprove	to disapprove		
Zalizniak-2024-4583-3365	3365	to discharge, dismiss	to discharge, dismiss		
Zalizniak-2024-4583-3366	3366	to discover game animals or birds (hunting)	to discover game animals or birds (hunting)		
Zalizniak-2024-4583-3367	3367	to discriminate, to treat improperly	to discriminate, to treat improperly		
Zalizniak-2024-4583-3368	3368	to discuss	to discuss		
Zalizniak-2024-4583-3369	3369	to disdain	to disdain		
Zalizniak-2024-4583-3370	3370	to disgrace, dishonor	to disgrace, dishonor	75	DISGRACE
Zalizniak-2024-4583-3371	3371	to dislocate (of a joint)	to dislocate (of a joint)	551	DISLOCATE
Zalizniak-2024-4583-3372	3372	to disperse (intr., about cloud)	to disperse (intr., about cloud)		
Zalizniak-2024-4583-3373	3373	to dissolve in liquid (tr.)	to dissolve in liquid (tr.)		
Zalizniak-2024-4583-3374	3374	to distill, retort	to distill, retort		
Zalizniak-2024-4583-3375	3375	to distinguish	to distinguish		
Zalizniak-2024-4583-3376	3376	to distort	to distort		
Zalizniak-2024-4583-3377	3377	to distract	to distract		
Zalizniak-2024-4583-3378	3378	to dive	to dive	119	DIVE
Zalizniak-2024-4583-3379	3379	to divide into several parts	to divide into several parts	1119	DIVIDE
Zalizniak-2024-4583-3380	3380	to divorce	to divorce	3672	DIVORCE (SEPARATE)
Zalizniak-2024-4583-3381	3381	to do something one after another	to do something one after another		
Zalizniak-2024-4583-3382	3382	to do sport, take exercise	to do sport, take exercise		
Zalizniak-2024-4583-3383	3383	to do, act	to do, act	813	DO
Zalizniak-2024-4583-3384	3384	to doubt	to doubt	3536	DOUBT (SOMETHING)
Zalizniak-2024-4583-3385	3385	to draft (for the army)	to draft (for the army)		
Zalizniak-2024-4583-3386	3386	to drag	to drag	2030	DRAG
Zalizniak-2024-4583-3387	3387	to draw (an official paper)	to draw (an official paper)		
Zalizniak-2024-4583-3388	3388	to draw water	to draw water	1911	DRAW (WATER)
Zalizniak-2024-4583-3389	3389	to draw, paint	to draw, paint	2001	PAINTING
Zalizniak-2024-4583-3390	3390	to dream (of)	to dream (of)	1920	DREAM (SOMETHING)
Zalizniak-2024-4583-3391	3391	*to dream while sleeping	to dream while sleeping		
Zalizniak-2024-4583-3392	3392	to dress leather	to dress leather		
Zalizniak-2024-4583-3393	3393	to dress someone (tr.)	to dress someone (tr.)	814	DRESS UP
Zalizniak-2024-4583-3394	3394	to drill	to drill	1501	BORE
Zalizniak-2024-4583-3395	3395	to drink	to drink	1401	DRINK
Zalizniak-2024-4583-3396	3396	to drink alcohol	to drink alcohol		
Zalizniak-2024-4583-3397	3397	to drive (the car)	to drive (the car)	741	DRIVE
Zalizniak-2024-4583-3398	3398	to drive, to force to move on	to drive, to force to move on	3290	IMPEL
Zalizniak-2024-4583-3399	3399	to drop (of liquid)	to drop (of liquid)	808	DRIP (FALL IN GLOBULES)
Zalizniak-2024-4583-3400	3400	to drop (tr.)	to drop (tr.)	2866	DROP (SOMETHING)
Zalizniak-2024-4583-3401	3401	to drop by	to drop by		
Zalizniak-2024-4583-3402	3402	to dry	to dry	2015	MAKE DRY
Zalizniak-2024-4583-3403	3403	to duck	to duck		
Zalizniak-2024-4583-3404	3404	to dye	to dye	157	DYE
Zalizniak-2024-4583-3405	3405	to earth up (plants)	to earth up (plants)		
Zalizniak-2024-4583-3406	3406	to ease	to ease		
Zalizniak-2024-4583-3407	3407	to eat	to eat	1336	EAT
Zalizniak-2024-4583-3408	3408	to eat too much	to eat too much		
Zalizniak-2024-4583-3409	3409	to emerge from the water	to emerge from the water		
Zalizniak-2024-4583-3410	3410	to emit smoke	to emit smoke	2859	SMOKE (EMIT SMOKE)
Zalizniak-2024-4583-3411	3411	*to emotionalize	to emotionalize		
Zalizniak-2024-4583-3412	3412	to employ	to employ		
Zalizniak-2024-4583-3413	3413	to encircle, surround	to encircle, surround	3274	ENCIRCLE
Zalizniak-2024-4583-3414	3414	to enculturate, civilize	to enculturate, civilize		
Zalizniak-2024-4583-3415	3415	to end, finish	to end, finish	1766	FINISH
Zalizniak-2024-4583-3416	3416	to endure	to endure	833	ENDURE
Zalizniak-2024-4583-3417	3417	to endure a load	to endure a load		
Zalizniak-2024-4583-3418	3418	to enjoy	to enjoy		
Zalizniak-2024-4583-3419	3419	to enter	to enter	749	ENTER
Zalizniak-2024-4583-3420	3420	to enter into a contract	to enter into a contract		
Zalizniak-2024-4583-3421	3421	to equalize	to equalize		
Zalizniak-2024-4583-3422	3422	to erupt	to erupt	3112	ERUPT
Zalizniak-2024-4583-3423	3423	to escape, flee	to escape, flee	1615	ESCAPE
Zalizniak-2024-4583-3424	3424	to establish, found	to establish, found		
Zalizniak-2024-4583-3425	3425	to evaporate, exhale	to evaporate, exhale		
Zalizniak-2024-4583-3426	3426	to evoke (a feeling)	to evoke (a feeling)		
Zalizniak-2024-4583-3427	3427	to exhaust	to exhaust		
Zalizniak-2024-4583-3428	3428	to exist	to exist		
Zalizniak-2024-4583-3429	3429	to experience an orgasm	to experience an orgasm		
Zalizniak-2024-4583-3430	3430	to explain	to explain	1626	EXPLAIN
Zalizniak-2024-4583-3431	3431	*to explain	to explain		
Zalizniak-2024-4583-3432	3432	to expose to the action of steam	to expose to the action of steam		
Zalizniak-2024-4583-3433	3433	to express agreement	to express agreement		
Zalizniak-2024-4583-3434	3434	to extinguish	to extinguish	127	EXTINGUISH
Zalizniak-2024-4583-3435	3435	to extort (money from smb.)	to extort (money from smb.)		
Zalizniak-2024-4583-3436	3436	to extract a thorn	to extract a thorn		
Zalizniak-2024-4583-3437	3437	to exude (liquid)	to exude (liquid)		
Zalizniak-2024-4583-3438	3438	to fail	to fail	3861	FAIL
Zalizniak-2024-4583-3439	3439	*to fail (of engine)	to fail (of engine)		
Zalizniak-2024-4583-3440	3440	*to faint	to faint		
Zalizniak-2024-4583-3441	3441	to fall (of rain, snow)	to fall (of rain, snow)	2234	FALL (OF SNOW AND RAIN)
Zalizniak-2024-4583-3442	3442	to fall asleep	to fall asleep	1106	FALL ASLEEP
Zalizniak-2024-4583-3443	3443	to fall down	to fall down	1280	FALL
Zalizniak-2024-4583-3444	3444	to fall in love	to fall in love		
Zalizniak-2024-4583-3445	3445	to fall to one's lot	to fall to one&#39;s lot		
Zalizniak-2024-4583-3446	3446	to fasten, to rope	to fasten, to rope	1094	FASTEN
Zalizniak-2024-4583-3447	3447	*to fear	to fear		
Zalizniak-2024-4583-3448	3448	*to fear	to fear		
Zalizniak-2024-4583-3449	3449	to feed	to feed	739	FEED
Zalizniak-2024-4583-3450	3450	to feel	to feel	1079	FEEL
Zalizniak-2024-4583-3451	3451	to feel (an emotion)	to feel (an emotion)	2573	FEELING (EMOTION)
Zalizniak-2024-4583-3452	3452	to feel affection	to feel affection		
Zalizniak-2024-4583-3453	3453	to feel dizzy	to feel dizzy	2712	GET DIZZY
Zalizniak-2024-4583-3454	3454	*to feel hunger	to feel hunger		
Zalizniak-2024-4583-3455	3455	to feel pity	to feel pity		
Zalizniak-2024-4583-3456	3456	to feel pleasure	to feel pleasure		
Zalizniak-2024-4583-3457	3457	to feel shy, embarrassed	to feel shy, embarrassed		
Zalizniak-2024-4583-3458	3458	*to feel sick	to feel sick		
Zalizniak-2024-4583-3459	3459	to feel thirsty	to feel thirsty	3474	BE THIRSTY
Zalizniak-2024-4583-3460	3460	to fence	to fence		
Zalizniak-2024-4583-3461	3461	to ferment, yeast	to ferment, yeast	3652	FERMENT
Zalizniak-2024-4583-3462	3462	to fight (war)	to fight (war)		
Zalizniak-2024-4583-3463	3463	to fight, scuffle	to fight, scuffle	2902	BRAWL (FIGHT)
Zalizniak-2024-4583-3464	3464	to fill (tr.)	to fill (tr.)	2006	FILL
Zalizniak-2024-4583-3465	3465	to find	to find	719	FIND
Zalizniak-2024-4583-3466	3466	to fire (from job)	to fire (from job)		
Zalizniak-2024-4583-3467	3467	to fish	to fish	2638	FISHING
Zalizniak-2024-4583-3468	3468	to fit, suit	to fit, suit	764	SUIT
Zalizniak-2024-4583-3469	3469	to fit, try on	to fit, try on		
Zalizniak-2024-4583-3470	3470	to flame up	to flame up		
Zalizniak-2024-4583-3471	3471	to flap, wave	to flap, wave		
Zalizniak-2024-4583-3472	3472	to flap, wave (hands)	to flap, wave (hands)		
Zalizniak-2024-4583-3473	3473	to flatter	to flatter	2709	FLATTER
Zalizniak-2024-4583-3474	3474	to flirt	to flirt	494	FLIRT
Zalizniak-2024-4583-3475	3475	to float	to float	1574	FLOAT
Zalizniak-2024-4583-3476	3476	to flog	to flog		
Zalizniak-2024-4583-3477	3477	to flow	to flow	2003	FLOW
Zalizniak-2024-4583-3478	3478	to flow into	to flow into		
Zalizniak-2024-4583-3479	3479	to flutter (of flag)	to flutter (of flag)		
Zalizniak-2024-4583-3480	3480	to fly	to fly	1441	FLY (MOVE THROUGH AIR)
Zalizniak-2024-4583-3481	3481	*to fly away	to fly away		
Zalizniak-2024-4583-3482	3482	to fly up	to fly up		
Zalizniak-2024-4583-3483	3483	to fold (cloth)	to fold (cloth)	1470	FOLD
Zalizniak-2024-4583-3484	3484	to follow each other	to follow each other		
Zalizniak-2024-4583-3485	3485	to follow logically	to follow logically		
Zalizniak-2024-4583-3486	3486	to follow unthinkingly	to follow unthinkingly		
Zalizniak-2024-4583-3487	3487	to follow, go after smb.	to follow, go after smb.	1085	FOLLOW
Zalizniak-2024-4583-3488	3488	to force to work	to force to work		
Zalizniak-2024-4583-3489	3489	to foresee	to foresee		
Zalizniak-2024-4583-3490	3490	to forge	to forge	288	FORGE
Zalizniak-2024-4583-3491	3491	to forget	to forget	1523	FORGET
Zalizniak-2024-4583-3492	3492	to forgive	to forgive	1528	FORGIVE
Zalizniak-2024-4583-3493	3493	to form the fruit (of plant)	to form the fruit (of plant)		
Zalizniak-2024-4583-3494	3494	to fornicate	to fornicate	103	FORNICATE
Zalizniak-2024-4583-3495	3495	to freeze, be cold	to freeze, be cold		
Zalizniak-2024-4583-3496	3496	to freeze, to become motionless	to freeze, to become motionless		
Zalizniak-2024-4583-3497	3497	to freeze, to congeal	to freeze, to congeal	1431	FREEZE
Zalizniak-2024-4583-3498	3498	*to frighten	to frighten		
Zalizniak-2024-4583-3499	3499	to fulfill a vow	to fulfill a vow		
Zalizniak-2024-4583-3500	3500	to function	to function		
Zalizniak-2024-4583-3501	3501	to gain, to earn	to gain, to earn	733	EARN
Zalizniak-2024-4583-3502	3502	to gamble	to gamble		
Zalizniak-2024-4583-3503	3503	to gas (a car), to refuel	to gas (a car), to refuel		
Zalizniak-2024-4583-3504	3504	to gather in the crops	to gather in the crops		
Zalizniak-2024-4583-3505	3505	to gather, collect	to gather, collect	7	GATHER
Zalizniak-2024-4583-3506	3506	to get (in games)	to get (in games)		
Zalizniak-2024-4583-3507	3507	to get (to), to find oneself (in)	to get (to), to find oneself (in)		
Zalizniak-2024-4583-3508	3508	to get a cramp, spasm	to get a cramp, spasm		
Zalizniak-2024-4583-3509	3509	to get accustomed	to get accustomed	1118	ACCUSTOM
Zalizniak-2024-4583-3510	3510	to get along (with smb.)	to get along (with smb.)		
Zalizniak-2024-4583-3511	3511	to get angry	to get angry	2215	BECOME ANGRY
Zalizniak-2024-4583-3512	3512	to get dark	to get dark		
Zalizniak-2024-4583-3513	3513	to get dirty, soiled	to get dirty, soiled		
Zalizniak-2024-4583-3514	3514	to get drunk	to get drunk	3980	GET DRUNK
Zalizniak-2024-4583-3515	3515	to get dry	to get dry	1786	DRY UP
Zalizniak-2024-4583-3516	3516	to get immunity	to get immunity		
Zalizniak-2024-4583-3517	3517	to get information	to get information		
Zalizniak-2024-4583-3518	3518	to get money	to get money		
Zalizniak-2024-4583-3519	3519	to get mouldy (musty)	to get mouldy (musty)		
Zalizniak-2024-4583-3520	3520	to get moving	to get moving		
Zalizniak-2024-4583-3521	3521	to get off a vehicle	to get off a vehicle		
Zalizniak-2024-4583-3522	3522	to get on a vehicle	to get on a vehicle		
Zalizniak-2024-4583-3523	3523	to get on well, be on good terms	to get on well, be on good terms		
Zalizniak-2024-4583-3524	3524	to get rid of	to get rid of		
Zalizniak-2024-4583-3525	3525	to get stuck	to get stuck		
Zalizniak-2024-4583-3526	3526	to get tired	to get tired	1996	GET TIRED
Zalizniak-2024-4583-3527	3527	*to get tired	to get tired		
Zalizniak-2024-4583-3528	3528	to get wet	to get wet	2324	GET WET
Zalizniak-2024-4583-3529	3529	*to get, obtain	to get, obtain		
Zalizniak-2024-4583-3530	3530	to give	to give	1447	GIVE
Zalizniak-2024-4583-3531	3531	to give birth	to give birth	1195	GIVE BIRTH
Zalizniak-2024-4583-3532	3532	to give birth to twins	to give birth to twins		
Zalizniak-2024-4583-3533	3533	to glorify	to glorify		
Zalizniak-2024-4583-3534	3534	to gnaw	to gnaw	2706	GNAW
Zalizniak-2024-4583-3535	3535	to go against the wind	to go against the wind		
Zalizniak-2024-4583-3536	3536	to go apart, in various directions	to go apart, in various directions		
Zalizniak-2024-4583-3537	3537	to go around	to go around		
Zalizniak-2024-4583-3538	3538	to go away	to go away	1752	LEAVE
Zalizniak-2024-4583-3539	3539	to go blind	to go blind		
Zalizniak-2024-4583-3540	3540	*to go crazy	to go crazy		
Zalizniak-2024-4583-3541	3541	to go deaf	to go deaf		
Zalizniak-2024-4583-3542	3542	to go down	to go down	2014	GO DOWN (DESCEND)
Zalizniak-2024-4583-3543	3543	to go downstream	to go downstream		
Zalizniak-2024-4583-3544	3544	to go forward, advance	to go forward, advance		
Zalizniak-2024-4583-3545	3545	to go mad	to go mad		
Zalizniak-2024-4583-3546	3546	to go out	to go out	1107	GO OUT
Zalizniak-2024-4583-3547	3547	to go out (of fire)	to go out (of fire)		
Zalizniak-2024-4583-3548	3548	to go out (of light)	to go out (of light)		
Zalizniak-2024-4583-3549	3549	to go overripe	to go overripe		
Zalizniak-2024-4583-3550	3550	to go through	to go through	1742	TRAVERSE
Zalizniak-2024-4583-3551	3551	to go up	to go up	705	GO UP (ASCEND)
Zalizniak-2024-4583-3552	3552	to go upstream	to go upstream		
Zalizniak-2024-4583-3553	3553	to go, walk	to go, walk	695	GO
Zalizniak-2024-4583-3554	3554	to govern, control, rule	to govern, control, rule	1846	RULE
Zalizniak-2024-4583-3555	3555	to grasp, seize	to grasp, seize	855	SEIZE
Zalizniak-2024-4583-3556	3556	to graze	to graze	3058	GRAZE
Zalizniak-2024-4583-3557	3557	to greet	to greet	3552	GREET
Zalizniak-2024-4583-3558	3558	to grieve (intr.)	to grieve (intr.)	1955	GRIEVE
Zalizniak-2024-4583-3559	3559	to grieve (tr.)	to grieve (tr.)		
Zalizniak-2024-4583-3560	3560	to grind (with the pestle)	to grind (with the pestle)	1033	GRIND
Zalizniak-2024-4583-3561	3561	to grow (plants)	to grow (plants)	3461	GROW PLANTS
Zalizniak-2024-4583-3562	3562	to grow heavy	to grow heavy		
Zalizniak-2024-4583-3563	3563	to grow numb	to grow numb	2216	BECOME NUMB
Zalizniak-2024-4583-3564	3564	*to grow thin	to grow thin		
Zalizniak-2024-4583-3565	3565	to grow up	to grow up	552	GROW UP
Zalizniak-2024-4583-3566	3566	to growl	to growl	3679	GROWL
Zalizniak-2024-4583-3567	3567	to grudge	to grudge		
Zalizniak-2024-4583-3568	3568	to grumble	to grumble		
Zalizniak-2024-4583-3569	3569	to guard	to guard	1940	GUARD
Zalizniak-2024-4583-3570	3570	to guess	to guess	1932	GUESS
Zalizniak-2024-4583-3571	3571	to hang	to hang	2884	HANG
Zalizniak-2024-4583-3572	3572	to hang (tr.)	to hang (tr.)	357	HANG UP
Zalizniak-2024-4583-3573	3573	to happen	to happen	248	HAPPEN
Zalizniak-2024-4583-3574	3574	*to harass	to harass		
Zalizniak-2024-4583-3575	3575	to harden	to harden		
Zalizniak-2024-4583-3576	3576	to harm, to damage	to harm, to damage	1116	DAMAGE
Zalizniak-2024-4583-3577	3577	to harness	to harness	2217	YOKE (VERB)
Zalizniak-2024-4583-3578	3578	to hatch eggs	to hatch eggs	3116	HATCH (OUT)
Zalizniak-2024-4583-3579	3579	to hatch out, brood	to hatch out, brood	2075	BROOD (VERB)
Zalizniak-2024-4583-3580	3580	to hate, to dislike	to hate, to dislike	1607	HATE
Zalizniak-2024-4583-3581	3581	to haul to shore	to haul to shore		
Zalizniak-2024-4583-3582	3582	*to haunt, bother	to haunt, bother		
Zalizniak-2024-4583-3583	3583	to have a good relationship	to have a good relationship		
Zalizniak-2024-4583-3584	3584	to have an appearance	to have an appearance		
Zalizniak-2024-4583-3585	3585	to have equal rights	to have equal rights		
Zalizniak-2024-4583-3586	3586	*to have experience	to have experience		
Zalizniak-2024-4583-3587	3587	to have fun	to have fun	3239	AMUSE ONESELF (HAVE FUN)
Zalizniak-2024-4583-3588	3588	to have luck	to have luck		
Zalizniak-2024-4583-3589	3589	to have mercy	to have mercy		
Zalizniak-2024-4583-3590	3590	to have opinion	to have opinion		
Zalizniak-2024-4583-3591	3591	to have relationships (romantic or sexual)	to have relationships (romantic or sexual)		
Zalizniak-2024-4583-3592	3592	to have smell	to have smell	1587	SMELL (STINK)
Zalizniak-2024-4583-3593	3593	to have strange ideas	to have strange ideas		
Zalizniak-2024-4583-3594	3594	to have, possess	to have, possess	773	HAVE
Zalizniak-2024-4583-3595	3595	to heal (of a wound)	to heal (of a wound)		
Zalizniak-2024-4583-3596	3596	to hear	to hear	1408	HEAR
Zalizniak-2024-4583-3597	3597	to hear / to listen	to hear / to listen		
Zalizniak-2024-4583-3598	3598	to heat up	to heat up	1341	HEAT UP
Zalizniak-2024-4583-3599	3599	to help, aid	to help, aid	1897	HELP
Zalizniak-2024-4583-3600	3600	*to hesitate	to hesitate		
Zalizniak-2024-4583-3601	3601	to hew	to hew	553	HEW
Zalizniak-2024-4583-3602	3602	*to hide (tr.)	to hide (tr.)		
Zalizniak-2024-4583-3603	3603	to hinder	to hinder	554	HINDER
Zalizniak-2024-4583-3604	3604	to hint	to hint		
Zalizniak-2024-4583-3605	3605	to hiss	to hiss	3685	HISS
Zalizniak-2024-4583-3606	3606	to hit by axe	to hit by axe		
Zalizniak-2024-4583-3607	3607	to hit the target	to hit the target	3307	HIT (A TARGET)
Zalizniak-2024-4583-3608	3608	to hobble	to hobble		
Zalizniak-2024-4583-3609	3609	to hold (in hands)	to hold (in hands)	1448	HOLD
Zalizniak-2024-4583-3610	3610	to hope	to hope	3212	HOPE (SOMETHING)
Zalizniak-2024-4583-3611	3611	*to howl	to howl		
Zalizniak-2024-4583-3612	3612	to hug, embrace	to hug, embrace	928	EMBRACE
Zalizniak-2024-4583-3613	3613	to humble, to abase	to humble, to abase		
Zalizniak-2024-4583-3614	3614	to hunt	to hunt	1435	HUNT
Zalizniak-2024-4583-3615	3615	to hurt	to hurt		
Zalizniak-2024-4583-3616	3616	to ice over	to ice over		
Zalizniak-2024-4583-3617	3617	to ignore	to ignore	41	IGNORE
Zalizniak-2024-4583-3618	3618	to imitate	to imitate	117	IMITATE
Zalizniak-2024-4583-3619	3619	*to imitate	to imitate		
Zalizniak-2024-4583-3620	3620	to imprison	to imprison		
Zalizniak-2024-4583-3621	3621	to improve	to improve	2872	IMPROVE (SOMETHING)
Zalizniak-2024-4583-3622	3622	to improve (intr.), become better	to improve (intr.), become better		
Zalizniak-2024-4583-3623	3623	to incline	to incline		
Zalizniak-2024-4583-3624	3624	to increase (tr.)	to increase (tr.)		
Zalizniak-2024-4583-3625	3625	to incur losses	to incur losses		
Zalizniak-2024-4583-3626	3626	to indicate something bad	to indicate something bad		
Zalizniak-2024-4583-3627	3627	to induce	to induce	61	INDUCE
Zalizniak-2024-4583-3628	3628	to inflate (intr.)	to inflate (intr.)		
Zalizniak-2024-4583-3629	3629	to inform, let know	to inform, let know		
Zalizniak-2024-4583-3630	3630	to infringe	to infringe	555	INFRINGE
Zalizniak-2024-4583-3631	3631	to inhabit, live	to inhabit, live	363	DWELL (LIVE, RESIDE)
Zalizniak-2024-4583-3632	3632	to inoculate	to inoculate		
Zalizniak-2024-4583-3633	3633	to insert	to insert	3071	INSERT
Zalizniak-2024-4583-3634	3634	to instigate	to instigate		
Zalizniak-2024-4583-3635	3635	to insult	to insult	3204	INSULT
Zalizniak-2024-4583-3636	3636	to intend	to intend	22	INTEND
Zalizniak-2024-4583-3637	3637	to intoxicate	to intoxicate		
Zalizniak-2024-4583-3638	3638	to invest	to invest		
Zalizniak-2024-4583-3639	3639	to investigate	to investigate	2010	INVESTIGATE
Zalizniak-2024-4583-3640	3640	to investigate/examine	to investigate/examine		
Zalizniak-2024-4583-3641	3641	to invite	to invite	1611	INVITE
Zalizniak-2024-4583-3642	3642	to involve	to involve		
Zalizniak-2024-4583-3643	3643	to iron	to iron	3118	IRON (CLOTHES)
Zalizniak-2024-4583-3644	3644	to itch	to itch		
Zalizniak-2024-4583-3645	3645	to jeer, to scoff	to jeer, to scoff		
Zalizniak-2024-4583-3646	3646	to join together (tr.)	to join together (tr.)	1743	JOIN
Zalizniak-2024-4583-3647	3647	to join, take part	to join, take part		
Zalizniak-2024-4583-3648	3648	to joke	to joke	2760	MAKE A JOKE
Zalizniak-2024-4583-3649	3649	to judge	to judge	1818	ADJUDICATE
Zalizniak-2024-4583-3650	3650	to jump into the water	to jump into the water		
Zalizniak-2024-4583-3651	3651	to keep a fire burning	to keep a fire burning		
Zalizniak-2024-4583-3652	3652	to keep as a domestic animal	to keep as a domestic animal		
Zalizniak-2024-4583-3653	3653	to keep silent	to keep silent		
Zalizniak-2024-4583-3654	3654	to keep the fast	to keep the fast		
Zalizniak-2024-4583-3655	3655	to keep, preserve, retain	to keep, preserve, retain	1997	PRESERVE
Zalizniak-2024-4583-3656	3656	to kick	to kick	1135	KICK
Zalizniak-2024-4583-3657	3657	*to kick	to kick		
Zalizniak-2024-4583-3658	3658	to kill	to kill	1417	KILL
Zalizniak-2024-4583-3659	3659	to kiss	to kiss	578	KISS
Zalizniak-2024-4583-3660	3660	to knead	to knead	274	KNEAD
Zalizniak-2024-4583-3661	3661	to knit	to knit	2905	KNIT
Zalizniak-2024-4583-3662	3662	to knock	to knock	2396	KNOCK
Zalizniak-2024-4583-3663	3663	to knock down	to knock down		
Zalizniak-2024-4583-3664	3664	to know	to know	3626	KNOW
Zalizniak-2024-4583-3665	3665	to know how	to know how	2238	KNOW HOW
Zalizniak-2024-4583-3666	3666	*to lack	to lack		
Zalizniak-2024-4583-3667	3667	to ladle out (soup)	to ladle out (soup)		
Zalizniak-2024-4583-3668	3668	to land (of plane, bird etc.)	to land (of plane, bird etc.)	1922	LAND (DESCEND)
Zalizniak-2024-4583-3669	3669	to last	to last	1186	LAST (ENDURE)
Zalizniak-2024-4583-3670	3670	to laugh	to laugh	1355	LAUGH
Zalizniak-2024-4583-3671	3671	to launch a boat	to launch a boat		
Zalizniak-2024-4583-3672	3672	to lead	to lead	43	LEAD (GUIDE)
Zalizniak-2024-4583-3673	3673	to lean on/against	to lean on/against		
Zalizniak-2024-4583-3674	3674	to learn, find out	to learn, find out	2237	FIND OUT
Zalizniak-2024-4583-3675	3675	to learn, study	to learn, study	504	LEARN
Zalizniak-2024-4583-3676	3676	*to leave	to leave		
Zalizniak-2024-4583-3677	3677	to leave behind	to leave behind		
Zalizniak-2024-4583-3678	3678	to left untreated (disease)	to left untreated (disease)		
Zalizniak-2024-4583-3679	3679	to lengthen	to lengthen	3700	LENGTHEN
Zalizniak-2024-4583-3680	3680	to let	to let	3238	ALLOW
Zalizniak-2024-4583-3681	3681	to let go	to let go	1095	LET GO OR SET FREE
Zalizniak-2024-4583-3682	3682	to let grow (of beard, moustaches, hairs)	to let grow (of beard, moustaches, hairs)		
Zalizniak-2024-4583-3683	3683	to let someone get ahead	to let someone get ahead		
Zalizniak-2024-4583-3684	3684	to let, leave	to let, leave		
Zalizniak-2024-4583-3685	3685	to lick	to lick	319	LICK
Zalizniak-2024-4583-3686	3686	to lie (posture)	to lie (posture)	1411	LIE (REST)
Zalizniak-2024-4583-3687	3687	to lie down	to lie down	215	LIE DOWN
Zalizniak-2024-4583-3688	3688	to lie prostrate, as in reverence	to lie prostrate, as in reverence		
Zalizniak-2024-4583-3689	3689	to light, to kindle (the fire)	to light, to kindle (the fire)	737	LIGHT (IGNITE)
Zalizniak-2024-4583-3690	3690	to like	to like	1117	LIKE
Zalizniak-2024-4583-3691	3691	to line up	to line up		
Zalizniak-2024-4583-3692	3692	to listen	to listen	1608	LISTEN
Zalizniak-2024-4583-3693	3693	*to live, be alive	to live, be alive		
Zalizniak-2024-4583-3694	3694	to load	to load	3669	LOAD (SOMETHING)
Zalizniak-2024-4583-3695	3695	to load (weapon)	to load (weapon)		
Zalizniak-2024-4583-3696	3696	to loaf, do nothing	to loaf, do nothing		
Zalizniak-2024-4583-3697	3697	to lock	to lock		
Zalizniak-2024-4583-3698	3698	to look	to look	1819	LOOK
Zalizniak-2024-4583-3699	3699	*to look (e.g. well)	to look (e.g. well)		
Zalizniak-2024-4583-3700	3700	to look around	to look around		
Zalizniak-2024-4583-3701	3701	to look asquint	to look asquint		
Zalizniak-2024-4583-3702	3702	to look inside	to look inside		
Zalizniak-2024-4583-3703	3703	to lose	to lose	1660	LOSE
Zalizniak-2024-4583-3704	3704	to lose (an object)	to lose (an object)	3072	MISPLACE
Zalizniak-2024-4583-3705	3705	to lose colour	to lose colour		
Zalizniak-2024-4583-3706	3706	to lose consciousness	to lose consciousness		
Zalizniak-2024-4583-3707	3707	to lose fertility (of the soil)	to lose fertility (of the soil)		
Zalizniak-2024-4583-3708	3708	to lose hope	to lose hope		
Zalizniak-2024-4583-3709	3709	to lose one's mind	to lose one&#39;s mind		
Zalizniak-2024-4583-3710	3710	to lose one's way	to lose one&#39;s way		
Zalizniak-2024-4583-3711	3711	to lose smell or taste (of liquids)	to lose smell or taste (of liquids)		
Zalizniak-2024-4583-3712	3712	*to love	to love		
Zalizniak-2024-4583-3713	3713	to lower, put down	to lower, put down		
Zalizniak-2024-4583-3714	3714	to make	to make	734	MAKE
Zalizniak-2024-4583-3715	3715	to make a bonfire	to make a bonfire		
Zalizniak-2024-4583-3716	3716	to make a hole	to make a hole		
Zalizniak-2024-4583-3717	3717	to make a mistake, be wrong	to make a mistake, be wrong		
Zalizniak-2024-4583-3718	3718	to make a move (in a game)	to make a move (in a game)		
Zalizniak-2024-4583-3719	3719	to make a pause	to make a pause		
Zalizniak-2024-4583-3720	3720	to make a telephone call	to make a telephone call		
Zalizniak-2024-4583-3721	3721	to make big, large	to make big, large		
Zalizniak-2024-4583-3722	3722	to make black	to make black		
Zalizniak-2024-4583-3723	3723	to make blunt	to make blunt		
Zalizniak-2024-4583-3724	3724	to make deaf	to make deaf		
Zalizniak-2024-4583-3725	3725	to make disordered	to make disordered		
Zalizniak-2024-4583-3726	3726	to make do smth.	to make do smth.		
Zalizniak-2024-4583-3727	3727	to make empty	to make empty		
Zalizniak-2024-4583-3728	3728	to make hard	to make hard		
Zalizniak-2024-4583-3729	3729	to make noise	to make noise	2895	MAKE NOISE
Zalizniak-2024-4583-3730	3730	to make plans	to make plans		
Zalizniak-2024-4583-3731	3731	to make real	to make real		
Zalizniak-2024-4583-3732	3732	to make sausage	to make sausage		
Zalizniak-2024-4583-3733	3733	to make sb look at smth	to make sb look at smth		
Zalizniak-2024-4583-3734	3734	to make scratches	to make scratches		
Zalizniak-2024-4583-3735	3735	to make sit	to make sit		
Zalizniak-2024-4583-3736	3736	to make smb/smth light (of weight)	to make smb/smth light (of weight)		
Zalizniak-2024-4583-3737	3737	to make soft	to make soft		
Zalizniak-2024-4583-3738	3738	to make stand	to make stand		
Zalizniak-2024-4583-3739	3739	to make white	to make white		
Zalizniak-2024-4583-3740	3740	*to make, create	to make, create		
Zalizniak-2024-4583-3741	3741	to manage to do smth	to manage to do smth		
Zalizniak-2024-4583-3742	3742	to marry	to marry	203	MARRY
Zalizniak-2024-4583-3743	3743	to marry off (a daughter)	to marry off (a daughter)	556	MARRY OFF
Zalizniak-2024-4583-3744	3744	to mature	to mature		
Zalizniak-2024-4583-3745	3745	to mean	to mean		
Zalizniak-2024-4583-3746	3746	to measure	to measure	1506	MEASURE
Zalizniak-2024-4583-3747	3747	to meet	to meet	1831	MEET
Zalizniak-2024-4583-3748	3748	to meet (each other)	to meet (each other)		
Zalizniak-2024-4583-3749	3749	to meet accidentally	to meet accidentally		
Zalizniak-2024-4583-3750	3750	to melt, to thaw	to melt, to thaw	2334	MELT
Zalizniak-2024-4583-3751	3751	to menstruate	to menstruate	2827	MENSTRUATE
Zalizniak-2024-4583-3752	3752	to mention	to mention		
Zalizniak-2024-4583-3753	3753	to milk	to milk	93	DRAW MILK
Zalizniak-2024-4583-3754	3754	*to mill	to mill		
Zalizniak-2024-4583-3755	3755	to miss somebogy, to long for	to miss somebogy, to long for	2328	MISS (SOMEBODY)
Zalizniak-2024-4583-3756	3756	to miss the target	to miss the target	161	MISS (A TARGET)
Zalizniak-2024-4583-3757	3757	to misunderstand	to misunderstand		
Zalizniak-2024-4583-3758	3758	to mix, stir	to mix, stir	2017	MIX
Zalizniak-2024-4583-3759	3759	*to mock	to mock		
Zalizniak-2024-4583-3760	3760	to monitor, supervise	to monitor, supervise		
Zalizniak-2024-4583-3761	3761	to moor	to moor		
Zalizniak-2024-4583-3762	3762	to mount a horse	to mount a horse		
Zalizniak-2024-4583-3763	3763	to move	to move	765	MOVE
Zalizniak-2024-4583-3764	3764	to move (intr.)	to move (intr.)	2874	MOVE (ONESELF)
Zalizniak-2024-4583-3765	3765	to move away	to move away	229	MOVE AWAY
Zalizniak-2024-4583-3766	3766	to move down (tr.)	to move down (tr.)		
Zalizniak-2024-4583-3767	3767	to move ears (of animal)	to move ears (of animal)		
Zalizniak-2024-4583-3768	3768	to move quickly	to move quickly	2220	MOVE QUICKLY
Zalizniak-2024-4583-3769	3769	to move smoothly, gently	to move smoothly, gently		
Zalizniak-2024-4583-3770	3770	*to move, change residence	to move, change residence		
Zalizniak-2024-4583-3771	3771	to move, to shift, to transfer	to move, to shift, to transfer		
Zalizniak-2024-4583-3772	3772	to mow grass	to mow grass	190	MOW
Zalizniak-2024-4583-3773	3773	to multiply	to multiply		
Zalizniak-2024-4583-3774	3774	to nail	to nail	3306	NAIL
Zalizniak-2024-4583-3775	3775	to name	to name		
Zalizniak-2024-4583-3776	3776	to need	to need	2339	NEED (SOMETHING)
Zalizniak-2024-4583-3777	3777	to neigh	to neigh		
Zalizniak-2024-4583-3778	3778	to nod	to nod		
Zalizniak-2024-4583-3779	3779	to nomadize	to nomadize	2221	NOMADIZE
Zalizniak-2024-4583-3780	3780	to not believe one's eyes	to not believe one&#39;s eyes		
Zalizniak-2024-4583-3781	3781	to obey	to obey	1635	OBEY
Zalizniak-2024-4583-3782	3782	to object	to object		
Zalizniak-2024-4583-3783	3783	to oblige	to oblige		
Zalizniak-2024-4583-3784	3784	to observe	to observe		
Zalizniak-2024-4583-3785	3785	to occupy, to conquest (territory)	to occupy, to conquest (territory)		
Zalizniak-2024-4583-3786	3786	to offend (tr.)	to offend (tr.)	557	OFFEND
Zalizniak-2024-4583-3787	3787	to open (tr.)	to open (tr.)	1156	OPEN
Zalizniak-2024-4583-3788	3788	to open one's eyes wide	to open one&#39;s eyes wide		
Zalizniak-2024-4583-3789	3789	to open one's mouth	to open one&#39;s mouth	3437	OPEN (MOUTH)
Zalizniak-2024-4583-3790	3790	to oppress	to oppress	401	OPPRESS
Zalizniak-2024-4583-3791	3791	*to order, command	to order, command		
Zalizniak-2024-4583-3792	3792	to overflow	to overflow	3130	SPILL (SOMETHING)
Zalizniak-2024-4583-3793	3793	to overpass the mountain passage	to overpass the mountain passage		
Zalizniak-2024-4583-3794	3794	to overstep	to overstep		
Zalizniak-2024-4583-3795	3795	to owe, be in debt	to owe, be in debt	369	OWE
Zalizniak-2024-4583-3796	3796	to palpitate	to palpitate		
Zalizniak-2024-4583-3797	3797	to pamper	to pamper		
Zalizniak-2024-4583-3798	3798	to pass (of time)	to pass (of time)	1951	PASS
Zalizniak-2024-4583-3799	3799	to pass by	to pass by	558	PASS BY
Zalizniak-2024-4583-3800	3800	to pasture, shepherd	to pasture, shepherd		
Zalizniak-2024-4583-3801	3801	to pay	to pay	718	PAY
Zalizniak-2024-4583-3802	3802	to pay attention	to pay attention		
Zalizniak-2024-4583-3803	3803	to pay tax	to pay tax		
Zalizniak-2024-4583-3804	3804	to peck (of a bird)	to peck (of a bird)	3684	PECK
Zalizniak-2024-4583-3805	3805	to peel off (about skin)	to peel off (about skin)		
Zalizniak-2024-4583-3806	3806	to penetrate, get into	to penetrate, get into		
Zalizniak-2024-4583-3807	3807	to perceive smell	to perceive smell	1586	SMELL (PERCEIVE)
Zalizniak-2024-4583-3808	3808	to perform	to perform		
Zalizniak-2024-4583-3809	3809	to perform a shamanistic ritual	to perform a shamanistic ritual		
Zalizniak-2024-4583-3810	3810	to persuade	to persuade	3645	PERSUADE
Zalizniak-2024-4583-3811	3811	to photograph	to photograph	3123	PHOTOGRAPH (SOMETHING)
Zalizniak-2024-4583-3812	3812	to pick, pull up (a plant)	to pick, pull up (a plant)	2148	PICK
Zalizniak-2024-4583-3813	3813	to pierce	to pierce	398	PIERCE
Zalizniak-2024-4583-3814	3814	to pinch	to pinch	378	PINCH
Zalizniak-2024-4583-3815	3815	to pity	to pity		
Zalizniak-2024-4583-3816	3816	to place in front of	to place in front of		
Zalizniak-2024-4583-3817	3817	*to plant	to plant		
Zalizniak-2024-4583-3818	3818	to play (a musical instrument)	to play (a musical instrument)	3124	PLAY (INSTRUMENT)
Zalizniak-2024-4583-3819	3819	to play (intr.)	to play (intr.)	1413	PLAY
Zalizniak-2024-4583-3820	3820	to play (theater, movie)	to play (theater, movie)		
Zalizniak-2024-4583-3821	3821	to play cards	to play cards	3125	PLAY (GAME)
Zalizniak-2024-4583-3822	3822	*to please	to please		
Zalizniak-2024-4583-3823	3823	to pledge, pawn	to pledge, pawn		
Zalizniak-2024-4583-3824	3824	*to plough	to plough		
Zalizniak-2024-4583-3825	3825	to pluck (bird)	to pluck (bird)		
Zalizniak-2024-4583-3826	3826	*to plunge	to plunge		
Zalizniak-2024-4583-3827	3827	to point	to point	2669	POINT (WITH FINGER)
Zalizniak-2024-4583-3828	3828	to poke, thrust	to poke, thrust	246	THRUST
Zalizniak-2024-4583-3829	3829	to polish	to polish	3659	POLISH (SOMETHING)
Zalizniak-2024-4583-3830	3830	to pound (of the pulse)	to pound (of the pulse)		
Zalizniak-2024-4583-3831	3831	to pour	to pour	1487	POUR
Zalizniak-2024-4583-3832	3832	to practice witchcraft	to practice witchcraft		
Zalizniak-2024-4583-3833	3833	to praise	to praise	3455	COMMEND
Zalizniak-2024-4583-3834	3834	to pray	to pray	24	PRAY
Zalizniak-2024-4583-3835	3835	to precede	to precede		
Zalizniak-2024-4583-3836	3836	to predict misfortune	to predict misfortune		
Zalizniak-2024-4583-3837	3837	to prefer	to prefer		
Zalizniak-2024-4583-3838	3838	to prepare	to prepare	2909	PREPARE
Zalizniak-2024-4583-3839	3839	to present, gift	to present, gift		
Zalizniak-2024-4583-3840	3840	to press	to press	1913	PRESS
Zalizniak-2024-4583-3841	3841	to pretend	to pretend	3631	PRETEND
Zalizniak-2024-4583-3842	3842	to prevent	to prevent	1550	PREVENT
Zalizniak-2024-4583-3843	3843	to prick	to prick	1434	STAB
Zalizniak-2024-4583-3844	3844	to print	to print		
Zalizniak-2024-4583-3845	3845	to prohibit	to prohibit	83	FORBID
Zalizniak-2024-4583-3846	3846	to promise	to promise	1675	PROMISE
Zalizniak-2024-4583-3847	3847	to promote	to promote		
Zalizniak-2024-4583-3848	3848	to prop up	to prop up		
Zalizniak-2024-4583-3849	3849	to prosecute at law	to prosecute at law		
Zalizniak-2024-4583-3850	3850	*to prove	to prove		
Zalizniak-2024-4583-3851	3851	to prove, to argue	to prove, to argue		
Zalizniak-2024-4583-3852	3852	to provoke	to provoke		
Zalizniak-2024-4583-3853	3853	to pull ashore	to pull ashore		
Zalizniak-2024-4583-3854	3854	to pull hair	to pull hair		
Zalizniak-2024-4583-3855	3855	to pull up (a plant)	to pull up (a plant)	3548	PULL UP WEEDS
Zalizniak-2024-4583-3856	3856	to pull, to draw	to pull, to draw	1455	PULL
Zalizniak-2024-4583-3857	3857	to pump	to pump		
Zalizniak-2024-4583-3858	3858	to punish	to punish	3649	PUNISH
Zalizniak-2024-4583-3859	3859	to purr	to purr		
Zalizniak-2024-4583-3860	3860	to pursue	to pursue	1047	PURSUE
Zalizniak-2024-4583-3861	3861	to push	to push	1452	PUSH
Zalizniak-2024-4583-3862	3862	*to push	to push		
Zalizniak-2024-4583-3863	3863	to put	to put	998	PUT
Zalizniak-2024-4583-3864	3864	to put into	to put into		
Zalizniak-2024-4583-3865	3865	to put into the ground	to put into the ground		
Zalizniak-2024-4583-3866	3866	*to put on	to put on		
Zalizniak-2024-4583-3867	3867	*to put out	to put out		
Zalizniak-2024-4583-3868	3868	to put out one’s toungue	to put out one’s toungue		
Zalizniak-2024-4583-3869	3869	to put shoes on	to put shoes on		
Zalizniak-2024-4583-3870	3870	to put the evil eye (on), to bedevil	to put the evil eye (on), to bedevil		
Zalizniak-2024-4583-3871	3871	*to put together	to put together		
Zalizniak-2024-4583-3872	3872	to put up as a prize	to put up as a prize		
Zalizniak-2024-4583-3873	3873	*to quarrel	to quarrel		
Zalizniak-2024-4583-3874	3874	to raft timber	to raft timber		
Zalizniak-2024-4583-3875	3875	to raise, lift (tr.)	to raise, lift (tr.)	501	LIFT
Zalizniak-2024-4583-3876	3876	to rattle, rumble	to rattle, rumble		
Zalizniak-2024-4583-3877	3877	to reach	to reach		
Zalizniak-2024-4583-3878	3878	*to reach	to reach		
Zalizniak-2024-4583-3879	3879	to reach a state	to reach a state		
Zalizniak-2024-4583-3880	3880	to read	to read	724	READ
Zalizniak-2024-4583-3881	3881	*to reap	to reap		
Zalizniak-2024-4583-3882	3882	to rear up	to rear up		
Zalizniak-2024-4583-3883	3883	to recall, recollect	to recall, recollect	707	REMEMBER
Zalizniak-2024-4583-3884	3884	to receive visitors	to receive visitors	2225	RECEIVE VISITORS
Zalizniak-2024-4583-3885	3885	*to reckon	to reckon		
Zalizniak-2024-4583-3886	3886	to recognize	to recognize	2870	RECOGNIZE (SOMEBODY)
Zalizniak-2024-4583-3887	3887	to reconcile	to reconcile		
Zalizniak-2024-4583-3888	3888	to record	to record		
Zalizniak-2024-4583-3889	3889	to recover	to recover	1978	RECOVER
Zalizniak-2024-4583-3890	3890	to recover a debt	to recover a debt		
Zalizniak-2024-4583-3891	3891	to refuse	to refuse	49	REFUSE
Zalizniak-2024-4583-3892	3892	to refute	to refute		
Zalizniak-2024-4583-3893	3893	to regret	to regret	1875	REGRET
Zalizniak-2024-4583-3894	3894	to rein in	to rein in		
Zalizniak-2024-4583-3895	3895	to reincarnate	to reincarnate		
Zalizniak-2024-4583-3896	3896	*to rejoice	to rejoice		
Zalizniak-2024-4583-3897	3897	to release a fountain (of whale)	to release a fountain (of whale)		
Zalizniak-2024-4583-3898	3898	to relieve	to relieve		
Zalizniak-2024-4583-3899	3899	to relocate	to relocate		
Zalizniak-2024-4583-3900	3900	to remain, stay	to remain, stay	987	REMAIN
Zalizniak-2024-4583-3901	3901	*to remember	to remember		
Zalizniak-2024-4583-3902	3902	*to remember / recall	to remember / recall		
Zalizniak-2024-4583-3903	3903	to remind	to remind		
Zalizniak-2024-4583-3904	3904	to remove from fire	to remove from fire		
Zalizniak-2024-4583-3905	3905	to remove, eliminate	to remove, eliminate		
Zalizniak-2024-4583-3906	3906	to render a wall	to render a wall		
Zalizniak-2024-4583-3907	3907	to repaire, to mend	to repaire, to mend	2243	REPAIR
Zalizniak-2024-4583-3908	3908	to repatriate	to repatriate		
Zalizniak-2024-4583-3909	3909	to repeat	to repeat	880	REPEAT
Zalizniak-2024-4583-3910	3910	*to repent	to repent		
Zalizniak-2024-4583-3911	3911	to resemble, be alike	to resemble, be alike	1777	RESEMBLE
Zalizniak-2024-4583-3912	3912	to resign oneself	to resign oneself	1696	SURRENDER
Zalizniak-2024-4583-3913	3913	to respect	to respect	385	RESPECT (SOMEBODY)
Zalizniak-2024-4583-3914	3914	to rest	to rest	168	REST
Zalizniak-2024-4583-3915	3915	to restrain, control one’s feelings	to restrain, control one’s feelings		
Zalizniak-2024-4583-3916	3916	to restrict one's rights	to restrict one&#39;s rights		
Zalizniak-2024-4583-3917	3917	to result in	to result in	1723	RESULT IN
Zalizniak-2024-4583-3918	3918	to return (intr.)	to return (intr.)	581	COME BACK
Zalizniak-2024-4583-3919	3919	to return (tr.)	to return (tr.)	85	GIVE BACK
Zalizniak-2024-4583-3920	3920	*to revenge	to revenge		
Zalizniak-2024-4583-3921	3921	to revere	to revere		
Zalizniak-2024-4583-3922	3922	to revive	to revive		
Zalizniak-2024-4583-3923	3923	to revolt, rebel	to revolt, rebel	567	REBEL
Zalizniak-2024-4583-3924	3924	to ride (e.g., a horse)	to ride (e.g., a horse)	367	RIDE
Zalizniak-2024-4583-3925	3925	to ride a surfboard	to ride a surfboard		
Zalizniak-2024-4583-3926	3926	to ring (tr.)	to ring (tr.)	2875	RING (MAKE SOUND)
Zalizniak-2024-4583-3927	3927	to ripen	to ripen	179	RIPEN
Zalizniak-2024-4583-3928	3928	to rise (of Moon, Sun)	to rise (of Moon, Sun)	568	RISE (MOVE UPWARDS)
Zalizniak-2024-4583-3929	3929	to risk	to risk		
Zalizniak-2024-4583-3930	3930	to rivet	to rivet		
Zalizniak-2024-4583-3931	3931	to roast	to roast	1962	ROAST (SOMETHING)
Zalizniak-2024-4583-3932	3932	to rob	to rob	2073	ROB (VERB)
Zalizniak-2024-4583-3933	3933	to roll up a trunk (of elephant)	to roll up a trunk (of elephant)		
Zalizniak-2024-4583-3934	3934	to rot, putrefy	to rot, putrefy	2907	ROT
Zalizniak-2024-4583-3935	3935	to rotate (tr.)	to rotate (tr.)		
Zalizniak-2024-4583-3936	3936	to row (with oars)	to row (with oars)	1849	ROW
Zalizniak-2024-4583-3937	3937	to rub	to rub	1449	RUB
Zalizniak-2024-4583-3938	3938	*to rub	to rub		
Zalizniak-2024-4583-3939	3939	to run	to run	1519	RUN
Zalizniak-2024-4583-3940	3940	to run away	to run away	2142	RUN AWAY
Zalizniak-2024-4583-3941	3941	to run out (of smth)	to run out (of smth)		
Zalizniak-2024-4583-3942	3942	to run wild	to run wild		
Zalizniak-2024-4583-3943	3943	*to sacrifice (relig.)	to sacrifice (relig.)		
Zalizniak-2024-4583-3944	3944	to saddle	to saddle		
Zalizniak-2024-4583-3945	3945	to sail	to sail	787	SAIL
Zalizniak-2024-4583-3946	3946	to sail into harbour	to sail into harbour		
Zalizniak-2024-4583-3947	3947	to salt	to salt		
Zalizniak-2024-4583-3948	3948	to save	to save	2008	RESCUE
Zalizniak-2024-4583-3949	3949	to saw	to saw	3543	SAW (SOMETHING)
Zalizniak-2024-4583-3950	3950	to say	to say	1458	SAY
Zalizniak-2024-4583-3951	3951	to scald	to scald	3383	SCALD (BURN ONESELF WITH LIQUID)
Zalizniak-2024-4583-3952	3952	to scold	to scold	299	SCOLD
Zalizniak-2024-4583-3953	3953	to scratch (when itches)	to scratch (when itches)	1436	SCRATCH
Zalizniak-2024-4583-3954	3954	*to scratch (with nails)	to scratch (with nails)		
Zalizniak-2024-4583-3955	3955	to scream	to scream	3809	SCREAM (PRODUCE A CRY)
Zalizniak-2024-4583-3956	3956	to sculpt in clay	to sculpt in clay		
Zalizniak-2024-4583-3957	3957	to seal (a document)	to seal (a document)		
Zalizniak-2024-4583-3958	3958	to search, look for	to search, look for	1468	LOOK FOR
Zalizniak-2024-4583-3959	3959	to see/to look at	to see/to look at	1409	SEE
Zalizniak-2024-4583-3960	3960	to seem	to seem	1521	SEEM
Zalizniak-2024-4583-3961	3961	*to seize	to seize		
Zalizniak-2024-4583-3962	3962	to sell	to sell	1571	SELL
Zalizniak-2024-4583-3963	3963	to send	to send	1127	SEND
Zalizniak-2024-4583-3964	3964	to sentence	to sentence		
Zalizniak-2024-4583-3965	3965	to separate	to separate	1359	SEPARATE
Zalizniak-2024-4583-3966	3966	to set	to set		
Zalizniak-2024-4583-3967	3967	to set (of Moon, Sun)	to set (of Moon, Sun)	160	SET (HEAVENLY BODIES)
Zalizniak-2024-4583-3968	3968	to set a trap	to set a trap		
Zalizniak-2024-4583-3969	3969	to set bounds	to set bounds		
Zalizniak-2024-4583-3970	3970	to set cupping glass	to set cupping glass		
Zalizniak-2024-4583-3971	3971	*to set free	to set free		
Zalizniak-2024-4583-3972	3972	to set upright	to set upright		
Zalizniak-2024-4583-3973	3973	to sew	to sew	1457	SEW
Zalizniak-2024-4583-3974	3974	to shake	to shake	1909	SHAKE
Zalizniak-2024-4583-3975	3975	to shake off	to shake off		
Zalizniak-2024-4583-3976	3976	to share	to share	884	SHARE
Zalizniak-2024-4583-3977	3977	to sharpen	to sharpen	251	SHARPEN (SOMETHING)
Zalizniak-2024-4583-3978	3978	to shave	to shave	231	SHAVE
Zalizniak-2024-4583-3979	3979	to shear	to shear	1532	SHEAR
Zalizniak-2024-4583-3980	3980	to shed hair or feathers	to shed hair or feathers		
Zalizniak-2024-4583-3981	3981	to shed leaves	to shed leaves		
Zalizniak-2024-4583-3982	3982	to shine	to shine	708	SHINE
Zalizniak-2024-4583-3983	3983	*to shine, glitter	to shine, glitter		
Zalizniak-2024-4583-3984	3984	to shirk	to shirk		
Zalizniak-2024-4583-3985	3985	to shock (of electric current)	to shock (of electric current)		
Zalizniak-2024-4583-3986	3986	to shoe (horses)	to shoe (horses)		
Zalizniak-2024-4583-3987	3987	to shoot	to shoot	1172	SHOOT
Zalizniak-2024-4583-3988	3988	to shout	to shout	715	SHOUT
Zalizniak-2024-4583-3989	3989	to show, indicate	to show, indicate	1039	SHOW
Zalizniak-2024-4583-3990	3990	to shrink	to shrink	54	SHRINK
Zalizniak-2024-4583-3991	3991	*to shrink (of textile)	to shrink (of textile)		
Zalizniak-2024-4583-3992	3992	*to shut one's eyes	to shut one&#39;s eyes		
Zalizniak-2024-4583-3993	3993	to shut, close	to shut, close	1046	SHUT
Zalizniak-2024-4583-3994	3994	to sin	to sin		
Zalizniak-2024-4583-3995	3995	to sing	to sing	1261	SING
Zalizniak-2024-4583-3996	3996	to sink (tr.)	to sink (tr.)	1088	SINK (DESCEND)
Zalizniak-2024-4583-3997	3997	to sink into	to sink into		
Zalizniak-2024-4583-3998	3998	to sit	to sit	1416	SIT
Zalizniak-2024-4583-3999	3999	to sit down	to sit down	1649	SIT DOWN
Zalizniak-2024-4583-4000	4000	to ski	to ski	2991	SKI
Zalizniak-2024-4583-4001	4001	to skin, flay	to skin, flay	291	PULL OFF (SKIN)
Zalizniak-2024-4583-4002	4002	to skip over, overlook	to skip over, overlook		
Zalizniak-2024-4583-4003	4003	to slake (hunger, thirst)	to slake (hunger, thirst)		
Zalizniak-2024-4583-4004	4004	to slander	to slander	3641	SLANDER
Zalizniak-2024-4583-4005	4005	to slap one's thighs	to slap one&#39;s thighs		
Zalizniak-2024-4583-4006	4006	*to slaughter (cattle)	to slaughter (cattle)		
Zalizniak-2024-4583-4007	4007	*to sleep	to sleep		
Zalizniak-2024-4583-4008	4008	to sleep one's fill	to sleep one&#39;s fill		
Zalizniak-2024-4583-4009	4009	to slide	to slide		
Zalizniak-2024-4583-4010	4010	*to slide, slip	to slide, slip		
Zalizniak-2024-4583-4011	4011	to slim	to slim		
Zalizniak-2024-4583-4012	4012	*to slip	to slip		
Zalizniak-2024-4583-4013	4013	to slow, linger	to slow, linger		
Zalizniak-2024-4583-4014	4014	to smear, anoint	to smear, anoint	364	SMEAR
Zalizniak-2024-4583-4015	4015	*to smell bad	to smell bad		
Zalizniak-2024-4583-4016	4016	to smile	to smile	1451	SMILE
Zalizniak-2024-4583-4017	4017	to smoke (meat or fish)	to smoke (meat or fish)		
Zalizniak-2024-4583-4018	4018	to smoke (tobacco)	to smoke (tobacco)	1689	SMOKE (INHALE)
Zalizniak-2024-4583-4019	4019	to smooth	to smooth		
Zalizniak-2024-4583-4020	4020	to snitch	to snitch		
Zalizniak-2024-4583-4021	4021	to snore	to snore	1983	SNORE
Zalizniak-2024-4583-4022	4022	to snuff a candle	to snuff a candle		
Zalizniak-2024-4583-4023	4023	to soar	to soar		
Zalizniak-2024-4583-4024	4024	to soften (an object)	to soften (an object)		
Zalizniak-2024-4583-4025	4025	to soil, make dirty	to soil, make dirty	1015	SOIL
Zalizniak-2024-4583-4026	4026	to solve (a problem)	to solve (a problem)		
Zalizniak-2024-4583-4027	4027	to sound	to sound		
Zalizniak-2024-4583-4028	4028	to sow	to sow	748	SOW SEEDS
Zalizniak-2024-4583-4029	4029	to spare, to economize	to spare, to economize		
Zalizniak-2024-4583-4030	4030	to spawn	to spawn	2227	SPAWN (VERB)
Zalizniak-2024-4583-4031	4031	to speak	to speak	1623	SPEAK
Zalizniak-2024-4583-4032	4032	to spell	to spell		
Zalizniak-2024-4583-4033	4033	to spend (money)	to spend (money)		
Zalizniak-2024-4583-4034	4034	to spit	to spit	1440	SPIT
Zalizniak-2024-4583-4035	4035	to spoil (intr.)	to spoil (intr.)	569	SPOIL (BECOME SPOILED)
Zalizniak-2024-4583-4036	4036	to spoil (tr.)	to spoil (tr.)	92	SPOIL (SOMEBODY OR SOMETHING)
Zalizniak-2024-4583-4037	4037	to spread (intr.)	to spread (intr.)	38	SPREAD OUT
Zalizniak-2024-4583-4038	4038	to spread one's arms	to spread one&#39;s arms		
Zalizniak-2024-4583-4039	4039	to spring, jump	to spring, jump	1829	JUMP
Zalizniak-2024-4583-4040	4040	to sprinkle	to sprinkle		
Zalizniak-2024-4583-4041	4041	to spur a horse	to spur a horse		
Zalizniak-2024-4583-4042	4042	to spy	to spy		
Zalizniak-2024-4583-4043	4043	to squeak	to squeak	3692	SQUEAK
Zalizniak-2024-4583-4044	4044	to squeeze	to squeeze	1414	SQUEEZE
Zalizniak-2024-4583-4045	4045	*to stab	to stab		
Zalizniak-2024-4583-4046	4046	*to stab with a spear	to stab with a spear		
Zalizniak-2024-4583-4047	4047	to stammer, stutter	to stammer, stutter	1866	STUTTER
Zalizniak-2024-4583-4048	4048	to stamp one's foot	to stamp one&#39;s foot		
Zalizniak-2024-4583-4049	4049	*to stand	to stand		
Zalizniak-2024-4583-4050	4050	to stand in front	to stand in front		
Zalizniak-2024-4583-4051	4051	to stand motionless	to stand motionless		
Zalizniak-2024-4583-4052	4052	to stand near	to stand near		
Zalizniak-2024-4583-4053	4053	to stand still	to stand still		
Zalizniak-2024-4583-4054	4054	to stand up	to stand up	570	STAND UP
Zalizniak-2024-4583-4055	4055	to stare	to stare		
Zalizniak-2024-4583-4056	4056	to start moving	to start moving		
Zalizniak-2024-4583-4057	4057	to stay awake	to stay awake		
Zalizniak-2024-4583-4058	4058	to steal	to steal	713	STEAL
Zalizniak-2024-4583-4059	4059	to steer a vessel	to steer a vessel		
Zalizniak-2024-4583-4060	4060	to step on	to step on		
Zalizniak-2024-4583-4061	4061	to stick, adhere	to stick, adhere	254	STICKING
Zalizniak-2024-4583-4062	4062	to sting	to sting	571	STING
Zalizniak-2024-4583-4063	4063	to stop (intr.)	to stop (intr.)	1928	CEASE
Zalizniak-2024-4583-4064	4064	to stop (tr.)	to stop (tr.)	2880	HALT (STOP)
Zalizniak-2024-4583-4065	4065	to stop doing smth.	to stop doing smth.	3351	STOP DOING
Zalizniak-2024-4583-4066	4066	to stop feeling pain	to stop feeling pain		
Zalizniak-2024-4583-4067	4067	to stop moving	to stop moving		
Zalizniak-2024-4583-4068	4068	to straighten	to straighten		
Zalizniak-2024-4583-4069	4069	to strain	to strain	940	STRAIN
Zalizniak-2024-4583-4070	4070	to strengthen	to strengthen		
Zalizniak-2024-4583-4071	4071	to strew	to strew	572	STREW
Zalizniak-2024-4583-4072	4072	to strike, hit	to strike, hit	353	STRIKE
Zalizniak-2024-4583-4073	4073	to struggle	to struggle		
Zalizniak-2024-4583-4074	4074	to stumble	to stumble	3617	STUMBLE
Zalizniak-2024-4583-4075	4075	*to stumble on	to stumble on		
Zalizniak-2024-4583-4076	4076	to stun, to knock out	to stun, to knock out		
Zalizniak-2024-4583-4077	4077	to subjugate	to subjugate	1516	SUBJUGATE
Zalizniak-2024-4583-4078	4078	to subside (medicine)	to subside (medicine)		
Zalizniak-2024-4583-4079	4079	to subtract	to subtract		
Zalizniak-2024-4583-4080	4080	to succeed	to succeed	1112	SUCCEED
Zalizniak-2024-4583-4081	4081	to suck	to suck	1421	SUCK
Zalizniak-2024-4583-4082	4082	*to suffer	to suffer		
Zalizniak-2024-4583-4083	4083	to suffer from hunger	to suffer from hunger		
Zalizniak-2024-4583-4084	4084	to suffer from rheumatism	to suffer from rheumatism		
Zalizniak-2024-4583-4085	4085	*to suffice, be enough	to suffice, be enough		
Zalizniak-2024-4583-4086	4086	*to suit (of clothes)	to suit (of clothes)		
Zalizniak-2024-4583-4087	4087	to suppress	to suppress		
Zalizniak-2024-4583-4088	4088	to surpass	to surpass	402	SURPASS
Zalizniak-2024-4583-4089	4089	*to surpass, exceed	to surpass, exceed		
Zalizniak-2024-4583-4090	4090	*to surprise	to surprise		
Zalizniak-2024-4583-4091	4091	to swagger	to swagger		
Zalizniak-2024-4583-4092	4092	to swallow	to swallow	897	SWALLOW
Zalizniak-2024-4583-4093	4093	to swarm (bees)	to swarm (bees)		
Zalizniak-2024-4583-4094	4094	to sway	to sway	573	SWAY
Zalizniak-2024-4583-4095	4095	to swear (an oath)	to swear (an oath)	1939	SWEAR
Zalizniak-2024-4583-4096	4096	*to swear, curse	to swear, curse		
Zalizniak-2024-4583-4097	4097	to sweat	to sweat	126	SWEAT (PERSPIRE)
Zalizniak-2024-4583-4098	4098	to sweep	to sweep	230	SWEEP
Zalizniak-2024-4583-4099	4099	to swell up	to swell up	1573	SWELL
Zalizniak-2024-4583-4100	4100	to swim	to swim	1439	SWIM
Zalizniak-2024-4583-4101	4101	to swingle, scutch, felt	to swingle, scutch, felt		
Zalizniak-2024-4583-4102	4102	to switch off	to switch off		
Zalizniak-2024-4583-4103	4103	to switch on	to switch on		
Zalizniak-2024-4583-4104	4104	to sympathize	to sympathize	3903	SYMPATHIZE
Zalizniak-2024-4583-4105	4105	to systematize	to systematize		
Zalizniak-2024-4583-4106	4106	to take	to take	1749	TAKE
Zalizniak-2024-4583-4107	4107	to take a husband	to take a husband		
Zalizniak-2024-4583-4108	4108	to take away, carry away	to take away, carry away		
Zalizniak-2024-4583-4109	4109	to take down	to take down		
Zalizniak-2024-4583-4110	4110	to take into account	to take into account		
Zalizniak-2024-4583-4111	4111	to take off (tr.)	to take off (tr.)	1755	UNDRESS
Zalizniak-2024-4583-4112	4112	to take one thing for another	to take one thing for another		
Zalizniak-2024-4583-4113	4113	to take out	to take out	3654	TAKE OUT
Zalizniak-2024-4583-4114	4114	to take possession	to take possession		
Zalizniak-2024-4583-4115	4115	to take prisoner	to take prisoner		
Zalizniak-2024-4583-4116	4116	*to talk in a complicated way	to talk in a complicated way		
Zalizniak-2024-4583-4117	4117	to talk nonsense	to talk nonsense		
Zalizniak-2024-4583-4118	4118	to tame	to tame	3901	TAMING
Zalizniak-2024-4583-4119	4119	to tame (animal)	to tame (animal)		
Zalizniak-2024-4583-4120	4120	to tan (hides)	to tan (hides)	247	TAN
Zalizniak-2024-4583-4121	4121	to taste (tr.)	to taste (tr.)	21	TASTE (SOMETHING)
Zalizniak-2024-4583-4122	4122	to teach	to teach	709	TEACH
Zalizniak-2024-4583-4123	4123	*to teach	to teach		
Zalizniak-2024-4583-4124	4124	to tear apart	to tear apart	1735	TEAR (SHRED)
Zalizniak-2024-4583-4125	4125	to tear off, peel off	to tear off, peel off	275	PEEL
Zalizniak-2024-4583-4126	4126	*to tear, rend	to tear, rend		
Zalizniak-2024-4583-4127	4127	to tell	to tell	1711	TELL
Zalizniak-2024-4583-4128	4128	to tell a person's fortune	to tell a person&#39;s fortune	226	TELL FORTUNES
Zalizniak-2024-4583-4129	4129	to tell lie	to tell lie	601	LIE (MISLEAD)
Zalizniak-2024-4583-4130	4130	to temper (iron)	to temper (iron)		
Zalizniak-2024-4583-4131	4131	to think	to think	2271	THINK
Zalizniak-2024-4583-4132	4132	to threaten	to threaten	1192	THREATEN
Zalizniak-2024-4583-4133	4133	to thresh (grain)	to thresh (grain)	285	THRESH
Zalizniak-2024-4583-4134	4134	to throw	to throw	1456	THROW
Zalizniak-2024-4583-4135	4135	to throw a lasso	to throw a lasso		
Zalizniak-2024-4583-4136	4136	to throw on the ground	to throw on the ground		
Zalizniak-2024-4583-4137	4137	*to thrust (into)	to thrust (into)		
Zalizniak-2024-4583-4138	4138	to thunder	to thunder	2378	THUNDER (VERB)
Zalizniak-2024-4583-4139	4139	to tickle	to tickle	3647	TICKLE (SOMEBODY)
Zalizniak-2024-4583-4140	4140	to tie	to tie	1917	TIE
Zalizniak-2024-4583-4141	4141	to tin	to tin		
Zalizniak-2024-4583-4142	4142	to torture	to torture	1952	TORTURE
Zalizniak-2024-4583-4143	4143	*to torture	to torture		
Zalizniak-2024-4583-4144	4144	*to toss	to toss		
Zalizniak-2024-4583-4145	4145	to touch	to touch	1892	TOUCH
Zalizniak-2024-4583-4146	4146	to trade	to trade		
Zalizniak-2024-4583-4147	4147	*to trade	to trade		
Zalizniak-2024-4583-4148	4148	to transit	to transit	574	TRANSIT
Zalizniak-2024-4583-4149	4149	to translate	to translate	2906	TRANSLATE
Zalizniak-2024-4583-4150	4150	to travel	to travel	3665	TRAVEL
Zalizniak-2024-4583-4151	4151	to tread	to tread	575	TREAD
Zalizniak-2024-4583-4152	4152	to treat, regale	to treat, regale		
Zalizniak-2024-4583-4153	4153	to tremble	to tremble	52	SHIVER
Zalizniak-2024-4583-4154	4154	to trust	to trust	3902	TRUST (SOMEBODY)
Zalizniak-2024-4583-4155	4155	*to trust / to believe in	to trust / to believe in		
Zalizniak-2024-4583-4156	4156	to try, to attempt	to try, to attempt	1812	TRY
Zalizniak-2024-4583-4157	4157	to turn (of age)	to turn (of age)		
Zalizniak-2024-4583-4158	4158	to turn back to look at smth.	to turn back to look at smth.		
Zalizniak-2024-4583-4159	4159	to turn into (tr.)	to turn into (tr.)		
Zalizniak-2024-4583-4160	4160	to turn into an animal	to turn into an animal		
Zalizniak-2024-4583-4161	4161	to turn over	to turn over	3537	TURN OVER
Zalizniak-2024-4583-4162	4162	*to turn round	to turn round		
Zalizniak-2024-4583-4163	4163	to turn sour	to turn sour	2229	BECOME SOUR
Zalizniak-2024-4583-4164	4164	*to turn upside down, roll over	to turn upside down, roll over		
Zalizniak-2024-4583-4165	4165	to turn, rotate (intr.)	to turn, rotate (intr.)	1588	TURN
Zalizniak-2024-4583-4166	4166	to turn, rotate (tr.)	to turn, rotate (tr.)	1445	TURN (SOMETHING)
Zalizniak-2024-4583-4167	4167	to twinkle, glimmer	to twinkle, glimmer	2889	TWINKLE
Zalizniak-2024-4583-4168	4168	to twist (a rope)	to twist (a rope)	3236	TWIST (TOGETHER)
Zalizniak-2024-4583-4169	4169	to understand	to understand	1536	UNDERSTAND
Zalizniak-2024-4583-4170	4170	*to undress (intr.)	to undress (intr.)		
Zalizniak-2024-4583-4171	4171	*to undress (tr.)	to undress (tr.)		
Zalizniak-2024-4583-4172	4172	to unfold, unwind	to unfold, unwind		
Zalizniak-2024-4583-4173	4173	*to unite	to unite		
Zalizniak-2024-4583-4174	4174	to unload, download	to unload, download		
Zalizniak-2024-4583-4175	4175	to unravel	to unravel		
Zalizniak-2024-4583-4176	4176	to untie, unbind	to untie, unbind	352	UNTIE
Zalizniak-2024-4583-4177	4177	to untwist, unscrew (intr.)	to untwist, unscrew (intr.)		
Zalizniak-2024-4583-4178	4178	to uproot	to uproot	2325	PULL OUT
Zalizniak-2024-4583-4179	4179	to urinate	to urinate	592	PISS
Zalizniak-2024-4583-4180	4180	to use	to use	2072	USE (VERB)
Zalizniak-2024-4583-4181	4181	to vaccinate	to vaccinate		
Zalizniak-2024-4583-4182	4182	to vex, exasperate	to vex, exasperate		
Zalizniak-2024-4583-4183	4183	to visit	to visit	1377	VISIT
Zalizniak-2024-4583-4184	4184	to vomit	to vomit	1278	VOMIT
Zalizniak-2024-4583-4185	4185	to wait	to wait	1590	WAIT (FOR)
Zalizniak-2024-4583-4186	4186	*to wake up (intr.)	to wake up (intr.)		
Zalizniak-2024-4583-4187	4187	*to walk, to go	to walk, to go		
Zalizniak-2024-4583-4188	4188	to walk, wander	to walk, wander	3666	WANDER
Zalizniak-2024-4583-4189	4189	to wander off	to wander off		
Zalizniak-2024-4583-4190	4190	to wane (of the Moon)	to wane (of the Moon)		
Zalizniak-2024-4583-4191	4191	to want	to want	1784	WANT
Zalizniak-2024-4583-4192	4192	to warm up	to warm up	2032	WARM UP
Zalizniak-2024-4583-4193	4193	to wash	to wash	1453	WASH
Zalizniak-2024-4583-4194	4194	to wash (clothes)	to wash (clothes)	2503	LAUNDER (WASH CLOTHES)
Zalizniak-2024-4583-4195	4195	to waste	to waste	79	WASTE
Zalizniak-2024-4583-4196	4196	to watch, look after	to watch, look after		
Zalizniak-2024-4583-4197	4197	to water (plants)	to water (plants)	3078	IRRIGATE
Zalizniak-2024-4583-4198	4198	*to water, to give water	to water, to give water		
Zalizniak-2024-4583-4199	4199	to wave (of water)	to wave (of water)		
Zalizniak-2024-4583-4200	4200	to weaken (about wind)	to weaken (about wind)		
Zalizniak-2024-4583-4201	4201	to weaken (intr.)	to weaken (intr.)		
Zalizniak-2024-4583-4202	4202	to weaken, loosen	to weaken, loosen		
Zalizniak-2024-4583-4203	4203	to wear (clothes)	to wear (clothes)	976	WEAR
Zalizniak-2024-4583-4204	4204	to weave	to weave	133	WEAVE
Zalizniak-2024-4583-4205	4205	*to weed	to weed		
Zalizniak-2024-4583-4206	4206	to weigh (intr.)	to weigh (intr.)		
Zalizniak-2024-4583-4207	4207	to weigh (tr.)	to weigh (tr.)	1098	WEIGH
Zalizniak-2024-4583-4208	4208	to weld	to weld		
Zalizniak-2024-4583-4209	4209	to wet, moisten	to wet, moisten	28	MOISTEN
Zalizniak-2024-4583-4210	4210	*to whet	to whet		
Zalizniak-2024-4583-4211	4211	to whine	to whine		
Zalizniak-2024-4583-4212	4212	to whip	to whip		
Zalizniak-2024-4583-4213	4213	to whisper	to whisper	55	WHISPER
Zalizniak-2024-4583-4214	4214	to whistle	to whistle	1025	WHISTLE
Zalizniak-2024-4583-4215	4215	to winnow	to winnow	2462	WINNOWING
Zalizniak-2024-4583-4216	4216	to wipe	to wipe	1454	WIPE
Zalizniak-2024-4583-4217	4217	to wither	to wither		
Zalizniak-2024-4583-4218	4218	*to work	to work		
Zalizniak-2024-4583-4219	4219	to work carelessly	to work carelessly		
Zalizniak-2024-4583-4220	4220	to worry, be agitated	to worry, be agitated	150	WORRY
Zalizniak-2024-4583-4221	4221	to worship	to worship	257	WORSHIP
Zalizniak-2024-4583-4222	4222	to wound (tr.)	to wound (tr.)	2411	HURT (SOMEBODY)
Zalizniak-2024-4583-4223	4223	to wrestle	to wrestle		
Zalizniak-2024-4583-4224	4224	to wring a cloth	to wring a cloth	3224	WRING
Zalizniak-2024-4583-4225	4225	to write	to write	1672	WRITE
Zalizniak-2024-4583-4226	4226	to yawn	to yawn	1028	YAWN
Zalizniak-2024-4583-4227	4227	to yield (of land)	to yield (of land)		
Zalizniak-2024-4583-4228	4228	toad	toad	894	TOAD
Zalizniak-2024-4583-4229	4229	tobacco	tobacco	974	TOBACCO
Zalizniak-2024-4583-4230	4230	tobacco pipe	tobacco pipe	1124	PIPE
Zalizniak-2024-4583-4231	4231	today	today	1283	TODAY
Zalizniak-2024-4583-4232	4232	together	together	2482	TOGETHER
Zalizniak-2024-4583-4233	4233	toilet	toilet	219	TOILET
Zalizniak-2024-4583-4234	4234	tomato (Solanum lycopersicum)	tomato (Solanum lycopersicum)	986	TOMATO
Zalizniak-2024-4583-4235	4235	*tomb	tomb		
Zalizniak-2024-4583-4236	4236	tomorrow	tomorrow	1329	TOMORROW
Zalizniak-2024-4583-4237	4237	tone	tone	2995	TONE (MUSIC)
Zalizniak-2024-4583-4238	4238	tongue (body part)	tongue (body part)	1205	TONGUE
Zalizniak-2024-4583-4239	4239	tonsil	tonsil		
Zalizniak-2024-4583-4240	4240	tonsure (of monk)	tonsure (of monk)		
Zalizniak-2024-4583-4241	4241	too much	too much		
Zalizniak-2024-4583-4242	4242	tooth	tooth	1380	TOOTH
Zalizniak-2024-4583-4243	4243	toothless	toothless		
Zalizniak-2024-4583-4244	4244	top of the head	top of the head		
Zalizniak-2024-4583-4245	4245	top, upper part	top, upper part	1753	TOP
Zalizniak-2024-4583-4246	4246	top/crown (of a tree)	top/crown (of a tree)	3036	TREETOP
Zalizniak-2024-4583-4247	4247	torch	torch	1919	TORCH
Zalizniak-2024-4583-4248	4248	torch fishing	torch fishing		
Zalizniak-2024-4583-4249	4249	torn	torn		
Zalizniak-2024-4583-4250	4250	torpid person	torpid person		
Zalizniak-2024-4583-4251	4251	torso	torso	2667	TORSO
Zalizniak-2024-4583-4252	4252	tortoise, turtle	tortoise, turtle	112	TURTLE
Zalizniak-2024-4583-4253	4253	totally, absolutely	totally, absolutely		
Zalizniak-2024-4583-4254	4254	touched	touched		
Zalizniak-2024-4583-4255	4255	tower	tower	1671	TOWER
Zalizniak-2024-4583-4256	4256	town	town	1391	TOWN
Zalizniak-2024-4583-4257	4257	toy	toy	2403	TOY
Zalizniak-2024-4583-4258	4258	trace	trace		
Zalizniak-2024-4583-4259	4259	track idler wheel	track idler wheel		
Zalizniak-2024-4583-4260	4260	trader	trader		
Zalizniak-2024-4583-4261	4261	traffic jam	traffic jam		
Zalizniak-2024-4583-4262	4262	trailer (vehicle)	trailer (vehicle)		
Zalizniak-2024-4583-4263	4263	trait	trait		
Zalizniak-2024-4583-4264	4264	traitor	traitor	4092	TRAITOR
Zalizniak-2024-4583-4265	4265	transparent	transparent	3754	TRANSPARENT
Zalizniak-2024-4583-4266	4266	transport station	transport station	4043	STATION
Zalizniak-2024-4583-4267	4267	transversal, crosscut	transversal, crosscut		
Zalizniak-2024-4583-4268	4268	trap, snare (n.)	trap, snare (n.)	3320	SNARE (TRAP)
Zalizniak-2024-4583-4269	4269	tray	tray	2629	TRAY
Zalizniak-2024-4583-4270	4270	*tree	tree		
Zalizniak-2024-4583-4271	4271	trench	trench	2538	TRENCH (FOSSE)
Zalizniak-2024-4583-4272	4272	triangle	triangle	4077	TRIANGLE
Zalizniak-2024-4583-4273	4273	tribe	tribe	1549	TRIBE
Zalizniak-2024-4583-4274	4274	tribunal	tribunal		
Zalizniak-2024-4583-4275	4275	*trick, deceit	trick, deceit		
Zalizniak-2024-4583-4276	4276	trick, hocus-pocus	trick, hocus-pocus		
Zalizniak-2024-4583-4277	4277	trigger (of a gun)	trigger (of a gun)		
Zalizniak-2024-4583-4278	4278	Triglidae (fish)	Triglidae (fish)		
Zalizniak-2024-4583-4279	4279	Trimorphodon biscutatus	Trimorphodon biscutatus		
Zalizniak-2024-4583-4280	4280	troop (of animals)	troop (of animals)		
Zalizniak-2024-4583-4281	4281	troop (of fishes)	troop (of fishes)		
Zalizniak-2024-4583-4282	4282	trough	trough	205	TROUGH
Zalizniak-2024-4583-4283	4283	trouser-leg	trouser-leg		
Zalizniak-2024-4583-4284	4284	truck, lorry	truck, lorry		
Zalizniak-2024-4583-4285	4285	true sedge (Carex)	true sedge (Carex)		
Zalizniak-2024-4583-4286	4286	truffle	truffle		
Zalizniak-2024-4583-4287	4287	trump (in cards)	trump (in cards)		
Zalizniak-2024-4583-4288	4288	trumpet	trumpet	775	TRUMPET
Zalizniak-2024-4583-4289	4289	trunk (of a tree)	trunk (of a tree)	344	TREE TRUNK
Zalizniak-2024-4583-4290	4290	trunk, proboscis (of elephant)	trunk, proboscis (of elephant)	3678	ELEPHANT TRUNK
Zalizniak-2024-4583-4291	4291	trust, confidence	trust, confidence		
Zalizniak-2024-4583-4292	4292	truth	truth	1638	TRUTH
Zalizniak-2024-4583-4293	4293	tube, pipe	tube, pipe	2956	TUBE
Zalizniak-2024-4583-4294	4294	tuber	tuber		
Zalizniak-2024-4583-4295	4295	tuberculosis	tuberculosis		
Zalizniak-2024-4583-4296	4296	Tuesday	Tuesday	1695	TUESDAY
Zalizniak-2024-4583-4297	4297	tufted vetch	tufted vetch		
Zalizniak-2024-4583-4298	4298	tumult, turmoil	tumult, turmoil		
Zalizniak-2024-4583-4299	4299	tundra	tundra		
Zalizniak-2024-4583-4300	4300	tuning peg	tuning peg		
Zalizniak-2024-4583-4301	4301	*turbid	turbid		
Zalizniak-2024-4583-4302	4302	Turk	Turk		
Zalizniak-2024-4583-4303	4303	turkey	turkey	2386	TURKEY
Zalizniak-2024-4583-4304	4304	turmeric (Curcuma)	turmeric (Curcuma)	2842	TURMERIC
Zalizniak-2024-4583-4305	4305	turnip	turnip	3062	TURNIP
Zalizniak-2024-4583-4306	4306	turnstone (Arenaria)	turnstone (Arenaria)		
Zalizniak-2024-4583-4307	4307	tusk (of animal)	tusk (of animal)	3280	TUSK
Zalizniak-2024-4583-4308	4308	twelve	twelve	1707	TWELVE
Zalizniak-2024-4583-4309	4309	twin	twin	1005	TWINS
Zalizniak-2024-4583-4310	4310	two	two	1498	TWO
Zalizniak-2024-4583-4311	4311	tympanum (of ear)	tympanum (of ear)		
Zalizniak-2024-4583-4312	4312	tyre (of a car)	tyre (of a car)		
Zalizniak-2024-4583-4313	4313	udder	udder	154	UDDER
Zalizniak-2024-4583-4314	4314	ugly, unpleasant	ugly, unpleasant	1548	UGLY
Zalizniak-2024-4583-4315	4315	umbel	umbel		
Zalizniak-2024-4583-4316	4316	umbrella	umbrella	3105	UMBRELLA
Zalizniak-2024-4583-4317	4317	unbroken horse	unbroken horse		
Zalizniak-2024-4583-4318	4318	uncle	uncle	1327	UNCLE
Zalizniak-2024-4583-4319	4319	*uncle (father's brother)	uncle (father&#39;s brother)		
Zalizniak-2024-4583-4320	4320	uncle (father's sister's husband)	uncle (father&#39;s sister&#39;s husband)	2690	UNCLE (HUSBAND OF FATHER'S SISTER)
Zalizniak-2024-4583-4321	4321	uncle (mother's brother)	uncle (mother&#39;s brother)	2692	MATERNAL UNCLE (MOTHER'S BROTHER)
Zalizniak-2024-4583-4322	4322	uncle (mother's sister's husband)	uncle (mother&#39;s sister&#39;s husband)	2694	MATERNAL UNCLE (HUSBAND OF ONE'S MATERNAL AUNT)
Zalizniak-2024-4583-4323	4323	uncultivated, unprocessed	uncultivated, unprocessed		
Zalizniak-2024-4583-4324	4324	under age	under age		
Zalizniak-2024-4583-4325	4325	under, below	under, below	1485	BELOW OR UNDER
Zalizniak-2024-4583-4326	4326	undercooked	undercooked		
Zalizniak-2024-4583-4327	4327	underground, subterranean	underground, subterranean		
Zalizniak-2024-4583-4328	4328	underwear	underwear		
Zalizniak-2024-4583-4329	4329	undiluted	undiluted		
Zalizniak-2024-4583-4330	4330	unexpected	unexpected		
Zalizniak-2024-4583-4331	4331	unfair	unfair		
Zalizniak-2024-4583-4332	4332	unfaithful, adulterous	unfaithful, adulterous		
Zalizniak-2024-4583-4333	4333	unforested, treeless place	unforested, treeless place		
Zalizniak-2024-4583-4334	4334	unfunny	unfunny		
Zalizniak-2024-4583-4335	4335	unimportant, slight	unimportant, slight		
Zalizniak-2024-4583-4336	4336	uninhabited (place)	uninhabited (place)		
Zalizniak-2024-4583-4337	4337	union	union		
Zalizniak-2024-4583-4338	4338	unique	unique		
Zalizniak-2024-4583-4339	4339	unit of area	unit of area		
Zalizniak-2024-4583-4340	4340	unit of length	unit of length		
Zalizniak-2024-4583-4341	4341	unit of speed	unit of speed		
Zalizniak-2024-4583-4342	4342	unknown	unknown		
Zalizniak-2024-4583-4343	4343	unleavened (bread)	unleavened (bread)		
Zalizniak-2024-4583-4344	4344	unlucky	unlucky		
Zalizniak-2024-4583-4345	4345	unmarried	unmarried		
Zalizniak-2024-4583-4346	4346	unpleasant	unpleasant	26	UNPLEASANT
Zalizniak-2024-4583-4347	4347	unpleasant place	unpleasant place		
Zalizniak-2024-4583-4348	4348	unprofitable	unprofitable		
Zalizniak-2024-4583-4349	4349	unreliable	unreliable		
Zalizniak-2024-4583-4350	4350	unripe (fruit)	unripe (fruit)	1958	UNRIPE
Zalizniak-2024-4583-4351	4351	unskillful	unskillful		
Zalizniak-2024-4583-4352	4352	unusual	unusual		
Zalizniak-2024-4583-4353	4353	upper arm	upper arm	431	UPPER ARM
Zalizniak-2024-4583-4354	4354	upper part (of a leg)	upper part (of a leg)	471	UPPER LEG (THIGH)
Zalizniak-2024-4583-4355	4355	upper reach (of river)	upper reach (of river)		
Zalizniak-2024-4583-4356	4356	upriver	upriver		
Zalizniak-2024-4583-4357	4357	upside down	upside down		
Zalizniak-2024-4583-4358	4358	urban	urban		
Zalizniak-2024-4583-4359	4359	urgent	urgent		
Zalizniak-2024-4583-4360	4360	urinary bladder	urinary bladder	1746	BLADDER
Zalizniak-2024-4583-4361	4361	urine	urine	1142	URINE
Zalizniak-2024-4583-4362	4362	useless thing	useless thing		
Zalizniak-2024-4583-4363	4363	usual	usual		
Zalizniak-2024-4583-4364	4364	uterus	uterus		
Zalizniak-2024-4583-4365	4365	uvula	uvula	2293	UVULA
Zalizniak-2024-4583-4366	4366	vessel	&lt;vessel&gt;		
Zalizniak-2024-4583-4367	4367	vacancy	vacancy		
Zalizniak-2024-4583-4368	4368	vacation	vacation		
Zalizniak-2024-4583-4369	4369	vagina	vagina	1836	VAGINA
Zalizniak-2024-4583-4370	4370	vain, in vain	vain, in vain	1765	IN VAIN
Zalizniak-2024-4583-4371	4371	valerian	valerian		
Zalizniak-2024-4583-4372	4372	valid	valid		
Zalizniak-2024-4583-4373	4373	varicose veins	varicose veins		
Zalizniak-2024-4583-4374	4374	vegetable marrow	vegetable marrow		
Zalizniak-2024-4583-4375	4375	vegetable oil	vegetable oil	2555	OIL (FROM PLANTS)
Zalizniak-2024-4583-4376	4376	*vegetation	vegetation		
Zalizniak-2024-4583-4377	4377	vehicle	vehicle	2549	VEHICLE
Zalizniak-2024-4583-4378	4378	veil, head-covering	veil, head-covering	1151	VEIL
Zalizniak-2024-4583-4379	4379	venereal disease	venereal disease		
Zalizniak-2024-4583-4380	4380	venous (blood)	venous (blood)		
Zalizniak-2024-4583-4381	4381	Venus	Venus		
Zalizniak-2024-4583-4382	4382	verb	verb		
Zalizniak-2024-4583-4383	4383	verse	verse		
Zalizniak-2024-4583-4384	4384	*vertebra	vertebra		
Zalizniak-2024-4583-4385	4385	very	very	1311	VERY
Zalizniak-2024-4583-4386	4386	*vessel	vessel		
Zalizniak-2024-4583-4387	4387	vigilant	vigilant		
Zalizniak-2024-4583-4388	4388	vigorous	vigorous		
Zalizniak-2024-4583-4389	4389	village	village	930	VILLAGE
Zalizniak-2024-4583-4390	4390	vinegar	vinegar	985	VINEGAR
Zalizniak-2024-4583-4391	4391	vineyard	vineyard		
Zalizniak-2024-4583-4392	4392	violence	violence	2976	VIOLENCE
Zalizniak-2024-4583-4393	4393	violent	violent		
Zalizniak-2024-4583-4394	4394	*violet, purple	violet, purple		
Zalizniak-2024-4583-4395	4395	violine	violine		
Zalizniak-2024-4583-4396	4396	Vipera latastei	Vipera latastei		
Zalizniak-2024-4583-4397	4397	virgin	virgin	2298	VIRGIN
Zalizniak-2024-4583-4398	4398	Virgo	Virgo		
Zalizniak-2024-4583-4399	4399	visible	visible	1868	VISIBLE
Zalizniak-2024-4583-4400	4400	vision	vision	2519	SEEING (VISUAL SENSE)
Zalizniak-2024-4583-4401	4401	vocation	vocation		
Zalizniak-2024-4583-4402	4402	voice	voice	1363	VOICE
Zalizniak-2024-4583-4403	4403	volcanic crater	volcanic crater		
Zalizniak-2024-4583-4404	4404	volume (of books)	volume (of books)		
Zalizniak-2024-4583-4405	4405	vote	vote		
Zalizniak-2024-4583-4406	4406	vulgar	vulgar	1080	VULGAR
Zalizniak-2024-4583-4407	4407	*vulgar	vulgar		
Zalizniak-2024-4583-4408	4408	vulgar, common	vulgar, common		
Zalizniak-2024-4583-4409	4409	vulture	vulture	1185	VULTURE
Zalizniak-2024-4583-4410	4410	weapon	&lt;weapon&gt;	951	WEAPONS
Zalizniak-2024-4583-4411	4411	woman	&lt;woman&gt;	962	WOMAN
Zalizniak-2024-4583-4412	4412	wooden object	&lt;wooden object&gt;		
Zalizniak-2024-4583-4413	4413	wagtail (Motacilla)	wagtail (Motacilla)	3010	WAGTAIL
Zalizniak-2024-4583-4414	4414	waist	waist	1681	WAIST
Zalizniak-2024-4583-4415	4415	wall	wall	933	WALL (OF HOUSE)
Zalizniak-2024-4583-4416	4416	wampum	wampum		
Zalizniak-2024-4583-4417	4417	war	war	935	WAR
Zalizniak-2024-4583-4418	4418	*war	war		
Zalizniak-2024-4583-4419	4419	warm	warm	1232	WARM
Zalizniak-2024-4583-4420	4420	warp	warp		
Zalizniak-2024-4583-4421	4421	warrior	warrior	3608	WARRIOR
Zalizniak-2024-4583-4422	4422	wart	wart	2665	WART
Zalizniak-2024-4583-4423	4423	wasp	wasp	1517	WASP
Zalizniak-2024-4583-4424	4424	watch, clock	watch, clock	1323	CLOCK
Zalizniak-2024-4583-4425	4425	water	water	948	WATER
Zalizniak-2024-4583-4426	4426	water beetle	water beetle		
Zalizniak-2024-4583-4427	4427	water jet	water jet		
Zalizniak-2024-4583-4428	4428	water nymph	water nymph		
Zalizniak-2024-4583-4429	4429	water rail	water rail		
Zalizniak-2024-4583-4430	4430	water vole	water vole		
Zalizniak-2024-4583-4431	4431	water with honey	water with honey		
Zalizniak-2024-4583-4432	4432	water-melon (Cucurbita citrullus)	water-melon (Cucurbita citrullus)	2766	WATERMELON
Zalizniak-2024-4583-4433	4433	*waterfall	waterfall		
Zalizniak-2024-4583-4434	4434	watering place (for animals)	watering place (for animals)		
Zalizniak-2024-4583-4435	4435	wave	wave	978	WAVE
Zalizniak-2024-4583-4436	4436	wax	wax	1931	BEESWAX
Zalizniak-2024-4583-4437	4437	weak	weak	1601	WEAK
Zalizniak-2024-4583-4438	4438	weak point	weak point		
Zalizniak-2024-4583-4439	4439	weakness	weakness		
Zalizniak-2024-4583-4440	4440	wealth	wealth	2996	WEALTH
Zalizniak-2024-4583-4441	4441	*weapon	weapon		
Zalizniak-2024-4583-4442	4442	weasel (Mustella nivalis)	weasel (Mustella nivalis)	3384	WEASEL
Zalizniak-2024-4583-4443	4443	weather	weather	952	WEATHER
Zalizniak-2024-4583-4444	4444	website	website		
Zalizniak-2024-4583-4445	4445	*website	website		
Zalizniak-2024-4583-4446	4446	wedding	wedding	1259	WEDDING
Zalizniak-2024-4583-4447	4447	wedge	wedge		
Zalizniak-2024-4583-4448	4448	Wednesday	Wednesday	1694	WEDNESDAY
Zalizniak-2024-4583-4449	4449	weed	weed	3288	WEED
Zalizniak-2024-4583-4450	4450	week	week	1469	WEEK
Zalizniak-2024-4583-4451	4451	weft, woof	weft, woof		
Zalizniak-2024-4583-4452	4452	well sweep	well sweep		
Zalizniak-2024-4583-4453	4453	well-being	well-being		
Zalizniak-2024-4583-4454	4454	West	West	1817	WEST
Zalizniak-2024-4583-4455	4455	western capercaillie (Tetrao urogallus)	western capercaillie (Tetrao urogallus)		
Zalizniak-2024-4583-4456	4456	western swamphen	western swamphen		
Zalizniak-2024-4583-4457	4457	Westerner	Westerner		
Zalizniak-2024-4583-4458	4458	wet	wet	1726	WET
Zalizniak-2024-4583-4459	4459	wet-nurse	wet-nurse		
Zalizniak-2024-4583-4460	4460	whale	whale	957	WHALE
Zalizniak-2024-4583-4461	4461	what?	what?	1236	WHAT
Zalizniak-2024-4583-4462	4462	wheat	wheat	1077	WHEAT
Zalizniak-2024-4583-4463	4463	wheel	wheel	710	WHEEL
Zalizniak-2024-4583-4464	4464	wheeze	wheeze		
Zalizniak-2024-4583-4465	4465	when	when	1238	WHEN
Zalizniak-2024-4583-4466	4466	whip	whip	2630	WHIP
Zalizniak-2024-4583-4467	4467	whirlpool	whirlpool	1982	WHIRLPOOL
Zalizniak-2024-4583-4468	4468	*whirlpool	whirlpool		
Zalizniak-2024-4583-4469	4469	whirlwind	whirlwind	3740	WHIRLWIND
Zalizniak-2024-4583-4470	4470	*whisper	whisper		
Zalizniak-2024-4583-4471	4471	white	white	1335	WHITE
Zalizniak-2024-4583-4472	4472	white (politics)	white (politics)		
Zalizniak-2024-4583-4473	4473	white caps (on sea waves)	white caps (on sea waves)		
Zalizniak-2024-4583-4474	4474	white of an eye, sclera	white of an eye, sclera		
Zalizniak-2024-4583-4475	4475	white-eye bream	white-eye bream		
Zalizniak-2024-4583-4476	4476	whore	whore	1610	PROSTITUTE
Zalizniak-2024-4583-4477	4477	wick	wick		
Zalizniak-2024-4583-4478	4478	wickerwork	wickerwork		
Zalizniak-2024-4583-4479	4479	wide, broad	wide, broad	2652	BROAD OR WIDE
Zalizniak-2024-4583-4480	4480	widow	widow	1756	WIDOW
Zalizniak-2024-4583-4481	4481	width	width		
Zalizniak-2024-4583-4482	4482	wife	wife	1199	WIFE
Zalizniak-2024-4583-4483	4483	wife's brother	wife&#39;s brother	2380	BROTHER-IN-LAW (OF MAN)
Zalizniak-2024-4583-4484	4484	wife's father	wife&#39;s father	2255	FATHER-IN-LAW (OF MAN)
Zalizniak-2024-4583-4485	4485	*wild (of a person)	wild (of a person)		
Zalizniak-2024-4583-4486	4486	wild beast	wild beast		
Zalizniak-2024-4583-4487	4487	wild boar	wild boar	3154	WILD BOAR
Zalizniak-2024-4583-4488	4488	wild rosemary	wild rosemary		
Zalizniak-2024-4583-4489	4489	wild sow	wild sow		
Zalizniak-2024-4583-4490	4490	wild strawberry	wild strawberry		
Zalizniak-2024-4583-4491	4491	wild, untamed	wild, untamed	2230	UNTAMED OR WILD
Zalizniak-2024-4583-4492	4492	*will	will		
Zalizniak-2024-4583-4493	4493	will (legal document)	will (legal document)		
Zalizniak-2024-4583-4494	4494	willow	willow	818	WILLOW
Zalizniak-2024-4583-4495	4495	willow ptarmigan	willow ptarmigan		
Zalizniak-2024-4583-4496	4496	willowherb	willowherb		
Zalizniak-2024-4583-4497	4497	wind	wind	960	WIND
Zalizniak-2024-4583-4498	4498	window	window	1375	WINDOW
Zalizniak-2024-4583-4499	4499	windowsill	windowsill		
Zalizniak-2024-4583-4500	4500	wine	wine	1524	WINE
Zalizniak-2024-4583-4501	4501	wing	wing	1257	WING
Zalizniak-2024-4583-4502	4502	winnowing fan	winnowing fan	2051	DUSTPAN
Zalizniak-2024-4583-4503	4503	winter	winter	1471	WINTER
Zalizniak-2024-4583-4504	4504	winter solstice	winter solstice		
Zalizniak-2024-4583-4505	4505	wire (n.)	wire (n.)	2631	WIRE
Zalizniak-2024-4583-4506	4506	wise	wise	698	WISE
Zalizniak-2024-4583-4507	4507	wishbone, merrythought	wishbone, merrythought		
Zalizniak-2024-4583-4508	4508	*wit, smart	wit, smart		
Zalizniak-2024-4583-4509	4509	witch, sorceress	witch, sorceress		
Zalizniak-2024-4583-4510	4510	*witchcraft, sorcery	witchcraft, sorcery		
Zalizniak-2024-4583-4511	4511	with exception of	with exception of		
Zalizniak-2024-4583-4512	4512	witness	witness	1144	WITNESS
Zalizniak-2024-4583-4513	4513	witty	witty		
Zalizniak-2024-4583-4514	4514	wizard, magician	wizard, magician	823	SORCERER
Zalizniak-2024-4583-4515	4515	woad (Isatis tinctoria)	woad (Isatis tinctoria)		
Zalizniak-2024-4583-4516	4516	wolf	wolf	522	WOLF
Zalizniak-2024-4583-4517	4517	wolverine	wolverine		
Zalizniak-2024-4583-4518	4518	*woman	woman		
Zalizniak-2024-4583-4519	4519	womb	womb	804	WOMB
Zalizniak-2024-4583-4520	4520	wombat	wombat	2841	WOMBAT
Zalizniak-2024-4583-4521	4521	wood shavings	wood shavings		
Zalizniak-2024-4583-4522	4522	wood small-reed	wood small-reed		
Zalizniak-2024-4583-4523	4523	wood, timber	wood, timber	1803	WOOD
Zalizniak-2024-4583-4524	4524	wood-louse	wood-louse		
Zalizniak-2024-4583-4525	4525	*wooden object	wooden object		
Zalizniak-2024-4583-4526	4526	woodland spirit	woodland spirit		
Zalizniak-2024-4583-4527	4527	woodpecker	woodpecker	2447	WOODPECKER
Zalizniak-2024-4583-4528	4528	wool	wool	964	WOOL
Zalizniak-2024-4583-4529	4529	word	word	1599	WORD
Zalizniak-2024-4583-4530	4530	work (n.)	work (n.)	984	WORK (LABOUR)
Zalizniak-2024-4583-4531	4531	world	world	965	WORLD
Zalizniak-2024-4583-4532	4532	worm	worm	1219	WORM
Zalizniak-2024-4583-4533	4533	wormwood	wormwood		
Zalizniak-2024-4583-4534	4534	wound (n.)	wound (n.)	1109	WOUND
Zalizniak-2024-4583-4535	4535	wrist	wrist	799	WRIST
Zalizniak-2024-4583-4536	4536	*wrong	wrong		
Zalizniak-2024-4583-4537	4537	Xenopeltis unicolor	Xenopeltis unicolor		
Zalizniak-2024-4583-4538	4538	young animal	&lt;young animal&gt;	3254	YOUNG ANIMAL
Zalizniak-2024-4583-4539	4539	*young plant	&lt;young plant&gt;		
Zalizniak-2024-4583-4540	4540	yam	yam	410	YAM
Zalizniak-2024-4583-4541	4541	yard, courtyard	yard, courtyard	736	YARD
Zalizniak-2024-4583-4542	4542	yarrow	yarrow		
Zalizniak-2024-4583-4543	4543	year	year	1226	YEAR
Zalizniak-2024-4583-4544	4544	yellow	yellow	1424	YELLOW
Zalizniak-2024-4583-4545	4545	*yellow	yellow		
Zalizniak-2024-4583-4546	4546	yellow-hammer	yellow-hammer		
Zalizniak-2024-4583-4547	4547	yes	yes	1268	YES
Zalizniak-2024-4583-4548	4548	yesterday	yesterday	1174	YESTERDAY
Zalizniak-2024-4583-4549	4549	*Yeti (mythical animal)	Yeti (mythical animal)		
Zalizniak-2024-4583-4550	4550	yew	yew		
Zalizniak-2024-4583-4551	4551	yoke	yoke	14	YOKE
Zalizniak-2024-4583-4552	4552	yoke (figuratively)	yoke (figuratively)		
Zalizniak-2024-4583-4553	4553	yolk	yolk	1556	YOLK
Zalizniak-2024-4583-4554	4554	you (pronoun 2 sg., polite)	you (pronoun 2 sg., polite)	2844	YOU (FORMAL ADDRESS)
Zalizniak-2024-4583-4555	4555	young	young	1207	YOUNG
Zalizniak-2024-4583-4556	4556	*young animal	young animal		
Zalizniak-2024-4583-4557	4557	young growth	young growth		
Zalizniak-2024-4583-4558	4558	young people	young people		
Zalizniak-2024-4583-4559	4559	young person	young person		
Zalizniak-2024-4583-4560	4560	younger	younger		
Zalizniak-2024-4583-4561	4561	younger brother	younger brother	1760	YOUNGER BROTHER
Zalizniak-2024-4583-4562	4562	younger sibling	younger sibling	427	YOUNGER SIBLING
Zalizniak-2024-4583-4563	4563	younger sister	younger sister	1761	YOUNGER SISTER
Zalizniak-2024-4583-4564	4564	youth	youth		
Zalizniak-2024-4583-4565	4565	yurt	yurt		
Zalizniak-2024-4583-4566	4566	zebra	zebra	3675	ZEBRA
Zalizniak-2024-4583-4567	4567	zenith	zenith		
Zalizniak-2024-4583-4568	4568	zero	zero	1294	ZERO
Zalizniak-2024-4583-4569	4569	zinc	zinc		
Zalizniak-2024-4583-4570	4570	*to have	ZQto have		
Zalizniak-2024-4583-4571	4571	*to open one's mouth	ZQto open one&#39;s mouth		
Zalizniak-2024-4583-4572	4572	*to purr (about cat)	ZQto purr (about cat)		
Zalizniak-2024-4583-4573	4573	*zeal	ZQzeal		
Zalizniak-2024-4583-4574	4574	*бук	ZQбук		
Zalizniak-2024-4583-4575	4575	*дуб	ZQдуб		
Zalizniak-2024-4583-4576	4576	*засада	ZQзасада		
Zalizniak-2024-4583-4577	4577	*ива	ZQива		
Zalizniak-2024-4583-4578	4578	*корзина	ZQкорзина		
Zalizniak-2024-4583-4579	4579	*сосна	ZQсосна		
Zalizniak-2024-4583-4580	4580	24 hours	24 hours	1260	DAY (24 HOURS)
Zalizniak-2024-4583-4581	4581	*east	east		
Zalizniak-2024-4583-4582	4582	*—	—		
Zalizniak-2024-4583-4583	4583	100 units of currency	100 units of currency		